cell_id,cluster,n_genes,pct_mito,LST1_expr,LST1_detected,FCER1G_expr,FCER1G_detected,FCGR3A_expr,FCGR3A_detected,COTL1_expr,COTL1_detected,AIF1_expr,AIF1_detected,IFITM2_expr,IFITM2_detected,IFITM3_expr,IFITM3_detected,FTH1_expr,FTH1_detected,SAT1_expr,SAT1_detected,SERPINA1_expr,SERPINA1_detected,FTL_expr,FTL_detected,PSAP_expr,PSAP_detected,CTSS_expr,CTSS_detected,S100A11_expr,S100A11_detected,OAZ1_expr,OAZ1_detected,RP11-290F20.3_expr,RP11-290F20.3_detected,CD68_expr,CD68_detected,S100A4_expr,S100A4_detected,TIMP1_expr,TIMP1_detected,CST3_expr,CST3_detected
AAACATACAACCAC-1,0,781,3.0152829,0.0,0,0.0,0,0.0,0,2.2265546,1,0.0,0,1.6358733,1,0.0,0,2.2265546,1,1.6358733,1,0.0,0,3.9240954,1,0.0,0,0.0,0,0.0,0,3.0759149,1,0.0,0,0.0,0,2.5953906,1,0.0,0,0.0,0
AAACATTGAGCTAC-1,3,1352,3.7935958,0.0,0,0.0,0,0.0,0,2.2146573,1,1.1117153,1,1.625141,1,0.0,0,3.5743842,1,2.5830467,1,0.0,0,3.0631888,1,0.0,0,2.2146573,1,0.0,0,2.963008,1,0.0,0,0.0,0,0.0,0,0.0,0,1.1117153,1
AAACATTGATCAGC-1,0,1131,0.8891712,0.0,0,0.0,0,0.0,0,2.3545027,1,0.0,0,1.429744,1,0.0,0,3.5822382,1,1.429744,1,0.0,0,3.2741604,1,1.9954156,1,1.429744,1,1.429744,1,2.6181633,1,0.0,0,0.0,0,2.826612,1,0.0,0,1.429744,1
AAACCGTGCTTCCG-1,1,960,1.7430845,2.9930573,1,3.3151019,1,1.5663872,1,3.3151019,1,4.0576754,1,3.3151019,1,2.7823691,1,5.919842,1,4.0576754,1,0.0,0,5.6922717,1,3.166988,1,2.5151079,1,3.3151019,1,3.917231,1,1.5663872,1,2.5151079,1,4.121133,1,2.7823691,1,4.4351516,1
AAACCGTGTATGCG-1,2,522,1.2232417,0.0,0,2.4162781,1,0.0,0,0.0,0,0.0,0,0.0,0,0.0,0,3.4535446,1,0.0,0,0.0,0,5.2185893,1,0.0,0,0.0,0,0.0,0,3.0637722,1,0.0,0,0.0,0,3.951636,1,0.0,0,0.0,0
AAACGCACTGGTAC-1,0,782,1.6635859,0.0,0,0.0,0,0.0,0,0.0,0,0.0,0,1.7269025,1,0.0,0,2.6993206,1,2.3269281,1,0.0,0,3.948457,1,0.0,0,1.7269025,1,2.3269281,1,2.3269281,1,0.0,0,0.0,0,3.7520628,1,0.0,0,0.0,0
AAACGCTGACCAGT-1,2,783,3.8143382,0.0,0,0.0,0,0.0,0,0.0,0,0.0,0,2.3219368,1,0.0,0,2.6941612,1,0.0,0,0.0,0,3.1775749,1,0.0,0,0.0,0,1.722356,1,2.964799,1,0.0,0,0.0,0,2.3219368,1,0.0,0,0.0,0
AAACGCTGGTTCTT-1,0,790,3.097345,0.0,0,0.0,0,0.0,0,0.0,0,0.0,0,1.6909771,1,0.0,0,1.6909771,1,1.6909771,1,1.6909771,1,3.1408665,1,2.2874265,1,0.0,0,0.0,0,2.6584632,1,0.0,0,0.0,0,2.9284763,1,0.0,0,0.0,0
AAACGCTGTAGCCA-1,2,533,1.1755486,0.0,0,0.0,0,0.0,0,0.0,0,0.0,0,2.8145864,1,0.0,0,4.0235996,1,0.0,0,0.0,0,0.0,0,0.0,0,0.0,0,0.0,0,2.1796417,1,0.0,0,0.0,0,3.199873,1,0.0,0,0.0,0
AAACGCTGTTTCTG-1,4,550,2.9011786,4.413957,1,3.8358095,1,2.3091817,1,2.3091817,1,3.8358095,1,4.297686,1,2.3091817,1,6.1385374,1,5.2057834,1,2.3091817,1,5.991245,1,3.6180475,1,2.3091817,1,3.6180475,1,3.3392706,1,0.0,0,2.3091817,1,3.8358095,1,2.9513814,1,4.297686,1
AAACTTGAAAAACG-1,3,1116,2.6288922,1.8099042,1,0.0,0,0.0,0,2.4176733,1,0.0,0,1.8099042,1,0.0,0,3.532638,1,2.7929785,1,0.0,0,2.4176733,1,0.0,0,2.1592681,1,1.2683356,1,3.2790036,1,0.0,0,0.0,0,1.2683356,1,0.0,0,0.0,0
AAACTTGATCCAGA-1,0,751,1.0869565,0.0,0,0.0,0,0.0,0,1.646272,1,0.0,0,2.6073318,1,0.0,0,3.4115844,1,0.0,0,0.0,0,2.876409,1,0.0,0,0.0,0,0.0,0,1.646272,1,0.0,0,0.0,0,1.646272,1,1.646272,1,0.0,0
AAAGAGACGAGATA-1,0,866,1.0779436,1.638876,1,0.0,0,0.0,0,0.0,0,0.0,0,2.2298806,1,0.0,0,3.7493577,1,0.0,0,0.0,0,3.6466084,1,1.638876,1,0.0,0,2.2298806,1,3.5320802,1,0.0,0,0.0,0,3.4027176,1,1.638876,1,0.0,0
AAAGAGACGCGAGA-1,1,1059,1.4172709,3.1813593,1,2.0273757,1,0.0,0,4.937898,1,2.0273757,1,1.4579324,1,3.0341063,1,5.0064125,1,3.8535233,1,4.6682024,1,5.150092,1,2.652415,1,3.1813593,1,2.8613622,1,3.309686,1,1.4579324,1,2.387955,1,4.5000405,1,1.4579324,1,3.781045,1
AAAGAGACGGACTT-1,2,458,2.34375,0.0,0,0.0,0,0.0,0,0.0,0,0.0,0,0.0,0,0.0,0,2.911056,1,0.0,0,0.0,0,3.2982152,1,0.0,0,0.0,0,0.0,0,2.270898,1,0.0,0,0.0,0,2.270898,1,0.0,0,0.0,0
AAAGAGACGGCATT-1,0,335,2.39899,0.0,0,0.0,0,0.0,0,0.0,0,0.0,0,3.6604488,1,0.0,0,4.1609325,1,0.0,0,0.0,0,3.2677622,1,0.0,0,0.0,0,0.0,0,3.2677622,1,0.0,0,0.0,0,0.0,0,0.0,0,0.0,0
AAAGATCTGGGCAA-1,1,552,5.934718,2.7630312,1,0.0,0,0.0,0,2.7630312,1,3.42412,1,0.0,0,0.0,0,5.188356,1,3.1472387,1,0.0,0,6.0144844,1,3.1472387,1,0.0,0,2.7630312,1,3.42412,1,0.0,0,0.0,0,3.6407266,1,2.7630312,1,3.8186665,1
AAAGCAGAAGCCAT-1,2,567,5.094991,0.0,0,0.0,0,0.0,0,0.0,0,0.0,0,0.0,0,0.0,0,2.9053237,1,2.2654624,1,0.0,0,3.2923768,1,0.0,0,2.2654624,1,2.2654624,1,3.2923768,1,0.0,0,0.0,0,3.2923768,1,0.0,0,0.0,0
AAAGCAGATATCGG-1,1,1424,1.3955517,3.3796165,1,3.0269163,1,2.0208192,1,3.639834,1,3.1274185,1,2.915173,1,2.6453946,1,5.3897567,1,3.6955326,1,1.679524,1,5.7390633,1,3.0269163,1,3.2187362,1,3.5181656,1,4.196375,1,2.4771688,1,2.2748032,1,4.092685,1,2.6453946,1,4.3483734,1
AAAGCCTGTATGCG-1,0,1014,1.7070674,0.0,0,2.0580392,1,0.0,0,1.4850758,1,0.0,0,2.6852047,1,0.0,0,3.3436532,1,0.0,0,0.0,0,3.4575055,1,0.0,0,0.0,0,0.0,0,1.4850758,1,0.0,0,0.0,0,3.7372792,1,2.0580392,1,0.0,0
AAAGGCCTGTCTAG-1,3,1446,1.5279453,0.0,0,0.0,0,0.0,0,1.1022253,1,0.0,0,1.950553,1,0.0,0,3.04968,1,0.0,0,1.1022253,1,3.5606084,1,0.0,0,1.1022253,1,1.1022253,1,2.202039,1,0.0,0,0.0,0,3.2240744,1,0.0,0,0.0,0
AAAGTTTGATCACG-1,3,446,3.464567,0.0,0,0.0,0,0.0,0,0.0,0,0.0,0,0.0,0,0.0,0,3.4826465,1,0.0,0,0.0,0,4.0290065,1,0.0,0,0.0,0,0.0,0,3.699626,1,0.0,0,0.0,0,0.0,0,0.0,0,0.0,0
AAAGTTTGGGGTGA-1,3,1020,2.5867314,0.0,0,0.0,0,0.0,0,2.3168385,1,0.0,0,2.3168385,1,0.0,0,3.3474681,1,1.3981862,1,0.0,0,3.106153,1,1.3981862,1,1.9594893,1,0.0,0,2.3168385,1,0.0,0,0.0,0,0.0,0,0.0,0,1.3981862,1
AAAGTTTGTAGAGA-1,0,417,1.5426497,0.0,0,0.0,0,0.0,0,2.3099985,1,0.0,0,0.0,0,0.0,0,3.3401453,1,2.3099985,1,0.0,0,3.8366969,1,0.0,0,2.3099985,1,0.0,0,2.952241,1,0.0,0,0.0,0,0.0,0,0.0,0,0.0,0
AAAGTTTGTAGCGT-1,1,878,2.4962742,2.1346803,1,2.1346803,1,0.0,0,2.9773571,1,3.299172,1,1.553327,1,0.0,0,4.84987,1,2.7668653,1,1.553327,1,6.0454087,1,1.553327,1,2.4999197,1,2.9773571,1,3.644711,1,1.553327,1,2.1346803,1,4.104868,1,0.0,0,3.299172,1
AAATCAACAATGCC-1,3,789,1.1632917,0.0,0,0.0,0,0.0,0,1.6700068,1,0.0,0,0.0,0,0.0,0,3.5694659,1,0.0,0,0.0,0,3.880207,1,1.6700068,1,1.6700068,1,0.0,0,1.6700068,1,0.0,0,0.0,0,2.634519,1,0.0,0,0.0,0
AAATCAACACCAGT-1,0,510,1.980198,0.0,0,2.0896583,1,0.0,0,2.0896583,1,0.0,0,0.0,0,0.0,0,3.1021829,1,0.0,0,0.0,0,3.1021829,1,0.0,0,2.0896583,1,0.0,0,0.0,0,0.0,0,0.0,0,0.0,0,0.0,0,0.0,0
AAATCAACCAGGAG-1,0,824,2.2491968,0.0,0,0.0,0,0.0,0,1.5198257,1,0.0,0,0.0,0,0.0,0,2.097141,1,0.0,0,0.0,0,3.2580965,1,1.5198257,1,0.0,0,0.0,0,2.097141,1,0.0,0,0.0,0,2.097141,1,0.0,0,0.0,0
AAATCAACCCTATT-1,4,1545,2.4295776,3.174023,1,3.174023,1,2.0853262,1,3.2451382,1,2.924131,1,2.4484868,1,1.0158842,1,4.891366,1,3.0974605,1,1.8382314,1,5.6635647,1,1.8382314,1,2.5902143,1,2.2833023,1,3.8076642,1,1.0158842,1,1.8382314,1,3.31153,1,2.4484868,1,4.5657787,1
AAATCAACGGAAGC-1,0,996,1.7564065,0.0,0,0.0,0,1.3556689,1,1.3556689,1,0.0,0,0.0,0,0.0,0,2.5271213,1,0.0,0,0.0,0,4.729994,1,0.0,0,1.9108322,1,0.0,0,2.734158,1,0.0,0,0.0,0,0.0,0,0.0,0,0.0,0
AAATCAACTCGCAA-1,0,937,1.8492177,0.0,0,0.0,0,0.0,0,0.0,0,0.0,0,3.3830206,1,0.0,0,3.1065898,1,2.9331791,1,0.0,0,2.723255,1,0.0,0,2.0937026,1,1.5167639,1,3.1065898,1,0.0,0,0.0,0,2.4572234,1,0.0,0,0.0,0
AAATCATGACCACA-1,4,1368,4.5784883,4.2996554,1,3.4810016,1,4.038075,1,3.9009542,1,3.5529087,1,3.0145464,1,2.8880002,1,5.3085938,1,3.6199903,1,3.1268625,1,5.378056,1,3.0145464,1,3.2278278,1,2.5735586,1,4.0799,1,2.3693016,1,2.743088,1,3.948781,1,2.1123252,1,2.3693016,1
AAATCCCTCCACAA-1,0,428,1.9874477,0.0,0,0.0,0,0.0,0,0.0,0,0.0,0,2.4398398,1,0.0,0,3.7585177,1,0.0,0,0.0,0,3.7585177,1,0.0,0,0.0,0,0.0,0,0.0,0,0.0,0,0.0,0,2.4398398,1,0.0,0,0.0,0
AAATCCCTGCTATG-1,3,406,1.703163,0.0,0,0.0,0,0.0,0,0.0,0,0.0,0,0.0,0,0.0,0,3.232025,1,0.0,0,0.0,0,3.6242435,1,0.0,0,0.0,0,2.577596,1,3.232025,1,0.0,0,0.0,0,0.0,0,0.0,0,0.0,0
AAATGTTGAACGAA-1,1,1020,1.9308627,2.3371432,1,1.415175,1,0.0,0,2.3371432,1,2.808561,1,1.415175,1,1.9788493,1,5.2198973,1,2.808561,1,1.415175,1,5.3756824,1,2.9807832,1,3.8661487,1,2.3371432,1,3.726264,1,0.0,0,1.415175,1,3.9293778,1,1.415175,1,3.8661487,1
AAATGTTGCCACAA-1,0,786,0.62464505,0.0,0,0.0,0,0.0,0,2.8928938,1,0.0,0,1.8993901,1,0.0,0,3.166625,1,2.5147595,1,0.0,0,3.5579422,1,0.0,0,1.8993901,1,0.0,0,2.5147595,1,0.0,0,0.0,0,3.7080135,1,0.0,0,1.8993901,1
AAATGTTGTGGCAT-1,1,1019,1.9182049,2.9501793,1,3.123741,1,0.0,0,4.82144,1,3.2715871,1,1.5308007,1,3.2715871,1,5.8949194,1,2.7400336,1,0.0,0,5.697073,1,2.7400336,1,3.2715871,1,2.7400336,1,4.1925864,1,1.5308007,1,1.5308007,1,4.013282,1,1.5308007,1,4.5168514,1
AAATTCGAAGGTTC-1,0,750,2.225465,1.5367887,1,0.0,0,0.0,0,2.1161675,1,0.0,0,1.5367887,1,0.0,0,2.9574163,1,0.0,0,0.0,0,2.4806397,1,0.0,0,1.5367887,1,0.0,0,1.5367887,1,0.0,0,0.0,0,3.1310413,1,2.4806397,1,0.0,0
AAATTCGAATCACG-1,1,822,1.986755,3.0193505,1,2.8083415,1,0.0,0,3.1935,1,1.5883365,1,0.0,0,2.8083415,1,5.079661,1,3.4708722,1,1.5883365,1,6.467347,1,1.5883365,1,2.8083415,1,1.5883365,1,3.9443502,1,0.0,0,2.5405617,1,4.017074,1,0.0,0,4.977679,1
AAATTCGAGCTGAT-1,4,982,2.1878154,3.444041,1,3.6388884,1,2.6722536,1,4.005335,1,4.4450417,1,3.6388884,1,3.7237072,1,5.771357,1,3.8018909,1,2.0459204,1,6.106939,1,2.4073424,1,3.5462027,1,3.8744025,1,4.005335,1,1.4743366,1,1.4743366,1,4.483811,1,2.4073424,1,3.8744025,1
AAATTCGAGGAGTG-1,0,876,2.4823885,0.0,0,0.0,0,0.0,0,1.4720037,1,2.0432854,1,1.4720037,1,0.0,0,2.8786247,1,1.4720037,1,1.4720037,1,2.6694365,1,1.4720037,1,0.0,0,0.0,0,2.8786247,1,0.0,0,1.4720037,1,2.8786247,1,0.0,0,0.0,0
AAATTCGATTCTCA-1,2,930,1.4377601,0.0,0,2.7816586,1,2.1486049,1,1.5657879,1,0.0,0,2.5144114,1,3.66008,1,2.7816586,1,0.0,0,0.0,0,2.7816586,1,1.5657879,1,1.5657879,1,1.5657879,1,1.5657879,1,0.0,0,0.0,0,1.5657879,1,0.0,0,0.0,0
AAATTGACACGACT-1,2,838,2.1195421,0.0,0,0.0,0,0.0,0,1.656833,1,0.0,0,2.24975,1,1.656833,1,4.292178,1,0.0,0,0.0,0,2.888744,1,2.24975,1,1.656833,1,2.24975,1,2.888744,1,0.0,0,0.0,0,3.100696,1,0.0,0,0.0,0
AAATTGACTCGCTC-1,0,1014,1.4947245,0.0,0,0.0,0,0.0,0,1.3690697,1,1.3690697,1,1.9262004,1,0.0,0,3.0690682,1,3.8061152,1,0.0,0,3.3100035,1,0.0,0,1.3690697,1,2.2818797,1,3.0690682,1,0.0,0,0.0,0,4.1362143,1,0.0,0,1.3690697,1
AACAAACTCATTTC-1,0,732,1.422671,0.0,0,0.0,0,1.7212241,1,2.6928759,1,0.0,0,1.7212241,1,0.0,0,2.9634917,1,0.0,0,0.0,0,1.7212241,1,2.3206937,1,2.3206937,1,2.3206937,1,0.0,0,0.0,0,0.0,0,0.0,0,0.0,0,0.0,0
AACAAACTTTCGTT-1,0,877,1.7113096,0.0,0,0.0,0,0.0,0,2.1330388,1,0.0,0,0.0,0,0.0,0,4.162689,1,0.0,0,0.0,0,3.5404415,1,0.0,0,1.5518593,1,0.0,0,2.4982107,1,0.0,0,0.0,0,1.5518593,1,0.0,0,0.0,0
AACAATACGACGAG-1,0,782,2.9942966,0.0,0,0.0,0,0.0,0,0.0,0,0.0,0,0.0,0,0.0,0,3.5342693,1,0.0,0,0.0,0,3.2094016,1,0.0,0,1.7496957,1,0.0,0,2.7251403,1,0.0,0,0.0,0,1.7496957,1,0.0,0,0.0,0
AACACGTGCAGAGG-1,0,787,0.8883953,1.8807838,1,0.0,0,0.0,0,0.0,0,1.8807838,1,1.8807838,1,0.0,0,3.3601398,1,0.0,0,0.0,0,3.1456413,1,0.0,0,1.8807838,1,0.0,0,1.8807838,1,0.0,0,0.0,0,3.1456413,1,0.0,0,0.0,0
AACACGTGGAAAGT-1,0,791,1.0258359,0.0,0,0.0,0,0.0,0,2.518598,1,0.0,0,1.5693922,1,0.0,0,3.9209523,1,1.5693922,1,0.0,0,2.9966638,1,1.5693922,1,0.0,0,2.1526287,1,1.5693922,1,0.0,0,0.0,0,1.5693922,1,0.0,0,0.0,0
AACACGTGGAACCT-1,1,880,2.2368422,2.279514,1,2.9201388,1,0.0,0,3.700652,1,3.5859525,1,2.279514,1,3.3074648,1,5.4146957,1,3.5859525,1,1.6837964,1,5.715815,1,2.279514,1,2.279514,1,2.279514,1,3.8968203,1,0.0,0,3.1324384,1,4.4854774,1,0.0,0,4.1336217,1
AACACGTGGCTACA-1,0,801,2.4123633,0.0,0,0.0,0,0.0,0,0.0,0,2.1449342,1,0.0,0,0.0,0,3.3103669,1,0.0,0,0.0,0,3.1622815,1,0.0,0,0.0,0,0.0,0,1.5625013,1,0.0,0,0.0,0,1.5625013,1,0.0,0,0.0,0
AACACGTGTACGAC-1,4,1215,2.7443295,4.4433236,1,3.6223326,1,3.4601252,1,3.153387,1,3.6223326,1,4.0916743,1,3.0259383,1,5.760841,1,3.5445142,1,2.7086852,1,5.812418,1,3.2664137,1,3.7618647,1,3.0259383,1,3.4601252,1,1.3355023,1,1.8876468,1,4.37517,1,0.0,0,3.8842897,1
AACAGCACAAGAGT-1,1,343,2.467344,2.743088,1,3.4035203,1,0.0,0,3.7978382,1,3.4035203,1,0.0,0,3.7978382,1,6.2049336,1,3.7978382,1,0.0,0,6.6668086,1,2.743088,1,3.4035203,1,0.0,0,3.7978382,1,0.0,0,0.0,0,4.0799,1,0.0,0,3.7978382,1
AACATTGATGGGAG-1,4,1460,3.1614683,3.771699,1,3.3532314,1,2.8893454,1,3.6688921,1,3.6688921,1,3.276099,1,2.2503195,1,5.457439,1,3.101304,1,2.8893454,1,6.1484513,1,3.8193927,1,4.321403,1,3.101304,1,3.908455,1,1.9971565,1,1.9971565,1,4.263367,1,3.5542922,1,4.0287385,1
AACCAGTGATACCG-1,4,1250,2.785733,3.4735181,1,3.753418,1,3.1961188,1,3.1961188,1,3.971863,1,3.6904407,1,3.083438,1,5.9569163,1,3.5511727,1,2.4350743,1,5.7560716,1,2.6405444,1,3.4735181,1,3.2973788,1,4.019756,1,1.2820907,1,1.2820907,1,4.5233727,1,3.2973788,1,4.15104,1
AACCCAGATCGCTC-1,0,756,1.1096884,0.0,0,0.0,0,0.0,0,0.0,0,0.0,0,0.0,0,0.0,0,3.4299865,1,0.0,0,0.0,0,3.7768977,1,0.0,0,1.661657,1,0.0,0,2.255081,1,0.0,0,0.0,0,1.661657,1,0.0,0,0.0,0
AACCGATGCTCCCA-1,0,836,3.660131,0.0,0,0.0,0,0.0,0,0.0,0,0.0,0,0.0,0,0.0,0,3.1265845,1,1.6788144,1,0.0,0,3.301568,1,1.6788144,1,2.2740207,1,1.6788144,1,2.2740207,1,0.0,0,0.0,0,2.6445844,1,0.0,0,0.0,0
AACCGATGGTCATG-1,3,824,2.088872,0.0,0,0.0,0,0.0,0,2.1516209,1,0.0,0,0.0,0,0.0,0,3.3176615,1,1.5684892,1,0.0,0,3.1695323,1,1.5684892,1,1.5684892,1,1.5684892,1,2.5175493,1,0.0,0,1.5684892,1,0.0,0,0.0,0,0.0,0
AACCGATGTTCTAC-1,1,827,2.5696864,3.301568,1,2.6445844,1,0.0,0,2.9143484,1,3.580001,1,1.6788144,1,0.0,0,5.2840357,1,2.9143484,1,0.0,0,5.9292994,1,1.6788144,1,2.2740207,1,2.2740207,1,3.976131,1,0.0,0,2.6445844,1,3.580001,1,2.6445844,1,4.4287286,1
AACCGCCTAGCGTT-1,0,1238,1.6514304,0.0,0,0.0,0,0.0,0,0.0,0,0.0,0,3.0749578,1,0.0,0,3.59452,1,0.0,0,0.0,0,1.9314787,1,0.0,0,1.3736783,1,1.9314787,1,2.5493991,1,0.0,0,0.0,0,2.7567935,1,0.0,0,0.0,0
AACCGCCTCTACGA-1,1,1243,3.4767382,3.43544,1,2.9191906,1,0.0,0,3.43544,1,3.43544,1,2.1413908,1,0.0,0,5.128428,1,3.883034,1,2.6040797,1,5.5068264,1,2.39926,1,3.513002,1,2.6040797,1,3.883034,1,1.2538354,1,1.2538354,1,4.1525173,1,2.1413908,1,3.5849783,1
AACCTACTGTGAGG-1,1,1652,1.5825567,1.5084871,1,2.7133396,1,0.0,0,3.310512,1,2.4475217,1,0.0,0,1.8373431,1,6.604508,1,4.1914396,1,2.0844011,1,5.176118,1,3.0135417,1,2.4475217,1,3.1730106,1,3.372767,1,1.0152103,1,1.0152103,1,3.4313722,1,0.0,0,3.806631,1
AACCTACTGTGTTG-1,0,843,2.6542056,0.0,0,0.0,0,0.0,0,0.0,0,1.5556821,1,2.1373136,1,0.0,0,2.5026608,1,0.0,0,1.5556821,1,3.4309678,1,1.5556821,1,1.5556821,1,0.0,0,2.1373136,1,0.0,0,0.0,0,2.1373136,1,0.0,0,0.0,0
AACCTTACGAGACG-1,0,825,2.5261638,0.0,0,0.0,0,0.0,0,1.5279686,1,2.1062796,1,0.0,0,0.0,0,2.9467535,1,0.0,0,0.0,0,3.3968694,1,1.5279686,1,1.5279686,1,0.0,0,2.1062796,1,0.0,0,0.0,0,1.5279686,1,0.0,0,0.0,0
AACCTTACGCGAGA-1,2,656,4.727564,0.0,0,3.4996157,1,2.8362303,1,0.0,0,0.0,0,3.221953,1,0.0,0,2.2000742,1,2.2000742,1,0.0,0,3.4996157,1,0.0,0,0.0,0,2.2000742,1,2.2000742,1,0.0,0,0.0,0,2.8362303,1,0.0,0,0.0,0
AACCTTACTAACGC-1,4,776,1.6949153,3.8549225,1,4.1372967,1,1.8141905,1,3.4599895,1,3.2839344,1,2.7977886,1,3.2839344,1,5.956376,1,4.357242,1,0.0,0,6.3385444,1,3.2839344,1,1.8141905,1,3.0701172,1,4.9754295,1,1.8141905,1,1.8141905,1,4.4209795,1,3.2839344,1,3.4599895,1
AACCTTTGGACGGA-1,0,766,1.2993263,0.0,0,0.0,0,0.0,0,1.760777,1,0.0,0,0.0,0,0.0,0,3.3979166,1,0.0,0,0.0,0,3.2222612,1,0.0,0,1.760777,1,0.0,0,1.760777,1,0.0,0,0.0,0,3.0090346,1,0.0,0,0.0,0
AACCTTTGTACGCA-1,4,1465,1.9692708,3.7913947,1,4.7885327,1,2.6387324,1,3.8846517,1,3.7913947,1,3.120561,1,3.020092,1,5.459237,1,4.252901,1,2.90839,1,5.905467,1,3.2118511,1,3.120561,1,2.90839,1,3.7913947,1,1.6736921,1,2.6387324,1,4.396159,1,3.3726885,1,3.7412884,1
AACGCAACAAGTAG-1,0,790,1.5129331,0.0,0,0.0,0,0.0,0,1.772035,1,0.0,0,0.0,0,0.0,0,3.2353027,1,2.750371,1,0.0,0,1.772035,1,0.0,0,0.0,0,1.772035,1,2.750371,1,0.0,0,0.0,0,3.2353027,1,0.0,0,0.0,0
AACGCATGACCCAA-1,0,871,2.1958244,0.0,0,0.0,0,0.0,0,0.0,0,0.0,0,1.5271215,1,0.0,0,3.7050955,1,1.5271215,1,0.0,0,3.2670684,1,1.5271215,1,0.0,0,0.0,0,2.1053293,1,0.0,0,0.0,0,3.1192508,1,1.5271215,1,0.0,0
AACGCATGCCTTCG-1,0,803,2.6866713,0.0,0,0.0,0,0.0,0,0.0,0,2.0767338,1,0.0,0,0.0,0,3.3643076,1,0.0,0,0.0,0,2.914843,1,0.0,0,1.5016708,1,0.0,0,2.7051616,1,0.0,0,0.0,0,2.0767338,1,1.5016708,1,0.0,0
AACGCATGTACTTC-1,0,965,1.406518,0.0,0,0.0,0,0.0,0,1.4890511,1,0.0,0,2.4246843,1,1.4890511,1,3.46248,1,0.0,0,0.0,0,3.5647004,1,0.0,0,1.4890511,1,2.4246843,1,2.4246843,1,0.0,0,0.0,0,3.6574342,1,1.4890511,1,1.4890511,1
AACGCCCTCGGGAA-1,0,800,2.1973631,0.0,0,0.0,0,0.0,0,2.5642111,1,1.6087983,1,2.5642111,1,0.0,0,2.8324606,1,0.0,0,0.0,0,3.0437608,1,1.6087983,1,0.0,0,0.0,0,0.0,0,0.0,0,0.0,0,3.8058805,1,0.0,0,0.0,0
AACGCCCTCGTACA-1,2,876,1.4099216,0.0,0,3.085926,1,1.8280805,1,0.0,0,0.0,0,0.0,0,1.8280805,1,2.4374537,1,1.8280805,1,0.0,0,2.8133585,1,1.8280805,1,0.0,0,1.8280805,1,0.0,0,0.0,0,0.0,0,3.7559645,1,1.8280805,1,0.0,0
AACGCCCTGCTTAG-1,3,420,5.4003725,0.0,0,0.0,0,0.0,0,0.0,0,0.0,0,0.0,0,0.0,0,3.6448927,1,0.0,0,0.0,0,2.3340514,1,0.0,0,0.0,0,0.0,0,3.3658807,1,0.0,0,0.0,0,0.0,0,0.0,0,2.3340514,1
AACGCCCTGGCATT-1,0,690,2.773925,0.0,0,0.0,0,0.0,0,5.0782986,1,0.0,0,2.0712597,1,0.0,0,4.03386,1,2.0712597,1,0.0,0,3.574424,1,0.0,0,0.0,0,2.0712597,1,3.574424,1,0.0,0,0.0,0,3.574424,1,0.0,0,0.0,0
AACGTCGAGTATCG-1,2,988,2.0009308,0.0,0,2.97665,1,2.7058132,1,2.33321,1,0.0,0,2.33321,1,0.0,0,3.6439853,1,0.0,0,0.0,0,2.97665,1,0.0,0,0.0,0,1.7326274,1,2.7058132,1,0.0,0,0.0,0,3.5141823,1,2.97665,1,0.0,0
AACGTGTGAAAGCA-1,0,906,2.4468086,0.0,0,0.0,0,0.0,0,0.0,0,0.0,0,0.0,0,0.0,0,3.2512538,1,0.0,0,0.0,0,3.596243,1,0.0,0,0.0,0,0.0,0,2.7202685,1,0.0,0,0.0,0,1.5142696,1,0.0,0,0.0,0
AACGTGTGGCGGAA-1,3,741,2.0762916,0.0,0,0.0,0,0.0,0,2.3666706,1,0.0,0,1.7631744,1,0.0,0,3.8981102,1,0.0,0,1.7631744,1,3.991575,1,0.0,0,1.7631744,1,1.7631744,1,2.3666706,1,0.0,0,0.0,0,2.7403724,1,1.7631744,1,0.0,0
AACGTGTGTCCAAG-1,0,620,2.4624624,0.0,0,0.0,0,0.0,0,1.9467678,1,0.0,0,2.565873,1,0.0,0,3.6118915,1,0.0,0,0.0,0,1.9467678,1,0.0,0,0.0,0,0.0,0,1.9467678,1,0.0,0,0.0,0,2.565873,1,0.0,0,1.9467678,1
AACGTGTGTGCTTT-1,0,867,1.2415934,0.0,0,0.0,0,0.0,0,2.429391,1,0.0,0,0.0,0,0.0,0,3.2913795,1,1.8206681,1,0.0,0,3.4674811,1,0.0,0,0.0,0,2.429391,1,3.0774934,1,1.8206681,1,0.0,0,2.429391,1,0.0,0,0.0,0
AACTACCTTAGAGA-1,0,916,1.4951321,0.0,0,0.0,0,0.0,0,1.4995049,1,0.0,0,1.4995049,1,0.0,0,2.4369771,1,0.0,0,0.0,0,3.7554545,1,0.0,0,1.4995049,1,0.0,0,0.0,0,0.0,0,0.0,0,2.7025607,1,0.0,0,0.0,0
AACTCACTCAAGCT-1,1,969,3.1453776,3.0053785,1,3.0053785,1,0.0,0,2.1607385,1,3.327601,1,0.0,0,0.0,0,5.301393,1,2.794539,1,2.794539,1,5.73043,1,1.5766609,1,2.794539,1,2.794539,1,3.851535,1,0.0,0,1.5766609,1,3.5709105,1,2.1607385,1,3.851535,1
AACTCACTTGGAGG-1,1,803,1.5065913,2.3442135,1,0.0,0,0.0,0,4.2043266,1,2.7171822,1,1.7426629,1,0.0,0,4.650868,1,2.7171822,1,2.3442135,1,5.5055423,1,3.2012281,1,1.7426629,1,1.7426629,1,3.526,1,0.0,0,1.7426629,1,4.5057716,1,0.0,0,4.2723236,1
AACTCGGAAAGTGA-1,2,732,3.6413045,0.0,0,0.0,0,0.0,0,0.0,0,0.0,0,0.0,0,0.0,0,4.0136375,1,2.8509579,1,0.0,0,3.5147848,1,0.0,0,1.861718,1,0.0,0,2.4739776,1,0.0,0,0.0,0,3.3383965,1,0.0,0,0.0,0
AACTCGGAAGGTCT-1,1,555,2.4031007,3.4667294,1,3.1894,1,0.0,0,4.6969404,1,3.1894,1,2.8043237,1,0.0,0,5.5491242,1,4.4582634,1,2.1699622,1,5.5491242,1,3.8617337,1,2.8043237,1,3.8617337,1,3.4667294,1,0.0,0,0.0,0,3.8617337,1,0.0,0,3.8617337,1
AACTCTTGCAGGAG-1,0,790,0.9985735,0.0,0,2.352779,1,0.0,0,0.0,0,0.0,0,0.0,0,0.0,0,3.6650732,1,2.352779,1,0.0,0,3.5351925,1,0.0,0,0.0,0,1.7504815,1,2.997206,1,0.0,0,0.0,0,3.5351925,1,0.0,0,0.0,0
AACTGTCTCCCTTG-1,1,862,2.1879022,3.1133432,1,0.0,0,0.0,0,2.261602,1,2.261602,1,0.0,0,2.6317217,1,4.9314137,1,3.6811757,1,1.6675608,1,5.375099,1,2.9012516,1,2.9012516,1,3.2882285,1,3.7840137,1,0.0,0,1.6675608,1,3.4370337,1,1.6675608,1,3.6811757,1
AACTTGCTACGCTA-1,3,900,2.6541095,0.0,0,0.0,0,0.0,0,2.8976023,1,0.0,0,0.0,0,0.0,0,3.8734736,1,2.258143,1,0.0,0,3.9587512,1,0.0,0,2.258143,1,1.6644288,1,2.8976023,1,0.0,0,0.0,0,3.1096535,1,0.0,0,0.0,0
AACTTGCTGGGACA-1,0,674,2.199571,0.0,0,0.0,0,0.0,0,0.0,0,0.0,0,1.850784,1,0.0,0,3.5022137,1,0.0,0,0.0,0,2.4621167,1,0.0,0,1.850784,1,0.0,0,3.1117015,1,0.0,0,0.0,0,0.0,0,0.0,0,0.0,0
AAGAACGAGTGTTG-1,0,397,1.4102564,0.0,0,0.0,0,0.0,0,2.626154,1,0.0,0,0.0,0,0.0,0,0.0,0,0.0,0,0.0,0,3.956653,1,0.0,0,0.0,0,0.0,0,3.2824523,1,0.0,0,0.0,0,2.626154,1,0.0,0,0.0,0
AAGAAGACGTAGGG-1,3,663,2.0833335,0.0,0,0.0,0,2.074296,1,0.0,0,0.0,0,0.0,0,0.0,0,3.5778003,1,0.0,0,0.0,0,3.5778003,1,0.0,0,2.074296,1,0.0,0,2.7025607,1,0.0,0,0.0,0,2.074296,1,0.0,0,0.0,0
AAGACAGAAGTCTG-1,3,563,1.8666666,0.0,0,0.0,0,0.0,0,0.0,0,0.0,0,0.0,0,0.0,0,3.5988333,1,0.0,0,0.0,0,3.3202283,1,0.0,0,2.2914119,1,0.0,0,2.2914119,1,0.0,0,0.0,0,2.9326742,1,0.0,0,0.0,0
AAGACAGAGGATCT-1,0,786,1.2526999,0.0,0,0.0,0,0.0,0,0.0,0,0.0,0,1.6717592,1,0.0,0,3.4420402,1,0.0,0,0.0,0,3.6862183,1,1.6717592,1,0.0,0,0.0,0,1.6717592,1,0.0,0,0.0,0,1.6717592,1,0.0,0,0.0,0
AAGACAGATTACCT-1,1,859,2.468601,1.6735162,1,2.9081852,1,0.0,0,3.2952914,1,3.2952914,1,2.2681756,1,2.9081852,1,5.382401,1,2.9081852,1,0.0,0,5.596622,1,3.791183,1,3.444134,1,3.2952914,1,3.120354,1,1.6735162,1,1.6735162,1,4.5212283,1,2.2681756,1,3.688327,1
AAGAGATGGGTAGG-1,3,568,2.0802376,0.0,0,0.0,0,0.0,0,0.0,0,0.0,0,2.132383,1,0.0,0,3.9711332,1,2.132383,1,0.0,0,3.8201196,1,0.0,0,0.0,0,0.0,0,2.132383,1,0.0,0,0.0,0,0.0,0,0.0,0,0.0,0
AAGATGGAAAACAG-1,3,412,2.5056946,2.5168512,1,0.0,0,0.0,0,0.0,0,0.0,0,0.0,0,0.0,0,2.5168512,1,2.5168512,1,0.0,0,3.8407006,1,0.0,0,0.0,0,0.0,0,0.0,0,0.0,0,0.0,0,2.5168512,1,0.0,0,0.0,0
AAGATGGAGAACTC-1,1,1043,1.7003529,3.008424,1,3.397296,1,0.0,0,3.283687,1,2.835928,1,0.0,0,3.008424,1,6.0511947,1,3.155497,1,1.4372827,1,5.433094,1,2.6273441,1,2.6273441,1,2.835928,1,3.6765769,1,0.0,0,2.3634663,1,4.2252865,1,2.3634663,1,3.4993045,1
AAGATGGAGATAAG-1,1,1206,3.9274175,2.5983026,1,2.5983026,1,0.0,0,4.389769,1,3.2535405,1,2.1358862,1,1.7878121,1,4.9789004,1,3.6460428,1,0.0,0,5.918192,1,3.0400097,1,2.7681468,1,2.1358862,1,3.5789123,1,1.2493805,1,1.2493805,1,3.5069485,1,2.1358862,1,4.222164,1
AAGATTACAACCTG-1,0,702,1.6989145,0.0,0,0.0,0,0.0,0,1.7446094,1,0.0,0,1.7446094,1,0.0,0,2.7193854,1,0.0,0,0.0,0,3.3790197,1,0.0,0,0.0,0,0.0,0,1.7446094,1,0.0,0,0.0,0,0.0,0,0.0,0,0.0,0
AAGATTACAGATCC-1,1,1263,1.4760147,3.0308168,1,2.5893674,1,0.0,0,2.9041584,1,3.2442582,1,0.0,0,2.1273746,1,5.112626,1,3.336017,1,0.0,0,5.55018,1,2.5893674,1,2.7590988,1,2.7590988,1,3.2442582,1,0.0,0,1.7797773,1,4.3165283,1,1.7797773,1,4.3165283,1
AAGATTACCCGTTC-1,1,929,2.5696707,3.1233947,1,4.1922297,1,0.0,0,4.012926,1,4.13596,1,1.530517,1,0.0,0,5.4341393,1,3.1233947,1,1.530517,1,5.8538513,1,3.2712388,1,2.9498363,1,2.9498363,1,3.9452238,1,0.0,0,1.530517,1,4.904985,1,2.1091375,1,3.7093244,1
AAGATTACCGCCTT-1,5,1079,1.7629775,2.019118,1,2.3793163,1,0.0,0,3.0250502,1,2.6435726,1,1.450639,1,1.450639,1,5.081567,1,2.3793163,1,0.0,0,4.414566,1,1.450639,1,1.450639,1,2.3793163,1,2.8523927,1,1.450639,1,0.0,0,3.300519,1,0.0,0,4.1439433,1
AAGATTACCTCAAG-1,2,938,2.4561403,0.0,0,3.132858,1,3.586379,1,0.0,0,0.0,0,2.9205537,1,1.6841538,1,3.132858,1,2.2799077,1,0.0,0,3.8039677,1,0.0,0,2.2799077,1,0.0,0,1.6841538,1,0.0,0,0.0,0,3.7010798,1,0.0,0,0.0,0
AAGATTACTCCTCG-1,1,316,2.647975,4.1479692,1,0.0,0,0.0,0,3.4704947,1,2.8079755,1,0.0,0,0.0,0,5.3893847,1,0.0,0,2.8079755,1,5.9264774,1,2.8079755,1,2.8079755,1,0.0,0,3.4704947,1,0.0,0,2.8079755,1,3.8655386,1,0.0,0,2.8079755,1
AAGCAAGAGCGAGA-1,0,900,2.298387,0.0,0,1.6165153,1,0.0,0,2.8415346,1,0.0,0,2.2050853,1,0.0,0,3.3758314,1,0.0,0,0.0,0,3.619519,1,0.0,0,2.2050853,1,1.6165153,1,2.573111,1,0.0,0,0.0,0,3.3758314,1,1.6165153,1,0.0,0
AAGCAAGAGCTTAG-1,2,919,2.2109628,0.0,0,0.0,0,1.7250044,1,0.0,0,0.0,0,1.7250044,1,0.0,0,3.1806643,1,0.0,0,0.0,0,3.3560352,1,0.0,0,0.0,0,0.0,0,1.7250044,1,0.0,0,0.0,0,3.1806643,1,0.0,0,0.0,0
AAGCAAGAGGTGTT-1,2,862,1.7078916,0.0,0,2.5554028,1,1.9370484,1,0.0,0,0.0,0,3.4239762,1,0.0,0,2.5554028,1,1.9370484,1,0.0,0,3.2089455,1,0.0,0,0.0,0,0.0,0,0.0,0,0.0,0,0.0,0,3.2089455,1,2.5554028,1,0.0,0
AAGCACTGAGCAAA-1,3,903,2.716888,0.0,0,0.0,0,0.0,0,0.0,0,0.0,0,0.0,0,0.0,0,3.3610942,1,1.4088359,1,0.0,0,3.3610942,1,1.9716308,1,0.0,0,0.0,0,2.972829,1,0.0,0,0.0,0,2.3295746,1,0.0,0,0.0,0
AAGCACTGCATACG-1,0,390,0.124533,0.0,0,0.0,0,0.0,0,0.0,0,0.0,0,0.0,0,0.0,0,3.9281561,1,0.0,0,2.5992243,1,4.147356,1,0.0,0,0.0,0,0.0,0,2.5992243,1,0.0,0,0.0,0,2.5992243,1,0.0,0,0.0,0
AAGCACTGGTTCTT-1,3,1717,2.355043,0.96516603,1,0.0,0,0.0,0,0.96516603,1,0.0,0,1.4470241,1,0.0,0,3.2959692,1,1.7708201,1,0.0,0,2.3750305,1,1.4470241,1,0.0,0,0.0,0,2.639185,1,0.0,0,0.0,0,1.7708201,1,0.0,0,0.0,0
AAGCCAACGTGTTG-1,0,819,1.447178,1.5299498,1,0.0,0,0.0,0,0.0,0,0.0,0,1.5299498,1,0.0,0,2.7390177,1,0.0,0,0.0,0,2.7390177,1,0.0,0,1.5299498,1,1.5299498,1,1.5299498,1,0.0,0,0.0,0,2.1085014,1,1.5299498,1,1.5299498,1
AAGCCATGAACTGC-1,5,1877,1.4002829,2.511632,1,2.3896248,1,0.0,0,2.9654365,1,1.8964969,1,2.8896794,1,0.0,0,4.4370127,1,2.7184155,1,0.88195956,1,3.7389362,1,0.88195956,1,1.6576347,1,2.7184155,1,2.8077095,1,0.0,0,0.0,0,1.6576347,1,1.3431929,1,4.577416,1
AAGCCATGACACGT-1,1,660,1.4954486,3.8416564,1,0.0,0,0.0,0,3.6910758,1,3.6910758,1,2.0168555,1,3.0225677,1,6.1247406,1,2.641149,1,2.0168555,1,5.727463,1,2.641149,1,3.8416564,1,3.5137308,1,3.6910758,1,0.0,0,2.641149,1,3.6910758,1,2.641149,1,3.6910758,1
AAGCCATGCGTGAT-1,0,791,1.089531,0.0,0,1.7473437,1,0.0,0,0.0,0,2.349342,1,2.9935973,1,0.0,0,3.661372,1,2.349342,1,0.0,0,2.7224796,1,0.0,0,0.0,0,2.349342,1,1.7473437,1,0.0,0,0.0,0,2.9935973,1,0.0,0,0.0,0
AAGCCATGTCTCGC-1,2,478,3.5203521,0.0,0,0.0,0,0.0,0,0.0,0,0.0,0,0.0,0,0.0,0,3.1366427,1,2.4860075,1,0.0,0,2.4860075,1,0.0,0,0.0,0,0.0,0,3.1366427,1,0.0,0,0.0,0,2.4860075,1,0.0,0,0.0,0
AAGCCTGACATGCA-1,0,769,1.7877095,0.0,0,0.0,0,0.0,0,1.8855101,1,0.0,0,2.4997485,1,0.0,0,3.5420685,1,1.8855101,1,0.0,0,4.0412455,1,0.0,0,0.0,0,0.0,0,2.8774636,1,0.0,0,0.0,0,4.56461,1,0.0,0,0.0,0
AAGCCTGACCGAAT-1,1,481,2.0038166,3.668789,1,3.886818,1,0.0,0,2.35623,1,3.668789,1,0.0,0,0.0,0,5.8704,1,3.0008292,1,3.0008292,1,6.385478,1,2.35623,1,3.0008292,1,4.0657153,1,3.668789,1,0.0,0,0.0,0,4.3491006,1,2.35623,1,3.886818,1
AAGCGACTCCTCAC-1,4,819,1.7118402,3.7800074,1,2.7260292,1,1.7504815,1,3.883083,1,3.210314,1,3.385889,1,0.0,0,5.5149736,1,3.5351925,1,1.7504815,1,6.1867275,1,3.210314,1,2.352779,1,2.352779,1,2.997206,1,1.7504815,1,0.0,0,3.97652,1,1.7504815,1,3.97652,1
AAGCGACTGTGTCA-1,0,866,1.596934,0.0,0,1.4336234,1,0.0,0,0.0,0,0.0,0,1.4336234,1,0.0,0,2.831408,1,0.0,0,0.0,0,3.1509,1,1.4336234,1,0.0,0,0.0,0,1.4336234,1,0.0,0,0.0,0,0.0,0,0.0,0,1.4336234,1
AAGCGACTTACAGC-1,3,600,1.8072288,0.0,0,0.0,0,0.0,0,0.0,0,0.0,0,0.0,0,0.0,0,3.7174826,1,2.040368,1,0.0,0,3.9990723,1,0.0,0,0.0,0,0.0,0,2.6663167,1,0.0,0,0.0,0,0.0,0,0.0,0,0.0,0
AAGCGACTTTGACG-1,4,1185,1.5267175,3.9134831,1,4.568712,1,3.6678586,1,2.8540354,1,4.4800715,1,3.857499,1,3.4336352,1,6.0615177,1,4.2750444,1,2.2169013,1,6.0678525,1,3.24011,1,3.341547,1,3.24011,1,4.154255,1,2.476969,1,2.476969,1,4.4486885,1,2.476969,1,3.4336352,1
AAGCGTACGTCTTT-1,0,650,3.90625,0.0,0,0.0,0,0.0,0,0.0,0,2.3772445,1,1.772846,1,0.0,0,3.2362413,1,1.772846,1,0.0,0,3.4119895,1,0.0,0,0.0,0,0.0,0,1.772846,1,0.0,0,0.0,0,2.3772445,1,0.0,0,0.0,0
AAGGCTTGCGAACT-1,2,775,0.9152216,0.0,0,0.0,0,0.0,0,1.7611761,1,0.0,0,0.0,0,0.0,0,3.222724,1,2.3644845,1,0.0,0,3.6776724,1,0.0,0,0.0,0,2.7381158,1,3.5477462,1,0.0,0,0.0,0,3.3983822,1,0.0,0,1.7611761,1
AAGGTCACGGTTAC-1,1,699,2.459893,3.6489205,1,0.0,0,0.0,0,1.8480757,1,4.255878,1,2.4591775,1,1.8480757,1,6.0228777,1,3.779194,1,0.0,0,6.5144114,1,2.8357267,1,1.8480757,1,0.0,0,3.6489205,1,0.0,0,0.0,0,4.6308794,1,1.8480757,1,3.779194,1
AAGGTCACTGTTTC-1,3,642,1.8591549,0.0,0,0.0,0,0.0,0,0.0,0,0.0,0,1.8931357,1,0.0,0,3.1595771,1,1.8931357,1,0.0,0,4.0500717,1,0.0,0,1.8931357,1,0.0,0,1.8931357,1,0.0,0,0.0,0,0.0,0,0.0,0,0.0,0
AAGGTCACTTCCCG-1,2,857,2.471722,1.6472869,1,0.0,0,0.0,0,0.0,0,0.0,0,2.6084962,1,0.0,0,2.239192,1,0.0,0,0.0,0,3.2641258,1,2.239192,1,0.0,0,0.0,0,2.239192,1,0.0,0,1.6472869,1,3.6567655,1,0.0,0,0.0,0
AAGGTCTGACAGTC-1,0,832,3.9011202,1.5821656,1,0.0,0,0.0,0,2.1668756,1,0.0,0,2.1668756,1,0.0,0,3.334287,1,1.5821656,1,0.0,0,3.1860588,1,1.5821656,1,0.0,0,0.0,0,2.8010502,1,0.0,0,0.0,0,1.5821656,1,0.0,0,0.0,0
AAGGTCTGCAGATC-1,0,388,0.82644624,0.0,0,2.4284475,1,0.0,0,0.0,0,0.0,0,0.0,0,0.0,0,2.4284475,1,2.4284475,1,0.0,0,2.4284475,1,0.0,0,0.0,0,0.0,0,2.4284475,1,0.0,0,0.0,0,0.0,0,0.0,0,0.0,0
AAGGTCTGGTATGC-1,1,351,5.034965,3.7602239,1,3.7602239,1,0.0,0,0.0,0,2.7071173,1,0.0,0,0.0,0,5.8597894,1,4.5941305,1,2.7071173,1,6.1954465,1,2.7071173,1,3.3663309,1,3.3663309,1,0.0,0,2.7071173,1,0.0,0,4.726397,1,0.0,0,3.3663309,1
AAGTAACTCTGAAC-1,1,710,2.1878335,3.6468394,1,3.4970248,1,0.0,0,2.4572234,1,1.8462759,1,0.0,0,1.8462759,1,4.9397883,1,3.3207426,1,1.8462759,1,6.385727,1,2.8337154,1,2.4572234,1,2.8337154,1,3.4970248,1,0.0,0,0.0,0,4.1749125,1,0.0,0,3.7771063,1
AAGTAACTGAGATA-1,3,341,0.60698026,0.0,0,0.0,0,0.0,0,0.0,0,0.0,0,2.7834363,1,0.0,0,2.7834363,1,0.0,0,0.0,0,3.839958,1,0.0,0,0.0,0,0.0,0,0.0,0,0.0,0,0.0,0,0.0,0,0.0,0,0.0,0
AAGTAGGATACAGC-1,2,894,1.8550724,1.9174857,1,0.0,0,3.1869855,1,0.0,0,0.0,0,2.5343046,1,0.0,0,1.9174857,1,3.1869855,1,0.0,0,3.4018357,1,2.5343046,1,1.9174857,1,2.912975,1,0.0,0,0.0,0,0.0,0,3.1869855,1,0.0,0,0.0,0
AAGTATACCGAACT-1,0,935,1.8444512,0.0,0,0.0,0,1.4051104,1,2.325122,1,0.0,0,2.325122,1,0.0,0,2.5880578,1,1.4051104,1,0.0,0,2.325122,1,1.4051104,1,1.4051104,1,0.0,0,1.4051104,1,0.0,0,0.0,0,3.9757788,1,0.0,0,0.0,0
AAGTCCGACTTGTT-1,0,604,2.4294157,0.0,0,0.0,0,0.0,0,0.0,0,0.0,0,0.0,0,0.0,0,2.6484401,1,2.023663,1,2.023663,1,3.0300353,1,0.0,0,0.0,0,2.023663,1,3.0300353,1,0.0,0,0.0,0,2.6484401,1,0.0,0,0.0,0
AAGTCCGATAGAAG-1,0,1008,1.8403087,0.0,0,0.0,0,0.0,0,1.3785447,1,0.0,0,1.3785447,1,0.0,0,2.7628922,1,1.3785447,1,0.0,0,3.4239762,1,1.3785447,1,0.0,0,0.0,0,2.2932782,1,0.0,0,0.0,0,1.3785447,1,1.3785447,1,0.0,0
AAGTCTCTAGTCGT-1,0,985,2.3729844,0.0,0,0.0,0,0.0,0,0.0,0,1.3979567,1,0.0,0,1.3979567,1,2.959148,1,1.3979567,1,0.0,0,3.5414274,1,1.9592274,1,0.0,0,0.0,0,2.7871456,1,0.0,0,0.0,0,2.3165636,1,0.0,0,0.0,0
AAGTCTCTCGGAGA-1,2,679,3.04679,0.0,0,0.0,0,0.0,0,0.0,0,0.0,0,2.4749737,1,0.0,0,3.3394454,1,0.0,0,0.0,0,3.6657357,1,0.0,0,0.0,0,0.0,0,1.8626367,1,0.0,0,0.0,0,2.4749737,1,0.0,0,0.0,0
AAGTGGCTTGGAGG-1,3,603,2.0356233,0.0,0,0.0,0,0.0,0,0.0,0,0.0,0,0.0,0,0.0,0,3.4906301,1,0.0,0,0.0,0,3.8183553,1,2.6190474,1,2.6190474,1,0.0,0,4.1684194,1,0.0,0,0.0,0,1.9962397,1,0.0,0,0.0,0
AAGTTCCTCATTCT-1,4,864,1.969178,3.6778288,1,3.1100628,1,1.6647761,1,3.1100628,1,3.4337108,1,3.7806585,1,2.2585266,1,5.900395,1,3.873893,1,1.6647761,1,5.788801,1,1.6647761,1,3.4337108,1,3.2849236,1,3.873893,1,2.6285357,1,0.0,0,4.556597,1,3.4337108,1,4.2420726,1
AAGTTCCTTCTTAC-1,0,1031,2.9402757,0.0,0,0.0,0,0.0,0,1.4021002,1,1.4021002,1,1.9639536,1,0.0,0,3.546768,1,1.9639536,1,0.0,0,2.964363,1,1.4021002,1,1.4021002,1,0.0,0,4.427485,1,0.0,0,0.0,0,2.5843675,1,0.0,0,0.0,0
AATAAGCTCGAATC-1,0,887,2.3550725,0.0,0,0.0,0,0.0,0,2.1100924,1,1.5313686,1,2.7407115,1,0.0,0,3.6175182,1,0.0,0,0.0,0,3.5151365,1,0.0,0,0.0,0,1.5313686,1,2.4743094,1,0.0,0,0.0,0,2.7407115,1,0.0,0,0.0,0
AATAAGCTCGTTGA-1,0,603,1.3075966,0.0,0,0.0,0,0.0,0,0.0,0,0.0,0,2.600378,1,0.0,0,1.9788493,1,1.9788493,1,0.0,0,2.600378,1,0.0,0,0.0,0,0.0,0,0.0,0,0.0,0,0.0,0,0.0,0,0.0,0,0.0,0
AATACCCTGGACGA-1,3,610,2.1985343,0.0,0,0.0,0,0.0,0,0.0,0,0.0,0,2.036882,1,0.0,0,3.8642323,1,0.0,0,0.0,0,3.713572,1,2.036882,1,0.0,0,0.0,0,3.713572,1,0.0,0,0.0,0,0.0,0,0.0,0,0.0,0
AATACCCTGGCATT-1,0,1119,1.570997,0.0,0,0.0,0,0.0,0,1.9521935,1,1.9521935,1,0.0,0,0.0,0,2.9513814,1,1.3917944,1,0.0,0,3.0980372,1,0.0,0,1.3917944,1,0.0,0,2.5717144,1,0.0,0,0.0,0,1.9521935,1,0.0,0,0.0,0
AATACTGAAAGGGC-1,2,669,1.0303377,0.0,0,0.0,0,2.5226293,1,0.0,0,0.0,0,1.9066731,1,1.9066731,1,3.5662584,1,1.9066731,1,0.0,0,2.9009807,1,0.0,0,0.0,0,0.0,0,0.0,0,0.0,0,0.0,0,3.389573,1,0.0,0,0.0,0
AATACTGAATTGGC-1,2,794,1.9273129,1.8732845,1,0.0,0,2.8638523,1,1.8732845,1,0.0,0,1.8732845,1,0.0,0,1.8732845,1,1.8732845,1,0.0,0,3.1371696,1,2.4865124,1,0.0,0,1.8732845,1,2.4865124,1,0.0,0,0.0,0,2.8638523,1,0.0,0,0.0,0
AATAGGGAACCCTC-1,3,963,1.5641292,0.0,0,0.0,0,1.4995049,1,2.4369771,1,1.4995049,1,0.0,0,0.0,0,2.4369771,1,0.0,0,0.0,0,2.7025607,1,0.0,0,0.0,0,0.0,0,1.4995049,1,0.0,0,0.0,0,0.0,0,0.0,0,0.0,0
AATAGGGAGAATGA-1,2,756,3.5944204,0.0,0,0.0,0,0.0,0,0.0,0,0.0,0,1.8521417,1,0.0,0,2.8402686,1,0.0,0,0.0,0,3.3274531,1,0.0,0,1.8521417,1,1.8521417,1,1.8521417,1,0.0,0,0.0,0,3.6536198,1,0.0,0,1.8521417,1
AATCAAACTATCGG-1,2,637,2.2649279,2.6896715,1,0.0,0,0.0,0,2.0622213,1,2.0622213,1,2.0622213,1,0.0,0,3.564367,1,2.6896715,1,0.0,0,3.072242,1,0.0,0,0.0,0,2.0622213,1,2.6896715,1,0.0,0,0.0,0,3.564367,1,0.0,0,0.0,0
AATCCGGAATGCTG-1,3,1032,1.4973263,1.5187106,1,0.0,0,0.0,0,3.3854294,1,0.0,0,1.5187106,1,0.0,0,3.3854294,1,3.2567239,1,0.0,0,3.1089718,1,0.0,0,1.5187106,1,0.0,0,3.4994428,1,0.0,0,0.0,0,1.5187106,1,0.0,0,1.5187106,1
AATCCTACCGGTAT-1,0,776,2.5409837,2.218847,1,0.0,0,0.0,0,1.628919,1,0.0,0,0.0,0,0.0,0,3.0676715,1,0.0,0,0.0,0,3.242208,1,0.0,0,0.0,0,1.628919,1,2.5873942,1,0.0,0,0.0,0,0.0,0,0.0,0,0.0,0
AATCCTTGACGGGA-1,1,860,2.3687327,3.0320373,1,2.820876,1,0.0,0,3.20629,1,3.3546371,1,2.5528505,1,1.5989608,1,5.639422,1,1.5989608,1,1.5989608,1,5.4550023,1,2.5528505,1,2.1855764,1,3.3546371,1,3.4837937,1,0.0,0,1.5989608,1,4.2211843,1,0.0,0,4.330863,1
AATCCTTGGTGAGG-1,2,825,1.2542759,0.0,0,1.9027799,1,1.9027799,1,1.9027799,1,0.0,0,0.0,0,1.9027799,1,3.3851538,1,2.518423,1,0.0,0,2.518423,1,1.9027799,1,1.9027799,1,0.0,0,0.0,0,0.0,0,0.0,0,3.3851538,1,2.8966587,1,1.9027799,1
AATCGGTGGAACTC-1,2,852,2.1483376,0.0,0,0.0,0,1.8116157,1,0.0,0,0.0,0,0.0,0,0.0,0,0.0,0,2.419537,1,0.0,0,3.4570093,1,1.8116157,1,0.0,0,1.8116157,1,2.419537,1,0.0,0,0.0,0,3.0671833,1,0.0,0,0.0,0
AATCGGTGTGCTTT-1,0,745,1.9514767,1.8373431,1,0.0,0,0.0,0,1.8373431,1,0.0,0,0.0,0,0.0,0,3.6365018,1,2.823727,1,0.0,0,3.310512,1,0.0,0,0.0,0,0.0,0,1.8373431,1,0.0,0,0.0,0,0.0,0,1.8373431,1,0.0,0
AATCTAGAAAAGTG-1,0,858,1.975213,0.0,0,0.0,0,0.0,0,1.5840108,1,0.0,0,2.168932,1,0.0,0,4.142999,1,0.0,0,0.0,0,3.0141778,1,0.0,0,2.168932,1,2.168932,1,3.4656026,1,0.0,0,0.0,0,3.775496,1,0.0,0,0.0,0
AATCTAGAATCGGT-1,0,925,2.209596,0.0,0,0.0,0,0.0,0,1.4251689,1,1.4251689,1,0.0,0,0.0,0,2.3490562,1,0.0,0,0.0,0,3.2683697,1,0.0,0,0.0,0,0.0,0,2.612584,1,0.0,0,0.0,0,1.4251689,1,0.0,0,1.4251689,1
AATCTCACAGCCTA-1,1,1228,2.1390374,2.245334,1,3.2707357,1,0.0,0,2.8840818,1,3.2707357,1,0.0,0,1.3388156,1,4.8711286,1,3.0302138,1,2.7128794,1,5.357007,1,3.4644773,1,3.7662535,1,3.1576889,1,3.3722913,1,2.5061862,1,2.5061862,1,3.698912,1,0.0,0,4.267781,1
AATCTCACTCTAGG-1,0,806,0.8375989,0.0,0,0.0,0,0.0,0,2.7062476,1,0.0,0,2.3336306,1,0.0,0,3.189995,1,0.0,0,0.0,0,3.365431,1,0.0,0,0.0,0,0.0,0,1.7330108,1,0.0,0,0.0,0,2.977092,1,1.7330108,1,0.0,0
AATCTCTGAACAGA-1,0,715,1.6032983,0.0,0,0.0,0,0.0,0,0.0,0,1.7193415,1,1.7193415,1,0.0,0,2.9613173,1,0.0,0,0.0,0,2.3186262,1,0.0,0,0.0,0,0.0,0,2.3186262,1,0.0,0,0.0,0,0.0,0,0.0,0,0.0,0
AATCTCTGCTTTAC-1,2,668,1.8128656,0.0,0,2.9206922,1,2.9206922,1,0.0,0,0.0,0,1.9244494,1,1.9244494,1,2.9206922,1,0.0,0,0.0,0,3.4097235,1,0.0,0,0.0,0,1.9244494,1,0.0,0,0.0,0,0.0,0,3.4097235,1,0.0,0,0.0,0
AATGATACACCAAC-1,2,779,0.729927,0.0,0,1.8267668,1,2.4360251,1,0.0,0,0.0,0,1.8267668,1,1.8267668,1,2.4360251,1,0.0,0,0.0,0,3.7544358,1,0.0,0,1.8267668,1,0.0,0,2.8118873,1,0.0,0,0.0,0,3.474528,1,0.0,0,0.0,0
AATGATACGGTCAT-1,1,1197,2.003231,2.3704734,1,0.0,0,0.0,0,3.015776,1,2.3704734,1,2.6345193,1,2.010668,1,4.964959,1,2.6345193,1,0.0,0,5.111637,1,3.015776,1,3.162901,1,2.3704734,1,3.9654963,1,0.0,0,2.3704734,1,4.232906,1,0.0,0,3.902221,1
AATGCGTGACACCA-1,3,888,1.6050243,0.0,0,0.0,0,0.0,0,2.4395213,1,0.0,0,2.0767338,1,0.0,0,3.235705,1,2.4395213,1,0.0,0,3.90899,1,2.0767338,1,1.5016708,1,0.0,0,2.4395213,1,0.0,0,0.0,0,0.0,0,0.0,0,1.5016708,1
AATGCGTGGACGGA-1,5,1273,2.1175942,2.6767595,1,2.9470954,1,1.180597,1,2.305109,1,1.180597,1,2.6767595,1,0.0,0,4.050183,1,2.305109,1,0.0,0,5.096537,1,1.7070427,1,0.0,0,2.5081012,1,3.3349085,1,0.0,0,0.0,0,4.409489,1,1.7070427,1,4.196197,1
AATGCGTGGCTATG-1,3,873,2.0674157,0.0,0,0.0,0,0.0,0,0.0,0,0.0,0,2.9436815,1,0.0,0,3.3314335,1,0.0,0,0.0,0,3.9211895,1,0.0,0,0.0,0,0.0,0,2.3018656,1,0.0,0,1.7040939,1,0.0,0,0.0,0,1.7040939,1
AATGGAGAATCGTG-1,1,847,3.2759347,2.879576,1,3.65881,1,0.0,0,2.6104405,1,2.879576,1,0.0,0,1.6489818,1,4.7400975,1,2.2410672,1,2.2410672,1,5.756141,1,2.6104405,1,2.6104405,1,2.6104405,1,3.2661443,1,0.0,0,2.2410672,1,3.65881,1,1.6489818,1,3.761591,1
AATGGAGATCCTTA-1,2,781,2.5523226,0.0,0,0.0,0,0.0,0,1.809477,1,0.0,0,2.417208,1,0.0,0,3.604159,1,2.792499,1,0.0,0,3.278512,1,0.0,0,0.0,0,1.809477,1,2.792499,1,0.0,0,0.0,0,3.0647454,1,1.809477,1,0.0,0
AATGGCTGACACCA-1,3,959,2.3699803,1.4569213,1,0.0,0,0.0,0,0.0,0,1.4569213,1,1.4569213,1,0.0,0,3.422127,1,0.0,0,0.0,0,3.422127,1,1.4569213,1,0.0,0,0.0,0,2.8601196,1,0.0,0,0.0,0,0.0,0,0.0,0,1.4569213,1
AATGGCTGCGTGAT-1,0,805,1.9900497,0.0,0,0.0,0,0.0,0,1.7096335,1,0.0,0,1.7096335,1,0.0,0,3.4870248,1,1.7096335,1,0.0,0,2.9500935,1,0.0,0,1.7096335,1,1.7096335,1,2.9500935,1,0.0,0,0.0,0,3.162715,1,2.3079576,1,0.0,0
AATGGCTGTAAAGG-1,0,554,4.821151,0.0,0,0.0,0,0.0,0,0.0,0,0.0,0,0.0,0,0.0,0,2.1720264,1,0.0,0,0.0,0,2.8065128,1,2.1720264,1,0.0,0,0.0,0,2.8065128,1,0.0,0,0.0,0,3.4689867,1,0.0,0,0.0,0
AATGGCTGTACTCT-1,2,604,4.9668875,0.0,0,2.2284007,1,0.0,0,2.2284007,1,0.0,0,0.0,0,0.0,0,3.2525046,1,2.2284007,1,0.0,0,2.2284007,1,0.0,0,0.0,0,0.0,0,4.42903,1,0.0,0,0.0,0,0.0,0,0.0,0,0.0,0
AATGGCTGTGAAGA-1,0,785,2.6573427,0.0,0,0.0,0,0.0,0,0.0,0,1.7349305,1,2.9793048,1,0.0,0,2.9793048,1,0.0,0,0.0,0,3.1922307,1,1.7349305,1,0.0,0,0.0,0,2.3357363,1,0.0,0,0.0,0,0.0,0,0.0,0,0.0,0
AATGTAACGGTGGA-1,0,978,0.5579258,0.0,0,0.0,0,0.0,0,1.4544008,1,0.0,0,1.4544008,1,0.0,0,2.8570209,1,2.0233781,1,0.0,0,2.3837733,1,0.0,0,0.0,0,0.0,0,2.0233781,1,0.0,0,0.0,0,1.4544008,1,0.0,0,0.0,0
AATGTAACGTTTGG-1,2,537,5.221239,0.0,0,0.0,0,0.0,0,0.0,0,0.0,0,0.0,0,0.0,0,3.8121538,1,0.0,0,0.0,0,2.9284763,1,0.0,0,0.0,0,0.0,0,3.3159544,1,0.0,0,0.0,0,3.59452,1,2.2874265,1,0.0,0
AATGTCCTCTTCTA-1,0,910,1.655629,0.0,0,0.0,0,0.0,0,1.9490883,1,0.0,0,2.7760644,1,0.0,0,3.5299587,1,1.9490883,1,0.0,0,3.2224348,1,0.0,0,1.3890759,1,0.0,0,1.9490883,1,0.0,0,0.0,0,3.7648208,1,1.3890759,1,0.0,0
AATGTTGACAGTCA-1,0,936,1.9715226,0.0,0,0.0,0,0.0,0,2.481309,1,0.0,0,2.481309,1,0.0,0,3.4084513,1,2.1168098,1,0.0,0,2.481309,1,0.0,0,1.537362,1,0.0,0,2.481309,1,0.0,0,0.0,0,3.2796364,1,2.1168098,1,0.0,0
AATGTTGAGTTGAC-1,1,997,1.5020027,2.8732533,1,3.3218362,1,0.0,0,3.3218362,1,3.046111,1,2.0383325,1,0.0,0,4.548485,1,2.6641395,1,2.399412,1,6.354875,1,3.1934466,1,3.3218362,1,3.5377364,1,4.16572,1,1.4676205,1,2.6641395,1,4.5832114,1,2.6641395,1,3.8658655,1
AATGTTGATCTACT-1,0,961,1.7209127,0.0,0,0.0,0,0.0,0,2.1383035,1,0.0,0,2.7707157,1,0.0,0,3.5462391,1,1.5565677,1,0.0,0,3.303129,1,0.0,0,2.5036912,1,2.1383035,1,2.5036912,1,0.0,0,0.0,0,3.4320538,1,0.0,0,0.0,0
AATTACGAATTCCT-1,5,1314,1.884283,3.0424085,1,3.234365,1,0.0,0,2.6605232,1,3.0424085,1,2.2894168,1,1.6927841,1,4.8814406,1,2.034952,1,1.168541,1,4.634686,1,2.2894168,1,2.8046362,1,2.2894168,1,3.5966742,1,0.0,0,0.0,0,3.655685,1,1.6927841,1,3.992959,1
AATTACGACTTCTA-1,0,799,1.1677696,0.0,0,0.0,0,0.0,0,1.5880265,1,0.0,0,0.0,0,0.0,0,3.3413968,1,0.0,0,0.0,0,2.8079755,1,0.0,0,0.0,0,1.5880265,1,2.5402029,1,0.0,0,0.0,0,0.0,0,0.0,0,0.0,0
AATTACGAGTAGCT-1,2,997,5.457227,2.1258566,1,0.0,0,0.0,0,0.0,0,0.0,0,2.7574844,1,0.0,0,2.7574844,1,0.0,0,0.0,0,2.7574844,1,0.0,0,0.0,0,1.5454404,1,1.5454404,1,0.0,0,0.0,0,3.7278695,1,0.0,0,1.5454404,1
AATTACGAGTGAGG-1,0,1112,0.9229882,0.0,0,0.0,0,0.0,0,1.9127973,1,0.0,0,2.2677875,1,0.0,0,3.4887817,1,0.0,0,0.0,0,2.5292435,1,0.0,0,1.3573811,1,1.3573811,1,2.2677875,1,0.0,0,0.0,0,3.573245,1,2.2677875,1,0.0,0
AATTACGATTGGCA-1,3,677,3.581745,1.9140283,1,0.0,0,0.0,0,0.0,0,0.0,0,0.0,0,0.0,0,4.4739814,1,0.0,0,0.0,0,3.5746486,1,1.9140283,1,0.0,0,0.0,0,1.9140283,1,0.0,0,0.0,0,0.0,0,0.0,0,0.0,0
AATTCCTGCTCAGA-1,3,775,2.388889,0.0,0,0.0,0,0.0,0,0.0,0,0.0,0,2.8722038,1,0.0,0,3.6866395,1,0.0,0,0.0,0,3.3601398,1,0.0,0,2.4946332,1,0.0,0,1.8807838,1,0.0,0,0.0,0,0.0,0,0.0,0,1.8807838,1
AATTGATGTCGCAA-1,4,1298,3.0958972,4.032746,1,4.032746,1,3.4412735,1,3.6579916,1,4.076427,1,3.4412735,1,1.258146,1,5.416906,1,2.779648,1,2.9248934,1,5.824617,1,3.2653363,1,3.4412735,1,2.9248934,1,4.032746,1,1.258146,1,2.1467116,1,5.0573363,1,1.7980369,1,3.3571692,1
AATTGTGACTTGGA-1,3,657,1.7232642,0.0,0,0.0,0,0.0,0,1.8035223,1,0.0,0,2.7858124,1,0.0,0,3.4476345,1,0.0,0,0.0,0,3.7273295,1,1.8035223,1,0.0,0,0.0,0,2.7858124,1,0.0,0,0.0,0,0.0,0,0.0,0,0.0,0
ACAAAGGAGGGTGA-1,0,626,2.4764736,0.0,0,0.0,0,0.0,0,0.0,0,0.0,0,0.0,0,0.0,0,3.036463,1,2.3902035,1,0.0,0,3.575291,1,0.0,0,1.7847111,1,0.0,0,2.7646558,1,0.0,0,0.0,0,2.7646558,1,0.0,0,0.0,0
ACAAATTGATTCTC-1,4,1313,2.6380067,3.750073,1,3.1347718,1,2.7508283,1,3.9568927,1,3.750073,1,3.4890187,1,3.1347718,1,5.215995,1,4.567067,1,2.895812,1,5.919633,1,2.7508283,1,2.7508283,1,3.690917,1,4.002543,1,2.5812008,1,1.7724404,1,4.6637387,1,2.7508283,1,3.8588202,1
ACAAATTGCTCAGA-1,1,467,2.827225,3.0894213,1,3.0894213,1,0.0,0,2.4407964,1,3.4795938,1,3.4795938,1,0.0,0,5.720257,1,3.0894213,1,0.0,0,6.243442,1,2.4407964,1,3.759541,1,3.4795938,1,4.440973,1,0.0,0,2.4407964,1,3.0894213,1,2.4407964,1,2.4407964,1
ACAAATTGTTGCGA-1,2,936,2.622528,0.0,0,2.261602,1,0.0,0,0.0,0,0.0,0,3.7840137,1,0.0,0,2.6317217,1,0.0,0,0.0,0,3.1133432,1,0.0,0,1.6675608,1,1.6675608,1,0.0,0,0.0,0,0.0,0,3.4370337,1,1.6675608,1,0.0,0
ACAACCGAGGGATG-1,2,977,1.761745,0.0,0,2.6088848,1,1.6476256,1,1.6476256,1,0.0,0,2.2395668,1,1.6476256,1,3.0898213,1,1.6476256,1,0.0,0,3.0898213,1,1.6476256,1,0.0,0,0.0,0,3.4132056,1,0.0,0,0.0,0,3.0898213,1,1.6476256,1,1.6476256,1
ACAACCGAGTTACG-1,0,780,1.8043684,0.0,0,0.0,0,0.0,0,0.0,0,0.0,0,1.7496957,1,0.0,0,3.6641464,1,1.7496957,1,0.0,0,3.2094016,1,0.0,0,0.0,0,2.3519182,1,1.7496957,1,0.0,0,0.0,0,2.3519182,1,0.0,0,1.7496957,1
ACAAGAGAAGTCGT-1,1,1311,3.1845596,1.7623744,1,3.3157992,1,0.0,0,3.944987,1,2.739469,1,0.0,0,0.0,0,4.9654603,1,3.224113,1,2.739469,1,5.880932,1,3.224113,1,3.224113,1,2.5699856,1,3.7382212,1,0.0,0,2.5699856,1,3.5491512,1,2.3657956,1,3.897164,1
ACAAGAGACTTATC-1,0,432,4.43038,0.0,0,0.0,0,0.0,0,0.0,0,0.0,0,2.4475217,1,0.0,0,0.0,0,2.4475217,1,0.0,0,0.0,0,0.0,0,0.0,0,0.0,0,2.4475217,1,0.0,0,0.0,0,2.4475217,1,2.4475217,1,0.0,0
ACAAGAGAGTTGAC-1,3,579,4.4334974,0.0,0,0.0,0,0.0,0,0.0,0,0.0,0,1.9692398,1,0.0,0,4.0340114,1,0.0,0,0.0,0,3.637359,1,0.0,0,0.0,0,0.0,0,2.5900514,1,1.9692398,1,0.0,0,0.0,0,0.0,0,0.0,0
ACAATCCTAACCGT-1,0,850,1.4674147,0.0,0,0.0,0,0.0,0,2.635721,1,2.2654624,1,3.1174607,1,1.6710577,1,3.570724,1,1.6710577,1,0.0,0,3.570724,1,0.0,0,0.0,0,1.6710577,1,2.635721,1,0.0,0,0.0,0,3.1174607,1,0.0,0,0.0,0
ACAATCCTTAGCGT-1,3,736,3.4650784,0.0,0,0.0,0,0.0,0,0.0,0,0.0,0,1.8594266,1,0.0,0,3.512152,1,1.8594266,1,0.0,0,3.3357792,1,0.0,0,1.8594266,1,0.0,0,1.8594266,1,0.0,0,0.0,0,0.0,0,0.0,0,0.0,0
ACAATTGACTGACA-1,2,800,2.1709006,0.0,0,0.0,0,1.7269025,1,0.0,0,0.0,0,1.7269025,1,0.0,0,2.3269281,1,0.0,0,0.0,0,3.7520628,1,0.0,0,0.0,0,0.0,0,2.970047,1,0.0,0,0.0,0,3.1828773,1,1.7269025,1,0.0,0
ACAATTGATGACTG-1,2,892,1.8706573,1.8485265,1,2.8362303,1,2.4596667,1,0.0,0,0.0,0,0.0,0,0.0,0,2.4596667,1,0.0,0,0.0,0,2.8362303,1,0.0,0,1.8485265,1,0.0,0,1.8485265,1,0.0,0,0.0,0,2.8362303,1,1.8485265,1,0.0,0
ACACAGACACCTGA-1,1,299,6.170599,2.952241,1,2.952241,1,0.0,0,4.015418,1,3.61893,1,0.0,0,0.0,0,5.6103225,1,2.952241,1,0.0,0,6.483654,1,0.0,0,2.952241,1,4.015418,1,4.2985806,1,0.0,0,2.952241,1,4.2985806,1,3.61893,1,4.2985806,1
ACACAGACCATACG-1,2,860,2.22332,0.0,0,0.0,0,0.0,0,2.3884041,1,0.0,0,0.0,0,0.0,0,3.248055,1,2.7627995,1,1.7830627,1,2.3884041,1,0.0,0,0.0,0,0.0,0,2.7627995,1,0.0,0,0.0,0,2.7627995,1,0.0,0,1.7830627,1
ACACCAGAGGGCAA-1,0,720,1.3001696,0.0,0,0.0,0,0.0,0,3.1622815,1,0.0,0,2.8886106,1,0.0,0,3.1622815,1,2.510592,1,0.0,0,3.3769233,1,0.0,0,0.0,0,1.895535,1,2.8886106,1,0.0,0,0.0,0,0.0,0,0.0,0,1.895535,1
ACACCCTGGTGTTG-1,2,822,1.3827434,0.0,0,2.8685405,1,2.8685405,1,0.0,0,0.0,0,3.1419253,1,0.0,0,3.6828537,1,0.0,0,0.0,0,3.6828537,1,1.8774934,1,0.0,0,0.0,0,3.1419253,1,0.0,0,0.0,0,3.3563914,1,0.0,0,0.0,0
ACACGAACAGTTCG-1,0,681,1.5748031,0.0,0,0.0,0,0.0,0,0.0,0,0.0,0,2.023663,1,0.0,0,4.095908,1,0.0,0,0.0,0,3.849337,1,0.0,0,0.0,0,0.0,0,2.023663,1,0.0,0,0.0,0,2.023663,1,0.0,0,0.0,0
ACACGATGACGCAT-1,2,954,2.7669902,0.0,0,0.0,0,0.0,0,0.0,0,0.0,0,0.0,0,0.0,0,1.7683969,1,2.746267,1,0.0,0,2.746267,1,0.0,0,0.0,0,1.7683969,1,3.2310905,1,0.0,0,0.0,0,3.8011594,1,0.0,0,1.7683969,1
ACACGATGATGTGC-1,1,889,3.457217,3.5715637,1,3.2932086,1,0.0,0,3.4420402,1,3.1182864,1,0.0,0,2.9061403,1,5.4192915,1,3.789069,1,1.6717592,1,5.641548,1,2.2662368,1,3.2932086,1,2.9061403,1,3.5715637,1,0.0,0,2.2662368,1,4.4201517,1,2.9061403,1,4.0462003,1
ACACGATGTCGTAG-1,2,1265,1.916758,0.0,0,0.0,0,0.0,0,1.3188117,1,0.0,0,2.2210417,1,1.3188117,1,3.0043366,1,1.8684044,1,0.0,0,4.0214067,1,1.3188117,1,1.8684044,1,0.0,0,2.858414,1,0.0,0,0.0,0,4.822327,1,1.8684044,1,0.0,0
ACACGATGTGGTCA-1,2,919,1.6875811,1.6731644,1,0.0,0,0.0,0,2.6381292,1,1.6731644,1,1.6731644,1,0.0,0,3.573245,1,0.0,0,0.0,0,4.368461,1,0.0,0,0.0,0,0.0,0,2.2677875,1,0.0,0,0.0,0,2.9077759,1,0.0,0,0.0,0
ACAGACACGGCATT-1,0,799,3.132305,0.0,0,0.0,0,0.0,0,2.7106051,1,1.7368556,1,0.0,0,0.0,0,3.3699386,1,0.0,0,0.0,0,3.6489856,1,0.0,0,1.7368556,1,0.0,0,0.0,0,0.0,0,0.0,0,1.7368556,1,1.7368556,1,0.0,0
ACAGACACGTTGTG-1,0,833,1.0080645,0.0,0,0.0,0,0.0,0,1.7997203,1,0.0,0,1.7997203,1,0.0,0,3.5928004,1,1.7997203,1,0.0,0,3.443226,1,0.0,0,0.0,0,1.7997203,1,2.4065766,1,0.0,0,0.0,0,1.7997203,1,0.0,0,0.0,0
ACAGCAACACCTAG-1,1,496,1.8164436,3.001737,1,3.001737,1,0.0,0,3.3904967,1,3.3904967,1,0.0,0,0.0,0,6.1099825,1,3.3904967,1,0.0,0,5.8713527,1,2.357095,1,0.0,0,2.357095,1,4.3500433,1,0.0,0,2.357095,1,4.3500433,1,3.3904967,1,4.066654,1
ACAGCAACCTCAAG-1,4,1476,2.0293121,3.4841766,1,3.924943,1,3.335126,1,3.672904,1,3.1599011,1,2.9473093,1,1.1807534,1,6.042086,1,2.9473093,1,2.3053122,1,5.8793554,1,3.8316052,1,2.821247,1,3.8793628,1,3.4841766,1,1.1807534,1,2.821247,1,4.714782,1,2.050332,1,3.2513468,1
ACAGGTACCCCACT-1,0,848,1.0260168,0.0,0,1.5405235,1,0.0,0,0.0,0,0.0,0,2.1203516,1,0.0,0,3.1355898,1,2.4849982,1,0.0,0,2.1203516,1,0.0,0,1.5405235,1,1.5405235,1,2.7516289,1,0.0,0,0.0,0,0.0,0,0.0,0,0.0,0
ACAGGTACGCTGTA-1,2,869,3.1531532,1.7059355,1,0.0,0,0.0,0,1.7059355,1,0.0,0,0.0,0,0.0,0,3.3336039,1,0.0,0,0.0,0,4.087403,1,0.0,0,0.0,0,1.7059355,1,2.6754997,1,0.0,0,0.0,0,3.4826465,1,0.0,0,0.0,0
ACAGGTACTGGTGT-1,2,1059,1.2725345,0.0,0,3.49135,1,1.8413494,1,0.0,0,0.0,0,1.8413494,1,0.0,0,2.828208,1,0.0,0,0.0,0,3.1009998,1,1.8413494,1,0.0,0,1.8413494,1,1.8413494,1,0.0,0,0.0,0,3.49135,1,2.4518738,1,1.8413494,1
ACAGTCGACCCAAA-1,0,490,2.2772276,0.0,0,3.036935,1,0.0,0,0.0,0,0.0,0,0.0,0,0.0,0,3.705799,1,2.390654,1,0.0,0,3.036935,1,0.0,0,0.0,0,0.0,0,3.036935,1,0.0,0,0.0,0,0.0,0,0.0,0,2.390654,1
ACAGTCGACCGATA-1,2,897,1.0144928,0.0,0,0.0,0,0.0,0,1.7639754,1,0.0,0,2.7412767,1,0.0,0,3.7959454,1,1.7639754,1,1.7639754,1,3.992524,1,0.0,0,0.0,0,1.7639754,1,3.2259686,1,0.0,0,0.0,0,3.5510283,1,0.0,0,1.7639754,1
ACAGTGACTCACCC-1,0,832,1.1563367,0.0,0,0.0,0,0.0,0,1.727663,1,1.727663,1,2.3277628,1,0.0,0,3.3591566,1,0.0,0,0.0,0,2.9709246,1,1.727663,1,0.0,0,2.3277628,1,2.7001834,1,0.0,0,0.0,0,3.3591566,1,0.0,0,0.0,0
ACAGTGACTCTATC-1,2,864,4.1295166,0.0,0,0.0,0,0.0,0,0.0,0,0.0,0,2.71323,1,0.0,0,3.1971684,1,0.0,0,0.0,0,2.340388,1,0.0,0,0.0,0,1.7391728,1,2.340388,1,0.0,0,0.0,0,3.1971684,1,0.0,0,0.0,0
ACAGTGTGGTCACA-1,0,419,2.2821577,0.0,0,0.0,0,2.4322278,1,2.4322278,1,0.0,0,0.0,0,0.0,0,3.0804608,1,0.0,0,0.0,0,2.4322278,1,0.0,0,0.0,0,0.0,0,2.4322278,1,0.0,0,0.0,0,2.4322278,1,0.0,0,0.0,0
ACAGTGTGTTGCGA-1,1,856,2.2427442,0.0,0,2.2822747,1,0.0,0,3.45935,1,3.3104274,1,1.6863012,1,0.0,0,5.0712976,1,3.1353796,1,2.2822747,1,5.7886167,1,3.5889425,1,3.1353796,1,3.1353796,1,3.703651,1,0.0,0,2.923048,1,4.384405,1,2.2822747,1,4.384405,1
ACATCACTCTACTT-1,1,907,1.9176987,2.196514,1,2.5642111,1,1.6087983,1,3.495732,1,4.487846,1,1.6087983,1,1.6087983,1,5.6793756,1,2.8324606,1,2.8324606,1,5.415304,1,1.6087983,1,3.3665237,1,3.0437608,1,3.2181082,1,1.6087983,1,2.196514,1,4.343016,1,1.6087983,1,3.712792,1
ACATGGTGAAGCCT-1,0,791,1.2009238,1.7261426,1,0.0,0,0.0,0,2.3260942,1,0.0,0,1.7261426,1,0.0,0,2.96917,1,0.0,0,0.0,0,3.1819913,1,0.0,0,1.7261426,1,1.7261426,1,2.3260942,1,0.0,0,0.0,0,2.3260942,1,0.0,0,0.0,0
ACATGGTGCAACCA-1,3,756,2.7480206,1.7330108,1,0.0,0,0.0,0,2.7062476,1,0.0,0,1.7330108,1,0.0,0,3.6444387,1,1.7330108,1,0.0,0,3.7593136,1,1.7330108,1,1.7330108,1,1.7330108,1,2.7062476,1,0.0,0,0.0,0,0.0,0,0.0,0,0.0,0
ACATGGTGCGAGTT-1,0,771,1.171875,0.0,0,0.0,0,0.0,0,2.7512856,1,0.0,0,3.0228775,1,0.0,0,3.4119895,1,1.772846,1,1.772846,1,3.2362413,1,0.0,0,0.0,0,0.0,0,0.0,0,0.0,0,0.0,0,1.772846,1,0.0,0,0.0,0
ACATGGTGCGTTGA-1,2,690,5.377721,0.0,0,0.0,0,0.0,0,2.002865,1,0.0,0,0.0,0,0.0,0,3.0072045,1,2.002865,1,0.0,0,3.6753263,1,0.0,0,0.0,0,0.0,0,0.0,0,0.0,0,0.0,0,2.626154,1,0.0,0,0.0,0
ACATTCTGGCATAC-1,0,957,1.6140351,0.0,0,0.0,0,0.0,0,2.0822465,1,1.5065712,1,2.9208028,1,2.0822465,1,3.5866354,1,1.5065712,1,0.0,0,3.4843469,1,1.5065712,1,1.5065712,1,1.5065712,1,2.0822465,1,0.0,0,0.0,0,0.0,0,0.0,0,0.0,0
ACATTCTGGGAACG-1,1,1190,1.6684606,2.2055643,1,2.9878278,1,0.0,0,2.2055643,1,1.8537291,1,1.3061115,1,2.2055643,1,4.556113,1,1.3061115,1,2.2055643,1,5.2581053,1,2.2055643,1,2.6713138,1,2.6713138,1,3.4213166,1,0.0,0,1.8537291,1,4.0043435,1,1.8537291,1,3.7227216,1
ACCAACGACATGCA-1,0,680,1.4184396,0.0,0,1.74578,1,0.0,0,0.0,0,0.0,0,1.74578,1,0.0,0,3.3803895,1,0.0,0,0.0,0,4.056373,1,1.74578,1,0.0,0,0.0,0,2.347629,1,0.0,0,0.0,0,3.3803895,1,0.0,0,1.74578,1
ACCACAGAAAGTAG-1,0,524,3.2258062,0.0,0,2.0622213,1,0.0,0,0.0,0,0.0,0,2.6896715,1,0.0,0,3.3482773,1,0.0,0,0.0,0,2.0622213,1,0.0,0,0.0,0,2.0622213,1,3.072242,1,0.0,0,0.0,0,3.564367,1,0.0,0,0.0,0
ACCACAGAGTTGGT-1,0,908,1.2237762,0.0,0,0.0,0,0.0,0,2.0797915,1,0.0,0,1.5043886,1,0.0,0,3.481628,1,0.0,0,0.0,0,3.367682,1,2.0797915,1,0.0,0,0.0,0,2.0797915,1,0.0,0,0.0,0,1.5043886,1,0.0,0,1.5043886,1
ACCACCTGTGTGCA-1,0,506,1.6992353,0.0,0,0.0,0,0.0,0,0.0,0,0.0,0,2.2516496,1,0.0,0,3.2775297,1,0.0,0,0.0,0,2.8907495,1,0.0,0,0.0,0,2.2516496,1,0.0,0,0.0,0,0.0,0,2.2516496,1,0.0,0,0.0,0
ACCACGCTACAGCT-1,0,851,1.6192732,0.0,0,0.0,0,0.0,0,2.5539434,1,1.5999064,1,0.0,0,0.0,0,3.2074273,1,0.0,0,0.0,0,2.1866286,1,0.0,0,0.0,0,0.0,0,2.8219905,1,0.0,0,0.0,0,2.5539434,1,0.0,0,0.0,0
ACCACGCTACCCAA-1,2,775,2.479339,0.0,0,0.0,0,0.0,0,2.4275053,1,0.0,0,0.0,0,0.0,0,3.8604686,1,0.0,0,0.0,0,2.4275053,1,0.0,0,1.8189352,1,0.0,0,2.80311,1,0.0,0,0.0,0,2.4275053,1,0.0,0,2.4275053,1
ACCACGCTGCGAGA-1,0,793,2.3749368,0.0,0,0.0,0,0.0,0,0.0,0,0.0,0,1.8005635,1,0.0,0,3.268248,1,1.8005635,1,0.0,0,3.8389688,1,0.0,0,1.8005635,1,0.0,0,2.4074957,1,0.0,0,0.0,0,3.268248,1,0.0,0,0.0,0
ACCACGCTGCTGTA-1,0,748,3.5838728,0.0,0,0.0,0,0.0,0,1.7884339,1,0.0,0,3.579638,1,0.0,0,2.3942668,1,1.7884339,1,0.0,0,3.8247364,1,0.0,0,0.0,0,0.0,0,2.3942668,1,0.0,0,0.0,0,2.7688468,1,0.0,0,0.0,0
ACCAGCCTGACAGG-1,0,951,1.4791747,0.0,0,0.0,0,0.0,0,0.0,0,1.5877167,1,2.5398443,1,0.0,0,3.1927533,1,0.0,0,1.5877167,1,3.0186098,1,0.0,0,1.5877167,1,0.0,0,2.1730604,1,0.0,0,0.0,0,3.0186098,1,1.5877167,1,0.0,0
ACCAGTGAACGGTT-1,3,643,3.352601,0.0,0,0.0,0,0.0,0,0.0,0,0.0,0,1.9140283,1,0.0,0,3.1830988,1,1.9140283,1,0.0,0,3.5746486,1,0.0,0,2.5305724,1,0.0,0,2.5305724,1,0.0,0,0.0,0,0.0,0,0.0,0,0.0,0
ACCAGTGAATACCG-1,4,1277,3.2033067,3.5438657,1,3.7460713,1,2.428212,1,3.188904,1,4.4577527,1,3.07626,1,3.188904,1,6.063905,1,4.222457,1,2.428212,1,6.1108656,1,3.188904,1,3.6831055,1,3.4662285,1,3.6831055,1,0.0,0,2.1695042,1,3.8612275,1,3.4662285,1,3.805306,1
ACCAGTGAGGGATG-1,0,828,0.89979553,0.0,0,0.0,0,0.0,0,0.0,0,0.0,0,1.6276026,1,0.0,0,3.3891778,1,0.0,0,0.0,0,2.8545496,1,1.6276026,1,0.0,0,0.0,0,2.5858796,1,0.0,0,0.0,0,1.6276026,1,0.0,0,0.0,0
ACCAGTGATGACTG-1,1,480,2.780049,3.5176895,1,0.0,0,0.0,0,3.5176895,1,2.2166584,1,0.0,0,0.0,0,5.0521336,1,0.0,0,0.0,0,6.1108327,1,2.2166584,1,2.2166584,1,2.2166584,1,4.064509,1,0.0,0,2.2166584,1,4.416019,1,0.0,0,4.1958914,1
ACCATTACCTTCTA-1,0,969,1.9033674,1.3681959,1,1.3681959,1,0.0,0,1.3681959,1,0.0,0,2.2808275,1,0.0,0,3.665287,1,1.3681959,1,0.0,0,2.7499142,1,2.2808275,1,0.0,0,0.0,0,3.1956506,1,0.0,0,0.0,0,1.9251993,1,0.0,0,0.0,0
ACCATTACGAGATA-1,0,1112,0.7743363,0.0,0,0.0,0,0.0,0,1.5457308,1,0.0,0,1.5457308,1,0.0,0,3.4187489,1,3.2898855,1,0.0,0,0.0,0,2.1261816,1,2.4910707,1,0.0,0,2.9682066,1,0.0,0,0.0,0,2.4910707,1,0.0,0,0.0,0
ACCATTTGTCATTC-1,0,648,2.003643,0.0,0,0.0,0,0.0,0,1.9560932,1,0.0,0,0.0,0,0.0,0,3.4454768,1,0.0,0,0.0,0,3.622469,1,1.9560932,1,1.9560932,1,1.9560932,1,0.0,0,0.0,0,0.0,0,3.4454768,1,0.0,0,0.0,0
ACCCAAGAACTGTG-1,2,805,2.112676,0.0,0,0.0,0,1.9269524,1,1.9269524,1,0.0,0,3.1976187,1,0.0,0,2.5445182,1,0.0,0,0.0,0,2.5445182,1,1.9269524,1,0.0,0,1.9269524,1,2.5445182,1,0.0,0,0.0,0,3.7395682,1,0.0,0,0.0,0
ACCCAAGAATTCCT-1,4,1223,1.4875106,3.9952757,1,3.268302,1,3.268302,1,3.6242435,1,3.268302,1,3.6242435,1,2.2430723,1,6.0045466,1,3.4620268,1,1.889313,1,6.0183063,1,3.1552668,1,3.3698483,1,2.7105176,1,3.6964447,1,0.0,0,2.2430723,1,4.4117665,1,3.1552668,1,4.0456486,1
ACCCAAGAGGACAG-1,0,1023,1.108871,1.4727803,1,0.0,0,0.0,0,0.0,0,0.0,0,1.4727803,1,0.0,0,2.6703744,1,3.199873,1,0.0,0,2.4055057,1,0.0,0,0.0,0,1.4727803,1,2.4055057,1,0.0,0,0.0,0,3.0524938,1,2.0441625,1,0.0,0
ACCCAAGATTCACT-1,3,669,2.8846154,0.0,0,0.0,0,0.0,0,1.8030989,1,0.0,0,2.7853365,1,0.0,0,3.2711692,1,1.8030989,1,0.0,0,3.7268348,1,0.0,0,0.0,0,0.0,0,3.2711692,1,0.0,0,0.0,0,0.0,0,0.0,0,0.0,0
ACCCACTGCGCCTT-1,1,489,2.7383366,3.7273295,1,2.4107206,1,0.0,0,3.0579545,1,3.0579545,1,3.4476345,1,2.4107206,1,5.456456,1,4.276582,1,2.4107206,1,6.0801744,1,3.7273295,1,4.5248046,1,2.4107206,1,4.1247435,1,0.0,0,0.0,0,4.276582,1,2.4107206,1,4.5248046,1
ACCCACTGGACAGG-1,0,390,2.433372,0.0,0,0.0,0,0.0,0,0.0,0,0.0,0,2.5327032,1,0.0,0,3.8575656,1,0.0,0,0.0,0,3.1853178,1,0.0,0,0.0,0,0.0,0,0.0,0,0.0,0,0.0,0,0.0,0,0.0,0,0.0,0
ACCCACTGGTTCAG-1,6,350,1.2323943,0.0,0,0.0,0,0.0,0,2.9436815,1,0.0,0,0.0,0,0.0,0,4.289671,1,2.9436815,1,0.0,0,4.289671,1,0.0,0,0.0,0,0.0,0,4.289671,1,0.0,0,2.9436815,1,0.0,0,3.6101398,1,3.6101398,1
ACCCACTGTCGTAG-1,1,1113,3.131524,2.4376125,1,3.0860922,1,0.0,0,2.9128652,1,1.5000458,1,2.0749047,1,1.5000458,1,4.6907854,1,2.4376125,1,2.4376125,1,5.241865,1,3.4762135,1,3.6712458,1,1.5000458,1,3.0860922,1,0.0,0,0.0,0,4.1537776,1,0.0,0,4.4375257,1
ACCCAGCTCAGAAA-1,0,837,1.8836333,0.0,0,0.0,0,0.0,0,2.2380688,1,0.0,0,2.876409,1,0.0,0,3.7583132,1,0.0,0,0.0,0,3.7583132,1,0.0,0,1.646272,1,1.646272,1,2.6073318,1,0.0,0,0.0,0,3.851501,1,0.0,0,0.0,0
ACCCAGCTGTTAGC-1,1,1547,2.0596206,2.3060846,1,2.613672,1,0.0,0,2.9481223,1,2.738003,1,1.0321202,1,2.4716582,1,4.0433555,1,1.8595791,1,1.5291001,1,5.50839,1,2.738003,1,2.8485713,1,2.4716582,1,3.6622078,1,1.0321202,1,1.8595791,1,3.1216657,1,2.1075485,1,3.70756,1
ACCCAGCTTGCTTT-1,0,840,0.4408818,0.0,0,0.0,0,0.0,0,0.0,0,0.0,0,1.6110399,1,0.0,0,3.498449,1,0.0,0,0.0,0,3.2207978,1,0.0,0,0.0,0,0.0,0,0.0,0,1.6110399,1,0.0,0,2.5667975,1,0.0,0,0.0,0
ACCCGTTGATGACC-1,3,581,2.917772,0.0,0,0.0,0,0.0,0,0.0,0,0.0,0,2.032258,1,0.0,0,3.3151019,1,2.032258,1,0.0,0,4.1056423,1,0.0,0,0.0,0,0.0,0,3.039457,1,0.0,0,0.0,0,0.0,0,0.0,0,0.0,0
ACCCGTTGCTGCAA-1,0,748,0.74142724,0.0,0,0.0,0,0.0,0,0.0,0,0.0,0,0.0,0,0.0,0,3.360945,1,1.7291868,1,0.0,0,1.7291868,1,0.0,0,0.0,0,0.0,0,2.329435,1,0.0,0,0.0,0,1.7291868,1,0.0,0,0.0,0
ACCCGTTGCTTCTA-1,5,1861,1.4281024,1.4557858,1,0.0,0,0.0,0,0.0,0,0.9722649,1,0.0,0,0.0,0,3.5701647,1,0.0,0,0.0,0,3.700171,1,1.4557858,1,0.9722649,1,1.4557858,1,3.178677,1,0.0,0,1.780324,1,2.7597144,1,0.0,0,2.526327,1
ACCCTCGACCTATT-1,0,735,2.2003474,1.915508,1,0.0,0,0.0,0,0.0,0,0.0,0,2.9107823,1,0.0,0,3.1847625,1,2.5321698,1,0.0,0,1.915508,1,1.915508,1,0.0,0,2.9107823,1,2.9107823,1,0.0,0,0.0,0,3.399594,1,0.0,0,0.0,0
ACCCTCGACGGTAT-1,3,488,1.8473896,0.0,0,0.0,0,0.0,0,0.0,0,0.0,0,0.0,0,0.0,0,3.7182665,1,2.2015028,1,0.0,0,3.896534,1,0.0,0,0.0,0,0.0,0,2.2015028,1,0.0,0,0.0,0,0.0,0,0.0,0,0.0,0
ACCCTCGATAAGGA-1,1,1016,2.634352,2.4462364,1,2.9218,1,0.0,0,3.0951083,1,3.4853683,1,0.0,0,1.5073916,1,5.0476565,1,2.9218,1,0.0,0,5.8346615,1,3.4853683,1,2.712026,1,2.712026,1,3.8436198,1,0.0,0,2.4462364,1,3.916197,1,1.5073916,1,4.047236,1
ACCCTCGATCAAGC-1,1,585,2.8393352,5.723325,1,4.1489916,1,0.0,0,3.5737503,1,4.4327207,1,2.698674,1,2.070654,1,6.255271,1,4.252773,1,2.070654,1,6.06532,1,3.3575947,1,3.5737503,1,3.9021757,1,4.0331793,1,0.0,0,2.070654,1,4.346789,1,0.0,0,3.9021757,1
ACCGTGCTACCAGT-1,0,797,1.5479876,0.0,0,0.0,0,0.0,0,0.0,0,0.0,0,2.80311,1,0.0,0,2.4275053,1,0.0,0,0.0,0,3.2893882,1,0.0,0,0.0,0,2.4275053,1,2.80311,1,0.0,0,0.0,0,2.4275053,1,0.0,0,0.0,0
ACCGTGCTGGAACG-1,3,769,2.200105,0.0,0,0.0,0,0.0,0,1.831155,1,0.0,0,2.4407964,1,0.0,0,4.0716214,1,1.831155,1,0.0,0,3.978015,1,0.0,0,2.8168013,1,0.0,0,1.831155,1,0.0,0,0.0,0,1.831155,1,1.831155,1,0.0,0
ACCTATTGCTGAGT-1,3,490,2.605042,0.0,0,0.0,0,0.0,0,2.2410672,1,2.2410672,1,2.2410672,1,0.0,0,3.5442421,1,2.2410672,1,0.0,0,3.761591,1,0.0,0,2.2410672,1,0.0,0,2.879576,1,0.0,0,0.0,0,0.0,0,0.0,0,0.0,0
ACCTATTGTGCCCT-1,4,1307,2.7586207,4.137357,1,3.570005,1,3.244732,1,3.4205358,1,4.175964,1,3.8679495,1,3.4205358,1,5.4499884,1,4.055363,1,2.7595603,1,6.1086206,1,2.5898232,1,3.6371188,1,3.031286,1,3.6371188,1,1.7801871,1,2.127809,1,4.137357,1,0.0,0,3.4980602,1
ACCTCCGAGTCCTC-1,0,895,1.071723,1.633879,1,0.0,0,0.0,0,0.0,0,1.633879,1,1.633879,1,0.0,0,3.39672,1,1.633879,1,0.0,0,3.2481344,1,0.0,0,0.0,0,2.5930982,1,0.0,0,0.0,0,0.0,0,2.5930982,1,0.0,0,0.0,0
ACCTCCGATATGCG-1,0,686,2.571269,0.0,0,0.0,0,0.0,0,0.0,0,0.0,0,1.8855101,1,0.0,0,2.8774636,1,0.0,0,0.0,0,3.6920743,1,0.0,0,1.8855101,1,0.0,0,1.8855101,1,0.0,0,0.0,0,3.5420685,1,2.4997485,1,0.0,0
ACCTCCGATGCTGA-1,0,602,2.291783,0.0,0,0.0,0,0.0,0,1.8859844,1,0.0,0,1.8859844,1,0.0,0,1.8859844,1,2.8779912,1,0.0,0,3.3660607,1,0.0,0,0.0,0,1.8859844,1,0.0,0,0.0,0,0.0,0,3.1515117,1,0.0,0,0.0,0
ACCTCGTGAACCAC-1,2,772,2.996445,0.0,0,0.0,0,0.0,0,0.0,0,0.0,0,0.0,0,0.0,0,3.0598898,1,0.0,0,0.0,0,3.7293112,1,0.0,0,0.0,0,0.0,0,2.412569,1,0.0,0,0.0,0,3.0598898,1,0.0,0,0.0,0
ACCTGAGATATCGG-1,1,704,3.7401576,2.023663,1,2.6484401,1,0.0,0,3.3055654,1,2.6484401,1,0.0,0,2.6484401,1,4.199603,1,2.6484401,1,0.0,0,5.523489,1,3.5213463,1,2.023663,1,2.023663,1,3.849337,1,0.0,0,0.0,0,3.3055654,1,0.0,0,3.5213463,1
ACCTGGCTAAGTAG-1,2,892,2.8877006,0.0,0,3.1091423,1,2.8362303,1,0.0,0,0.0,0,2.8362303,1,0.0,0,2.8362303,1,0.0,0,0.0,0,4.2564054,1,0.0,0,2.4596667,1,1.8485265,1,2.4596667,1,0.0,0,0.0,0,2.8362303,1,1.8485265,1,0.0,0
ACCTGGCTGTCTTT-1,1,446,5.263158,3.608974,1,0.0,0,3.2169578,1,3.2169578,1,4.288489,1,3.608974,1,0.0,0,4.793809,1,4.6893682,1,2.5631053,1,5.9195857,1,3.608974,1,2.5631053,1,2.5631053,1,3.8898633,1,0.0,0,0.0,0,4.572734,1,3.2169578,1,3.608974,1
ACCTTTGACTCCCA-1,1,1169,2.225131,2.8545494,1,3.0272279,1,0.0,0,3.0272279,1,3.174433,1,0.0,0,1.4523916,1,5.452779,1,2.3813932,1,2.0211031,1,5.452779,1,3.5184832,1,3.6110947,1,3.174433,1,3.6958518,1,2.0211031,1,2.8545494,1,4.196697,1,1.4523916,1,4.563581,1
ACCTTTGAGGAACG-1,1,1375,3.305187,3.3997808,1,3.5491512,1,0.0,0,3.3157992,1,3.897164,1,1.7623744,1,2.5699856,1,4.9654603,1,2.5699856,1,1.7623744,1,5.3166614,1,2.8843477,1,3.3997808,1,1.227629,1,3.897164,1,1.227629,1,2.3657956,1,4.3899107,1,3.010868,1,4.2278194,1
ACCTTTGAGGAAGC-1,4,1189,1.7045455,3.3344734,1,2.8471255,1,1.3100502,1,3.426539,1,3.5885806,1,2.6763394,1,2.470253,1,5.5214014,1,3.426539,1,2.2103689,1,6.103787,1,3.1201987,1,3.1201987,1,3.1201987,1,3.2330642,1,0.0,0,1.8582835,1,3.8503203,1,2.2103689,1,4.147036,1
ACGAACACCTTGTT-1,2,892,1.3248848,0.0,0,1.9120598,1,2.528447,1,0.0,0,0.0,0,2.9069579,1,0.0,0,3.572404,1,0.0,0,0.0,0,3.8530393,1,0.0,0,1.9120598,1,1.9120598,1,2.9069579,1,0.0,0,1.9120598,1,2.9069579,1,0.0,0,2.9069579,1
ACGAACTGGCTATG-1,6,2455,1.5675737,3.1094382,1,3.9235063,1,2.8848794,1,3.6124394,1,3.003449,1,2.8848794,1,1.1797378,1,5.3227353,1,3.9235063,1,2.1846259,1,5.517,1,2.9459205,1,2.8198688,1,2.8848794,1,4.650736,1,1.477113,1,1.8921782,1,4.087514,1,2.8848794,1,2.8198688,1
ACGAAGCTCTCCAC-1,0,355,1.0050251,0.0,0,0.0,0,0.0,0,0.0,0,0.0,0,0.0,0,0.0,0,2.6084962,1,0.0,0,0.0,0,3.9379728,1,0.0,0,0.0,0,0.0,0,2.6084962,1,0.0,0,0.0,0,0.0,0,0.0,0,0.0,0
ACGAAGCTCTGAGT-1,3,1856,3.339465,0.0,0,0.0,0,0.8821255,1,2.08941,1,0.8821255,1,1.8967376,1,0.0,0,3.1019123,1,2.5118923,1,0.8821255,1,3.3287902,1,1.6578639,1,1.3434023,1,0.8821255,1,2.71868,1,0.0,0,0.0,0,2.3898818,1,0.0,0,0.0,0
ACGACCCTATCTCT-1,4,1317,2.0603385,3.4932907,1,3.0266051,1,1.2393551,1,3.4932907,1,3.863134,1,2.7549539,1,2.5852745,1,5.0781074,1,3.4932907,1,1.2393551,1,5.5067067,1,3.1389868,1,3.1389868,1,2.5852745,1,3.1389868,1,1.2393551,1,2.3807993,1,3.754376,1,1.7760994,1,4.3121614,1
ACGACCCTGATGAA-1,2,703,3.0287986,0.0,0,0.0,0,0.0,0,1.7871907,1,2.3929102,1,1.7871907,1,0.0,0,2.3929102,1,2.3929102,1,0.0,0,4.184253,1,1.7871907,1,1.7871907,1,0.0,0,3.252823,1,0.0,0,0.0,0,2.7674475,1,0.0,0,0.0,0
ACGACCCTTGACAC-1,3,825,1.6457961,1.5217818,1,0.0,0,0.0,0,0.0,0,0.0,0,0.0,0,0.0,0,3.1127274,1,2.099337,1,0.0,0,3.605601,1,0.0,0,0.0,0,0.0,0,1.5217818,1,0.0,0,0.0,0,1.5217818,1,0.0,0,0.0,0
ACGACCCTTGACCA-1,0,736,2.7225585,0.0,0,0.0,0,0.0,0,0.0,0,0.0,0,0.0,0,0.0,0,2.9061403,1,0.0,0,0.0,0,3.2932086,1,0.0,0,0.0,0,0.0,0,1.6717592,1,0.0,0,0.0,0,0.0,0,0.0,0,1.6717592,1
ACGAGGGACAGGAG-1,5,1997,1.4618778,2.5138316,1,1.9888,1,0.8159629,1,3.0531344,1,2.6996734,1,2.781067,1,2.6996734,1,4.560188,1,2.1480474,1,0.8159629,1,3.8374865,1,2.4061174,1,2.4061174,1,2.6110635,1,3.165658,1,0.0,0,0.8159629,1,2.5138316,1,0.8159629,1,4.707164,1
ACGAGGGACGAACT-1,0,892,2.4981897,2.110411,1,0.0,0,0.0,0,1.5316528,1,0.0,0,0.0,0,0.0,0,3.7107382,1,0.0,0,0.0,0,0.0,0,2.4746416,1,0.0,0,0.0,0,2.4746416,1,0.0,0,0.0,0,1.5316528,1,0.0,0,0.0,0
ACGAGGGATGTAGC-1,0,1034,2.3910909,1.4531442,1,0.0,0,0.0,0,1.4531442,1,0.0,0,1.4531442,1,0.0,0,3.9149806,1,2.0219555,1,0.0,0,2.6466115,1,1.4531442,1,1.4531442,1,2.3822849,1,0.0,0,0.0,0,0.0,0,3.4173613,1,0.0,0,0.0,0
ACGAGTACCCTAAG-1,3,545,1.8239492,0.0,0,0.0,0,0.0,0,0.0,0,2.1922622,1,0.0,0,0.0,0,2.8279583,1,0.0,0,0.0,0,3.7081244,1,2.8279583,1,0.0,0,0.0,0,3.2135155,1,0.0,0,0.0,0,0.0,0,0.0,0,0.0,0
ACGAGTACGAATCC-1,3,1188,1.5741508,0.0,0,0.0,0,0.0,0,1.3252681,1,0.0,0,1.8758538,1,0.0,0,3.0127053,1,1.8758538,1,0.0,0,4.0300527,1,0.0,0,2.489295,1,0.0,0,1.8758538,1,0.0,0,0.0,0,1.8758538,1,0.0,0,0.0,0
ACGATCGAGGACTT-1,2,659,0.9334163,0.0,0,1.9788493,1,0.0,0,1.9788493,1,0.0,0,0.0,0,0.0,0,1.9788493,1,0.0,0,0.0,0,2.9807832,1,0.0,0,0.0,0,0.0,0,1.9788493,1,0.0,0,0.0,0,1.9788493,1,0.0,0,0.0,0
ACGATCGAGTCACA-1,1,1056,1.989563,2.642663,1,1.4498894,1,0.0,0,2.642663,1,3.2995758,1,2.0182688,1,0.0,0,5.139658,1,2.642663,1,2.0182688,1,5.435402,1,2.3784277,1,2.85147,1,3.4132507,1,3.77079,1,0.0,0,1.4498894,1,3.9108152,1,1.4498894,1,4.0897937,1
ACGATGACAATGCC-1,0,819,2.0480855,1.6964121,1,1.6964121,1,0.0,0,2.2934117,1,0.0,0,2.2934117,1,0.0,0,3.4713576,1,2.2934117,1,0.0,0,2.9347804,1,0.0,0,0.0,0,2.6646574,1,2.6646574,1,0.0,0,0.0,0,3.1472387,1,1.6964121,1,0.0,0
ACGATGACTGGTCA-1,0,979,1.8223236,0.0,0,0.0,0,0.0,0,1.5684892,1,0.0,0,1.5684892,1,1.5684892,1,2.784861,1,1.5684892,1,0.0,0,2.784861,1,1.5684892,1,0.0,0,0.0,0,2.5175493,1,0.0,0,0.0,0,3.9198344,1,0.0,0,1.5684892,1
ACGATTCTACGGGA-1,2,632,3.4246576,0.0,0,0.0,0,0.0,0,1.9777756,1,0.0,0,0.0,0,0.0,0,2.9796004,1,0.0,0,0.0,0,2.9796004,1,0.0,0,1.9777756,1,0.0,0,2.9796004,1,0.0,0,0.0,0,1.9777756,1,0.0,0,0.0,0
ACGCAATGGTTCAG-1,2,598,2.607987,0.0,0,0.0,0,2.2137494,1,2.2137494,1,0.0,0,0.0,0,0.0,0,3.236711,1,0.0,0,0.0,0,2.2137494,1,0.0,0,0.0,0,0.0,0,2.2137494,1,0.0,0,0.0,0,2.8507018,1,0.0,0,0.0,0
ACGCACCTGTTAGC-1,3,690,2.1339657,0.0,0,0.0,0,0.0,0,0.0,0,0.0,0,0.0,0,0.0,0,2.5537612,1,2.5537612,1,0.0,0,3.7493577,1,0.0,0,0.0,0,0.0,0,2.5537612,1,0.0,0,0.0,0,0.0,0,0.0,0,0.0,0
ACGCCACTGAACTC-1,1,310,0.0,2.8685405,1,0.0,0,0.0,0,4.211315,1,4.211315,1,3.532886,1,2.8685405,1,5.2999935,1,2.8685405,1,2.8685405,1,6.031364,1,2.8685405,1,3.9285634,1,3.532886,1,4.211315,1,0.0,0,3.532886,1,4.431489,1,3.532886,1,4.431489,1
ACGCCGGAAACCAC-1,1,803,2.2737405,2.294213,1,1.6971401,1,0.0,0,2.9356244,1,3.323232,1,1.6971401,1,2.6654868,1,5.450319,1,3.323232,1,1.6971401,1,5.450319,1,3.1480918,1,3.1480918,1,2.6654868,1,3.9128518,1,0.0,0,0.0,0,3.9981966,1,1.6971401,1,3.819538,1
ACGCCGGAAAGCCT-1,0,743,0.88578093,0.0,0,0.0,0,0.0,0,1.7345462,1,0.0,0,0.0,0,0.0,0,2.9788618,1,0.0,0,0.0,0,2.9788618,1,0.0,0,0.0,0,0.0,0,0.0,0,0.0,0,0.0,0,2.707988,1,0.0,0,0.0,0
ACGCCGGAAATGCC-1,0,560,2.2686026,0.0,0,0.0,0,0.0,0,0.0,0,0.0,0,2.3099985,1,0.0,0,2.952241,1,0.0,0,0.0,0,2.952241,1,0.0,0,0.0,0,2.3099985,1,2.3099985,1,0.0,0,0.0,0,2.952241,1,0.0,0,0.0,0
ACGCCTTGCTCCCA-1,4,1073,3.0281181,3.7057989,1,3.7057989,1,3.9416797,1,3.8690643,1,4.0093775,1,3.612944,1,3.2677622,1,6.038993,1,3.7057989,1,2.4700055,1,5.220262,1,3.11994,1,4.8742056,1,2.4700055,1,4.241939,1,1.5276861,1,2.4700055,1,4.4725537,1,2.9464116,1,3.11994,1
ACGCGGTGGCGAGA-1,0,844,2.055921,0.0,0,1.6315598,1,0.0,0,0.0,0,0.0,0,1.6315598,1,0.0,0,3.6377592,1,0.0,0,0.0,0,4.138005,1,1.6315598,1,2.2217746,1,1.6315598,1,2.2217746,1,0.0,0,0.0,0,2.5904317,1,0.0,0,0.0,0
ACGCGGTGTGTGGT-1,3,882,2.265745,0.0,0,2.161418,1,0.0,0,2.79526,1,0.0,0,1.5772703,1,0.0,0,3.3283415,1,2.161418,1,1.5772703,1,3.930695,1,0.0,0,0.0,0,1.5772703,1,3.0061085,1,0.0,0,0.0,0,0.0,0,0.0,0,0.0,0
ACGCGGTGTTTGCT-1,2,841,1.6317016,0.0,0,0.0,0,2.978419,1,0.0,0,0.0,0,1.734162,1,0.0,0,2.3348935,1,0.0,0,0.0,0,3.191336,1,0.0,0,0.0,0,0.0,0,3.366781,1,0.0,0,0.0,0,3.191336,1,0.0,0,0.0,0
ACGCTCACAGTACC-1,0,815,2.7038445,0.0,0,0.0,0,0.0,0,0.0,0,0.0,0,1.6534083,1,1.6534083,1,2.6155162,1,0.0,0,0.0,0,3.271413,1,0.0,0,0.0,0,0.0,0,2.2459633,1,0.0,0,0.0,0,0.0,0,0.0,0,0.0,0
ACGCTCACCCTTGC-1,0,771,2.3094687,0.0,0,0.0,0,0.0,0,1.7272826,1,1.7272826,1,0.0,0,0.0,0,3.1833205,1,0.0,0,0.0,0,2.3273454,1,0.0,0,1.7272826,1,0.0,0,2.3273454,1,0.0,0,1.7272826,1,0.0,0,0.0,0,1.7272826,1
ACGCTGCTGTTCTT-1,2,976,1.0736196,0.0,0,0.0,0,2.4190707,1,0.0,0,0.0,0,3.4565136,1,0.0,0,3.2804801,1,0.0,0,0.0,0,3.0666952,1,0.0,0,2.4190707,1,1.8111874,1,1.8111874,1,0.0,0,0.0,0,4.2856245,1,1.8111874,1,2.4190707,1
ACGGAACTCAGATC-1,2,986,1.8561485,0.0,0,1.7303318,1,2.3306916,1,0.0,0,0.0,0,2.7032104,1,0.0,0,3.859155,1,0.0,0,0.0,0,4.6360445,1,1.7303318,1,1.7303318,1,0.0,0,3.3622887,1,0.0,0,0.0,0,1.7303318,1,0.0,0,0.0,0
ACGGAACTGTCGTA-1,4,820,3.9015326,4.190957,1,3.1882105,1,1.7314786,1,3.1882105,1,3.7574956,1,1.7314786,1,2.3319497,1,5.6672497,1,4.1180124,1,1.7314786,1,6.898954,1,2.7045107,1,2.7045107,1,3.1882105,1,3.7574956,1,1.7314786,1,2.3319497,1,3.7574956,1,2.3319497,1,3.7574956,1
ACGGAGGACTCTTA-1,1,957,2.8691661,2.7916603,1,3.0024643,1,0.0,0,3.0024643,1,2.7916603,1,2.158026,1,2.7916603,1,6.080574,1,4.067406,1,2.158026,1,5.787807,1,1.574229,1,4.067406,1,3.1764739,1,3.453668,1,1.574229,1,2.158026,1,4.067406,1,3.1764739,1,4.24687,1
ACGGATTGGGAGGT-1,3,640,2.7794561,1.9524529,1,0.0,0,0.0,0,0.0,0,0.0,0,1.9524529,1,0.0,0,3.441371,1,0.0,0,1.9524529,1,3.6183414,1,0.0,0,0.0,0,0.0,0,2.951668,1,0.0,0,0.0,0,0.0,0,0.0,0,1.9524529,1
ACGGATTGGTTAGC-1,0,1012,1.8252933,0.0,0,0.0,0,0.0,0,1.4491405,1,0.0,0,2.0174205,1,0.0,0,3.1703646,1,1.4491405,1,0.0,0,4.9025865,1,0.0,0,0.0,0,1.4491405,1,2.0174205,1,0.0,0,0.0,0,1.4491405,1,1.4491405,1,0.0,0
ACGGCTCTGAGCAG-1,0,927,2.511511,2.2380688,1,0.0,0,0.0,0,2.2380688,1,0.0,0,2.2380688,1,0.0,0,3.5409834,1,0.0,0,0.0,0,2.6073318,1,0.0,0,0.0,0,1.646272,1,1.646272,1,0.0,0,0.0,0,3.851501,1,0.0,0,0.0,0
ACGGCTCTTGCACA-1,0,794,1.8934911,0.0,0,0.0,0,0.0,0,1.5983311,1,0.0,0,1.5983311,1,0.0,0,2.8201337,1,0.0,0,0.0,0,3.4830287,1,1.5983311,1,0.0,0,0.0,0,1.5983311,1,0.0,0,0.0,0,0.0,0,0.0,0,0.0,0
ACGGTAACCGCTAA-1,0,753,2.6780932,0.0,0,0.0,0,0.0,0,2.461626,1,0.0,0,1.8503319,1,0.0,0,0.0,0,0.0,0,0.0,0,3.1111891,1,0.0,0,0.0,0,2.461626,1,2.838247,1,0.0,0,0.0,0,3.3253832,1,0.0,0,0.0,0
ACGGTAACCTTCGC-1,2,791,2.3148148,0.0,0,0.0,0,0.0,0,1.8154814,1,0.0,0,1.8154814,1,0.0,0,3.2854185,1,0.0,0,0.0,0,3.7412884,1,2.423746,1,0.0,0,0.0,0,1.8154814,1,0.0,0,0.0,0,3.7412884,1,0.0,0,0.0,0
ACGGTAACGGTGGA-1,0,366,4.192355,0.0,0,0.0,0,0.0,0,0.0,0,0.0,0,0.0,0,0.0,0,3.2461548,1,0.0,0,0.0,0,2.5911927,1,0.0,0,0.0,0,0.0,0,0.0,0,0.0,0,0.0,0,2.5911927,1,0.0,0,2.5911927,1
ACGGTAACTCGCAA-1,2,539,2.2258863,0.0,0,0.0,0,0.0,0,0.0,0,0.0,0,0.0,0,0.0,0,2.8615177,1,2.2239773,1,0.0,0,3.2477381,1,2.2239773,1,0.0,0,0.0,0,0.0,0,0.0,0,0.0,0,0.0,0,0.0,0,0.0,0
ACGGTATGAGTCGT-1,1,752,2.4376416,2.8907495,1,3.5557365,1,0.0,0,2.8907495,1,3.1644506,1,0.0,0,1.89746,1,5.2062345,1,3.1644506,1,1.89746,1,6.041447,1,1.89746,1,0.0,0,3.1644506,1,3.951636,1,1.89746,1,0.0,0,4.5185547,1,0.0,0,4.234501,1
ACGGTATGGGTATC-1,3,769,3.8157284,0.0,0,0.0,0,0.0,0,0.0,0,0.0,0,0.0,0,0.0,0,3.5137308,1,0.0,0,0.0,0,3.364532,1,1.7322443,1,1.7322443,1,0.0,0,3.364532,1,0.0,0,0.0,0,1.7322443,1,1.7322443,1,0.0,0
ACGGTATGGTTGTG-1,3,650,2.259887,1.8146205,1,0.0,0,0.0,0,0.0,0,0.0,0,2.798271,1,0.0,0,2.422809,1,2.798271,1,0.0,0,3.8554254,1,0.0,0,0.0,0,0.0,0,3.2844288,1,0.0,0,0.0,0,0.0,0,0.0,0,0.0,0
ACGGTCCTAACGGG-1,0,947,1.3654984,0.0,0,1.7144704,1,0.0,0,2.6852047,1,0.0,0,3.3436532,1,0.0,0,3.622469,1,0.0,0,0.0,0,3.3436532,1,0.0,0,1.7144704,1,2.3132746,1,1.7144704,1,0.0,0,0.0,0,3.1683683,1,0.0,0,0.0,0
ACGGTCCTCGGGAA-1,0,771,2.3513753,1.693146,1,0.0,0,0.0,0,1.693146,1,0.0,0,3.1434102,1,0.0,0,3.3185163,1,2.2898154,1,0.0,0,2.6609356,1,0.0,0,0.0,0,1.693146,1,2.9309926,1,0.0,0,0.0,0,3.1434102,1,0.0,0,0.0,0
ACGTAGACAACCAC-1,0,824,0.9861933,1.7805973,1,0.0,0,0.0,0,2.3857121,1,0.0,0,2.3857121,1,0.0,0,3.5704842,1,0.0,0,2.3857121,1,3.2452059,1,1.7805973,1,2.3857121,1,2.3857121,1,0.0,0,0.0,0,0.0,0,1.7805973,1,0.0,0,1.7805973,1
ACGTAGACTACAGC-1,3,744,1.7495898,0.0,0,0.0,0,0.0,0,1.8672471,1,1.8672471,1,1.8672471,1,0.0,0,3.671052,1,0.0,0,1.8672471,1,2.8571239,1,0.0,0,0.0,0,0.0,0,0.0,0,0.0,0,0.0,0,1.8672471,1,0.0,0,0.0,0
ACGTCAGAAACGAA-1,0,837,2.1688972,0.0,0,0.0,0,0.0,0,0.0,0,0.0,0,2.6980278,1,0.0,0,3.5060868,1,1.7257631,1,0.0,0,3.8537169,1,0.0,0,0.0,0,2.3256774,1,2.3256774,1,0.0,0,0.0,0,3.5060868,1,0.0,0,0.0,0
ACGTCAGAGAGCTT-1,1,723,2.4071167,2.4403179,1,2.8163085,1,0.0,0,3.4790862,1,3.6288218,1,3.4790862,1,1.830715,1,5.4669013,1,3.8742194,1,1.830715,1,6.052809,1,3.3029127,1,2.4403179,1,2.4403179,1,3.8742194,1,1.830715,1,0.0,0,4.440455,1,2.8163085,1,5.5517144,1
ACGTCAGAGGGATG-1,0,640,1.4925373,0.0,0,0.0,0,0.0,0,0.0,0,0.0,0,0.0,0,0.0,0,2.6375265,1,0.0,0,2.0134745,1,3.8378391,1,0.0,0,2.0134745,1,0.0,0,3.0188568,1,0.0,0,0.0,0,3.2942493,1,0.0,0,0.0,0
ACGTCCTGATAAGG-1,1,923,3.5020936,2.7866454,1,0.0,0,0.0,0,2.7866454,1,2.1533015,1,2.5192976,1,0.0,0,5.032168,1,2.1533015,1,0.0,0,5.4681053,1,2.1533015,1,2.1533015,1,2.9973867,1,3.448494,1,0.0,0,1.5699949,1,3.9943905,1,1.5699949,1,4.1256166,1
ACGTCCTGTGAACC-1,1,1174,2.4220405,2.9536757,1,3.4434216,1,0.0,0,3.770722,1,3.620403,1,3.3416054,1,4.1204624,1,5.174478,1,2.5739503,1,0.0,0,5.686468,1,3.3416054,1,3.2282352,1,3.2282352,1,3.9608045,1,0.0,0,1.9542708,1,4.4163485,1,1.9542708,1,4.258104,1
ACGTCGCTCCTGAA-1,7,1597,1.8565615,1.2665024,1,1.2665024,1,1.8077706,1,0.0,0,0.0,0,2.620464,1,0.0,0,3.7322912,1,2.1570113,1,0.0,0,2.935926,1,1.2665024,1,1.2665024,1,0.0,0,2.620464,1,0.0,0,0.0,0,2.1570113,1,0.0,0,0.0,0
ACGTCGCTCTATTC-1,1,699,3.40694,2.611999,1,2.9926975,1,0.0,0,2.611999,1,1.9896716,1,0.0,0,0.0,0,4.0573034,1,2.611999,1,0.0,0,4.49294,1,2.611999,1,0.0,0,2.611999,1,1.9896716,1,0.0,0,0.0,0,4.1609325,1,0.0,0,3.94168,1
ACGTCGCTTCTCAT-1,3,618,2.496879,0.0,0,0.0,0,0.0,0,0.0,0,0.0,0,1.9810015,1,0.0,0,2.6026897,1,1.9810015,1,0.0,0,3.6506581,1,0.0,0,0.0,0,0.0,0,1.9810015,1,0.0,0,0.0,0,0.0,0,0.0,0,0.0,0
ACGTGATGCCATGA-1,5,1418,2.6281934,2.9648862,1,2.754552,1,0.0,0,3.0554976,1,2.6300704,1,1.5429773,1,2.1230993,1,5.473376,1,1.874529,1,1.0435398,1,4.8796663,1,2.1230993,1,1.874529,1,2.865239,1,2.865239,1,0.0,0,1.0435398,1,3.2865155,1,1.0435398,1,5.3326993,1
ACGTGATGGGTCTA-1,0,820,1.8953754,0.0,0,0.0,0,0.0,0,0.0,0,0.0,0,0.0,0,0.0,0,2.9952195,1,0.0,0,0.0,0,2.5172002,1,0.0,0,1.5681885,1,2.1512852,1,2.7845047,1,0.0,0,0.0,0,1.5681885,1,0.0,0,0.0,0
ACGTGATGTAACCG-1,4,1047,1.5456989,3.94036,1,3.872755,1,2.8798933,1,3.63725,1,3.722065,1,3.2001953,1,3.052814,1,5.878918,1,2.6706874,1,2.0444553,1,5.76968,1,2.0444553,1,3.5445688,1,3.722065,1,4.271262,1,1.4730395,1,2.4058115,1,4.361019,1,3.4424121,1,4.0632334,1
ACGTGATGTGACAC-1,2,981,3.1850119,0.0,0,3.1958191,1,1.7380133,1,0.0,0,1.7380133,1,3.3712952,1,0.0,0,3.765246,1,0.0,0,0.0,0,2.7119164,1,2.3391168,1,1.7380133,1,0.0,0,2.982857,1,0.0,0,0.0,0,2.982857,1,0.0,0,0.0,0
ACGTGCCTCCGTAA-1,0,866,1.3780432,0.0,0,0.0,0,0.0,0,2.3215222,1,0.0,0,1.7219784,1,0.0,0,1.7219784,1,2.3215222,1,0.0,0,3.1771343,1,0.0,0,1.7219784,1,1.7219784,1,0.0,0,0.0,0,0.0,0,4.1795774,1,0.0,0,0.0,0
ACGTGCCTTCTATC-1,2,527,3.7002776,0.0,0,0.0,0,0.0,0,0.0,0,0.0,0,0.0,0,0.0,0,2.9713638,1,0.0,0,0.0,0,3.6385603,1,0.0,0,0.0,0,0.0,0,2.3281806,1,0.0,0,0.0,0,2.9713638,1,0.0,0,0.0,0
ACGTTACTTTCCAT-1,0,762,1.6260161,0.0,0,0.0,0,0.0,0,0.0,0,0.0,0,3.4500923,1,0.0,0,3.060374,1,0.0,0,0.0,0,3.599698,1,0.0,0,0.0,0,0.0,0,2.4130318,1,0.0,0,0.0,0,3.2740993,1,0.0,0,0.0,0
ACGTTGGAAAAGCA-1,0,717,1.9204389,0.0,0,0.0,0,0.0,0,2.6890318,1,0.0,0,0.0,0,0.0,0,2.6890318,1,0.0,0,0.0,0,3.4967294,1,1.717839,1,2.6890318,1,0.0,0,1.717839,1,0.0,0,1.717839,1,0.0,0,0.0,0,0.0,0
ACGTTGGAAACCTG-1,2,860,4.014434,0.0,0,0.0,0,0.0,0,0.0,0,0.0,0,1.7066735,1,0.0,0,2.9466681,1,2.3047028,1,1.7066735,1,3.7279894,1,0.0,0,0.0,0,1.7066735,1,2.3047028,1,0.0,0,0.0,0,2.6763394,1,0.0,0,0.0,0
ACGTTGGACCGTAA-1,1,603,2.4584239,3.1227028,1,2.1085014,1,0.0,0,3.3993142,1,3.1227028,1,0.0,0,0.0,0,5.671382,1,3.1227028,1,0.0,0,6.284984,1,3.1227028,1,3.1227028,1,0.0,0,2.1085014,1,0.0,0,0.0,0,3.6157563,1,2.1085014,1,3.6157563,1
ACGTTGGAGCCAAT-1,2,828,2.247191,0.0,0,2.8822238,1,3.6969926,1,1.8897898,1,0.0,0,1.8897898,1,0.0,0,3.3703907,1,0.0,0,0.0,0,3.6969926,1,1.8897898,1,2.5043788,1,0.0,0,1.8897898,1,0.0,0,0.0,0,3.8274193,1,0.0,0,1.8897898,1
ACGTTGGATATGGC-1,3,476,1.2357415,0.0,0,0.0,0,0.0,0,0.0,0,0.0,0,0.0,0,0.0,0,2.997206,1,2.352779,1,0.0,0,3.883083,1,0.0,0,0.0,0,0.0,0,3.6650732,1,0.0,0,0.0,0,2.352779,1,0.0,0,2.352779,1
ACGTTGGATCAGGT-1,1,1071,1.4994645,2.7272525,1,3.1106768,1,1.5201048,1,3.8595746,1,3.3871536,1,2.4611359,1,2.0974543,1,5.5676093,1,3.3871536,1,2.7272525,1,5.4365697,1,3.5011735,1,3.1106768,1,3.25844,1,3.1106768,1,1.5201048,1,2.4611359,1,4.4629717,1,3.25844,1,4.1228666,1
ACGTTTACATCAGC-1,0,775,1.5625,1.6534083,1,0.0,0,0.0,0,0.0,0,1.6534083,1,2.2459633,1,0.0,0,2.2459633,1,0.0,0,0.0,0,1.6534083,1,1.6534083,1,0.0,0,0.0,0,1.6534083,1,0.0,0,0.0,0,1.6534083,1,0.0,0,0.0,0
ACTAAAACCCACAA-1,0,614,1.4195584,0.0,0,0.0,0,0.0,0,0.0,0,0.0,0,2.1852262,1,0.0,0,4.0297813,1,2.1852262,1,0.0,0,3.2059114,1,0.0,0,0.0,0,0.0,0,2.1852262,1,0.0,0,0.0,0,2.8205047,1,0.0,0,0.0,0
ACTAAAACTCGACA-1,1,913,2.0897834,3.3369,1,3.0145464,1,1.5843189,1,2.5359092,1,2.8035953,1,1.5843189,1,0.0,0,4.917488,1,2.8035953,1,0.0,0,5.7275043,1,2.1692753,1,3.5802839,1,2.8035953,1,4.0799,1,0.0,0,2.1692753,1,4.012114,1,1.5843189,1,3.4659781,1
ACTACGGAATTTCC-1,0,836,1.9195613,0.0,0,0.0,0,0.0,0,1.717839,1,0.0,0,1.717839,1,0.0,0,3.1723027,1,1.717839,1,0.0,0,3.6264663,1,1.717839,1,1.717839,1,0.0,0,3.3476152,1,0.0,0,0.0,0,2.9595814,1,0.0,0,0.0,0
ACTACGGACCTATT-1,0,669,2.660754,0.0,0,0.0,0,0.0,0,0.0,0,0.0,0,1.878432,1,0.0,0,1.878432,1,0.0,0,0.0,0,2.4920871,1,0.0,0,0.0,0,1.878432,1,1.878432,1,0.0,0,0.0,0,1.878432,1,0.0,0,0.0,0
ACTACGGATCGCTC-1,0,942,1.3759611,0.0,0,0.0,0,0.0,0,2.5757244,1,0.0,0,0.0,0,0.0,0,3.5078237,1,1.618783,1,0.0,0,2.5757244,1,0.0,0,1.618783,1,0.0,0,1.618783,1,0.0,0,0.0,0,2.2076027,1,0.0,0,0.0,0
ACTACTACTAAGGA-1,0,792,2.3941855,0.0,0,1.6630416,1,0.0,0,0.0,0,0.0,0,1.6630416,1,0.0,0,3.43164,1,0.0,0,0.0,0,3.7785673,1,1.6630416,1,2.2566106,1,0.0,0,2.2566106,1,0.0,0,0.0,0,2.2566106,1,0.0,0,0.0,0
ACTAGGTGGAACCT-1,0,871,1.3636364,0.0,0,2.407036,1,1.8001418,1,2.407036,1,0.0,0,0.0,0,0.0,0,3.5932915,1,0.0,0,0.0,0,3.0540965,1,0.0,0,1.8001418,1,2.782014,1,2.782014,1,0.0,0,0.0,0,3.4437149,1,0.0,0,0.0,0
ACTAGGTGGAACTC-1,0,1046,1.6992353,0.0,0,0.0,0,0.0,0,1.89746,1,0.0,0,2.7194736,1,0.0,0,3.3791108,1,1.3440304,1,0.0,0,2.8907495,1,0.0,0,0.0,0,0.0,0,3.4713185,1,0.0,0,0.0,0,0.0,0,0.0,0,1.3440304,1
ACTATCACCTTGGA-1,2,859,3.0731707,0.0,0,0.0,0,2.3763583,1,0.0,0,0.0,0,2.3763583,1,0.0,0,3.2353027,1,0.0,0,0.0,0,3.4110446,1,0.0,0,0.0,0,0.0,0,2.3763583,1,0.0,0,0.0,0,3.560469,1,1.772035,1,1.772035,1
ACTATCACTGCCAA-1,0,793,1.6651666,0.0,0,0.0,0,0.0,0,0.0,0,0.0,0,2.3026752,1,0.0,0,3.1570961,1,0.0,0,0.0,0,2.3026752,1,0.0,0,0.0,0,1.7048299,1,2.9445338,1,0.0,0,0.0,0,0.0,0,0.0,0,0.0,0
ACTCAGGACTGAAC-1,0,822,0.5555556,0.0,0,1.7284245,1,0.0,0,2.3285985,1,0.0,0,0.0,0,0.0,0,3.1846516,1,0.0,0,0.0,0,2.971803,1,0.0,0,1.7284245,1,0.0,0,1.7284245,1,0.0,0,0.0,0,0.0,0,0.0,0,0.0,0
ACTCAGGATCTATC-1,3,751,1.4973263,0.0,0,0.0,0,0.0,0,1.8485265,1,0.0,0,2.4596667,1,0.0,0,3.8949602,1,0.0,0,0.0,0,3.779717,1,1.8485265,1,1.8485265,1,1.8485265,1,3.1091423,1,0.0,0,0.0,0,0.0,0,0.0,0,0.0,0
ACTCAGGATTCGTT-1,1,435,1.9821604,3.7048318,1,0.0,0,0.0,0,3.7048318,1,3.4253178,1,2.3897533,1,0.0,0,4.2538466,1,2.3897533,1,0.0,0,5.9597707,1,0.0,0,3.7048318,1,0.0,0,2.3897533,1,0.0,0,3.4253178,1,4.3856006,1,2.3897533,1,4.1020617,1
ACTCCTCTCAACTG-1,0,1142,2.0814202,1.4016384,1,0.0,0,1.4016384,1,1.9634272,1,0.0,0,2.5838013,1,0.0,0,2.5838013,1,1.4016384,1,0.0,0,3.7087812,1,1.4016384,1,1.4016384,1,1.9634272,1,3.1105309,1,0.0,0,0.0,0,3.6307788,1,1.4016384,1,1.4016384,1
ACTCGCACGAAAGT-1,1,781,1.6447369,3.1334877,1,3.5243247,1,0.0,0,3.1334877,1,3.34788,1,0.0,0,0.0,0,5.370873,1,3.34788,1,2.4829838,1,5.598182,1,3.34788,1,3.34788,1,2.4829838,1,3.919917,1,0.0,0,0.0,0,4.1169734,1,1.8700274,1,4.1169734,1
ACTCGCACTACGAC-1,1,718,1.1217949,2.8347206,1,2.8347206,1,0.0,0,3.6478794,1,3.10761,1,1.8471754,1,0.0,0,5.7219076,1,3.3217719,1,0.0,0,5.8373814,1,0.0,0,2.4582,1,2.8347206,1,3.6478794,1,1.8471754,1,2.4582,1,4.775093,1,0.0,0,4.327918,1
ACTCTCCTGACACT-1,0,471,2.9102669,2.2072425,1,0.0,0,0.0,0,0.0,0,0.0,0,0.0,0,2.2072425,1,3.229691,1,0.0,0,0.0,0,3.229691,1,2.2072425,1,0.0,0,0.0,0,2.8438175,1,0.0,0,0.0,0,0.0,0,0.0,0,0.0,0
ACTCTCCTGCATAC-1,0,1750,1.7403175,0.0,0,1.4858689,1,0.0,0,0.0,0,2.256228,1,0.9967278,1,0.0,0,3.5109074,1,2.0589335,1,0.0,0,3.8890257,1,1.4858689,1,0.0,0,0.0,0,2.4209378,1,0.0,0,0.0,0,1.812902,1,0.0,0,0.9967278,1
ACTCTCCTGTTTGG-1,0,892,1.923775,0.0,0,0.0,0,0.0,0,0.0,0,0.0,0,2.1126447,1,0.0,0,3.1272101,1,0.0,0,0.0,0,3.6203442,1,1.5336453,1,0.0,0,0.0,0,2.9536183,1,0.0,0,0.0,0,2.1126447,1,0.0,0,0.0,0
ACTGAGACAACCAC-1,2,841,3.549383,0.0,0,0.0,0,1.8163433,1,0.0,0,0.0,0,1.8163433,1,1.8163433,1,3.46248,1,0.0,0,0.0,0,2.8002033,1,0.0,0,0.0,0,1.8163433,1,2.4246843,1,0.0,0,0.0,0,3.46248,1,0.0,0,1.8163433,1
ACTGAGACCCATAG-1,4,1156,1.7881706,3.8671546,1,3.4431818,1,3.1366427,1,4.163964,1,3.2495887,1,4.2058754,1,3.0092962,1,5.8279343,1,3.4431818,1,1.3226365,1,6.417114,1,3.1366427,1,1.3226365,1,3.3510628,1,3.8078365,1,1.8728182,1,2.2256944,1,4.426033,1,2.863333,1,3.8671546,1
ACTGAGACGTTGGT-1,3,1031,1.7539464,0.0,0,0.0,0,1.2547307,1,2.6052396,1,0.0,0,2.1424963,1,0.0,0,2.9203758,1,0.0,0,0.0,0,3.6533406,1,1.2547307,1,0.0,0,0.0,0,2.7751706,1,0.0,0,0.0,0,1.2547307,1,0.0,0,1.2547307,1
ACTGCCACACACGT-1,0,912,1.6037736,0.0,0,0.0,0,0.0,0,2.345066,1,0.0,0,2.345066,1,0.0,0,2.9891067,1,2.9891067,1,0.0,0,3.5269153,1,1.743441,1,0.0,0,0.0,0,2.7180629,1,0.0,0,0.0,0,3.377652,1,0.0,0,0.0,0
ACTGCCACTCCGTC-1,2,873,4.082806,0.0,0,2.5268564,1,2.5268564,1,0.0,0,0.0,0,2.5268564,1,0.0,0,3.7208471,1,0.0,0,0.0,0,4.2497034,1,0.0,0,0.0,0,0.0,0,2.9053237,1,0.0,0,0.0,0,2.5268564,1,0.0,0,1.9105867,1
ACTGGCCTTCAGTG-1,2,824,2.0531402,0.0,0,2.5708776,1,2.5708776,1,1.951416,1,0.0,0,2.5708776,1,0.0,0,2.5708776,1,0.0,0,0.0,0,3.8981102,1,1.951416,1,2.5708776,1,0.0,0,2.5708776,1,0.0,0,0.0,0,3.7674718,1,0.0,0,0.0,0
ACTGTGGACGTGTA-1,2,1233,2.1036108,1.421104,1,0.0,0,2.3442135,1,1.421104,1,0.0,0,1.421104,1,0.0,0,3.7339,1,0.0,0,0.0,0,3.2632189,1,0.0,0,1.9855951,1,1.421104,1,2.9882112,1,0.0,0,0.0,0,2.3442135,1,0.0,0,0.0,0
ACTGTGGATCTAGG-1,3,1312,2.2892113,1.1840477,1,0.0,0,0.0,0,1.7111182,1,0.0,0,1.7111182,1,0.0,0,3.1644506,1,1.7111182,1,0.0,0,2.8257155,1,0.0,0,2.0544724,1,0.0,0,2.951811,1,0.0,0,0.0,0,2.0544724,1,0.0,0,1.1840477,1
ACTGTTACCCACAA-1,1,575,3.2488115,3.7050252,1,3.2104664,1,0.0,0,2.1894403,1,4.385796,1,0.0,0,2.1894403,1,5.211642,1,3.8832383,1,2.1894403,1,5.762707,1,0.0,0,3.2104664,1,2.8249693,1,4.165761,1,2.1894403,1,0.0,0,4.6452827,1,2.1894403,1,4.0344443,1
ACTGTTACTGCAGT-1,0,605,2.291918,0.0,0,1.9503806,1,0.0,0,0.0,0,0.0,0,1.9503806,1,0.0,0,2.949379,1,0.0,0,0.0,0,3.6159909,1,0.0,0,0.0,0,0.0,0,2.569763,1,0.0,0,0.0,0,0.0,0,0.0,0,0.0,0
ACTTAAGAACCACA-1,0,717,2.2638223,0.0,0,0.0,0,0.0,0,2.273239,1,1.6781056,1,0.0,0,0.0,0,2.913524,1,0.0,0,0.0,0,2.643775,1,0.0,0,0.0,0,0.0,0,2.643775,1,0.0,0,0.0,0,1.6781056,1,0.0,0,0.0,0
ACTTAAGACCACAA-1,0,665,5.8317986,0.0,0,0.0,0,0.0,0,3.634961,1,0.0,0,2.9678566,1,1.967121,1,0.0,0,0.0,0,0.0,0,1.967121,1,0.0,0,0.0,0,1.967121,1,2.9678566,1,0.0,0,0.0,0,0.0,0,0.0,0,0.0,0
ACTTAAGATTACTC-1,5,1019,2.8703046,1.513993,1,3.3795903,1,0.0,0,1.513993,1,2.0905898,1,2.0905898,1,1.513993,1,4.961401,1,1.513993,1,1.513993,1,4.534382,1,0.0,0,2.0905898,1,1.513993,1,3.250913,1,0.0,0,0.0,0,3.6887112,1,1.513993,1,4.32336,1
ACTTAGCTGCGTAT-1,4,1215,1.5610652,4.4634256,1,3.7817357,1,3.111116,1,4.027974,1,4.081104,1,4.081104,1,3.2390628,1,5.786145,1,3.111116,1,2.964363,1,5.267934,1,2.964363,1,3.4543355,1,2.964363,1,4.1795774,1,2.5843675,1,2.5843675,1,3.971863,1,1.9639536,1,3.6313748,1
ACTTAGCTGGGAGT-1,0,928,0.91926455,2.1968691,1,0.0,0,0.0,0,2.1968691,1,0.0,0,1.6091181,1,0.0,0,2.832837,1,1.6091181,1,0.0,0,3.218492,1,0.0,0,0.0,0,0.0,0,2.1968691,1,0.0,0,0.0,0,3.4961197,1,0.0,0,0.0,0
ACTTCAACAAGCAA-1,7,1780,3.0817494,1.0460484,1,0.0,0,0.0,0,3.3567479,1,0.0,0,1.0460484,1,0.0,0,2.4914093,1,0.0,0,0.0,0,1.8778062,1,1.0460484,1,0.0,0,0.0,0,2.126507,1,0.0,0,0.0,0,0.0,0,1.0460484,1,0.0,0
ACTTCAACGTAGGG-1,2,657,1.1119937,0.0,0,2.1929693,1,2.1929693,1,0.0,0,0.0,0,0.0,0,0.0,0,3.2142794,1,0.0,0,0.0,0,3.7089007,1,0.0,0,0.0,0,0.0,0,2.1929693,1,0.0,0,0.0,0,2.8287072,1,0.0,0,0.0,0
ACTTCCCTTTCCGC-1,0,718,1.3030888,0.0,0,0.0,0,0.0,0,2.3657956,1,0.0,0,0.0,0,0.0,0,3.7940564,1,0.0,0,0.0,0,3.010868,1,1.7623744,1,0.0,0,0.0,0,2.3657956,1,0.0,0,1.7623744,1,1.7623744,1,0.0,0,0.0,0
ACTTCTGACATGCA-1,3,646,4.3504534,0.0,0,0.0,0,0.0,0,0.0,0,0.0,0,1.9519342,1,0.0,0,3.2256203,1,1.9519342,1,0.0,0,3.6177533,1,0.0,0,1.9519342,1,0.0,0,2.951095,1,0.0,0,0.0,0,0.0,0,0.0,0,0.0,0
ACTTGACTCCACAA-1,3,808,1.6008005,1.7942638,1,0.0,0,0.0,0,0.0,0,0.0,0,0.0,0,0.0,0,2.4006271,1,2.7754056,1,0.0,0,3.047384,1,2.4006271,1,1.7942638,1,0.0,0,2.7754056,1,0.0,0,0.0,0,0.0,0,0.0,0,1.7942638,1
ACTTGGGAGAAAGT-1,1,1120,2.897351,2.227908,1,3.011655,1,0.0,0,3.011655,1,3.5299342,1,1.3244572,1,1.3244572,1,4.9144697,1,2.4882822,1,2.227908,1,5.496728,1,2.4882822,1,2.8656726,1,3.2519736,1,2.8656726,1,0.0,0,1.8749185,1,3.9786105,1,1.8749185,1,3.8102627,1
ACTTGGGAGGTTTG-1,0,750,1.762918,0.0,0,0.0,0,0.0,0,1.9576588,1,0.0,0,0.0,0,0.0,0,3.4472418,1,1.9576588,1,0.0,0,3.232025,1,0.0,0,0.0,0,0.0,0,2.577596,1,0.0,0,0.0,0,2.9574163,1,0.0,0,1.9576588,1
ACTTGGGATGTGAC-1,4,390,0.12626262,3.6616797,1,4.4941893,1,3.2689776,1,4.1621766,1,3.9429188,1,2.6131697,1,0.0,0,5.431799,1,0.0,0,3.2689776,1,6.470418,1,0.0,0,2.6131697,1,3.6616797,1,4.341899,1,0.0,0,2.6131697,1,4.7430177,1,2.6131697,1,3.2689776,1
ACTTGGGATTGACG-1,1,1100,2.3465123,3.5017977,1,2.0061994,1,0.0,0,3.1579585,1,2.8383482,1,2.0061994,1,2.6297293,1,4.612569,1,3.5943637,1,1.4392433,1,5.8987403,1,2.6297293,1,3.1579585,1,3.2861617,1,3.9604332,1,1.4392433,1,1.4392433,1,4.359526,1,1.4392433,1,3.7571814,1
ACTTGTACCCGAAT-1,0,911,5.5977607,0.0,0,0.0,0,0.0,0,1.609438,1,1.609438,1,0.0,0,0.0,0,2.8332133,1,1.609438,1,0.0,0,2.5649493,1,0.0,0,0.0,0,0.0,0,2.5649493,1,0.0,0,0.0,0,3.3672957,1,0.0,0,0.0,0
ACTTGTACCTGTCC-1,0,456,1.2184508,0.0,0,0.0,0,0.0,0,2.273239,1,0.0,0,0.0,0,0.0,0,2.913524,1,0.0,0,0.0,0,3.579154,1,0.0,0,0.0,0,0.0,0,0.0,0,0.0,0,0.0,0,0.0,0,0.0,0,0.0,0
ACTTTGTGCGATAC-1,0,267,8.0,0.0,0,0.0,0,0.0,0,0.0,0,0.0,0,2.8716798,1,0.0,0,3.5361168,1,0.0,0,0.0,0,0.0,0,0.0,0,0.0,0,0.0,0,0.0,0,0.0,0,0.0,0,0.0,0,0.0,0,0.0,0
ACTTTGTGGAAAGT-1,0,755,1.1402026,0.0,0,1.6530668,1,0.0,0,0.0,0,0.0,0,0.0,0,0.0,0,3.4197185,1,0.0,0,0.0,0,4.7811656,1,0.0,0,0.0,0,0.0,0,1.6530668,1,0.0,0,0.0,0,2.6151245,1,1.6530668,1,0.0,0
ACTTTGTGGATAGA-1,1,1118,1.3990461,3.5834746,1,2.3556538,1,1.4307115,1,2.8278086,1,3.1472387,1,0.0,0,2.8278086,1,5.170439,1,3.8861942,1,1.9965146,1,5.095377,1,3.1472387,1,3.0002244,1,3.3889582,1,3.4909387,1,0.0,0,2.3556538,1,4.00894,1,2.8278086,1,3.8861942,1
AGAAACGAAAGTAG-1,3,571,2.867133,0.0,0,0.0,0,0.0,0,0.0,0,0.0,0,0.0,0,0.0,0,3.0914245,1,2.0797915,1,0.0,0,4.159277,1,0.0,0,2.0797915,1,0.0,0,2.0797915,1,0.0,0,0.0,0,0.0,0,0.0,0,0.0,0
AGAAAGTGCGCAAT-1,0,867,2.019199,0.0,0,0.0,0,0.0,0,0.0,0,0.0,0,1.4609755,1,0.0,0,3.784919,1,0.0,0,0.0,0,2.3915558,1,0.0,0,0.0,0,0.0,0,2.030819,1,0.0,0,0.0,0,2.030819,1,2.030819,1,0.0,0
AGAAAGTGGGGATG-1,1,728,1.6260161,2.7886717,1,2.4134946,1,0.0,0,2.7886717,1,3.2745886,1,1.8060682,1,2.4134946,1,5.2155495,1,3.6001928,1,0.0,0,5.5425315,1,3.0608587,1,2.7886717,1,2.7886717,1,3.0608587,1,0.0,0,0.0,0,4.347656,1,0.0,0,4.279587,1
AGAACAGAAATGCC-1,2,916,1.7030336,0.0,0,3.1040447,1,2.8312078,1,0.0,0,0.0,0,3.494441,1,0.0,0,1.8440324,1,1.8440324,1,0.0,0,1.8440324,1,1.8440324,1,0.0,0,2.4547875,1,2.8312078,1,0.0,0,0.0,0,1.8440324,1,0.0,0,1.8440324,1
AGAACAGACGACTA-1,3,491,2.54842,0.0,0,0.0,0,0.0,0,0.0,0,0.0,0,2.4162781,1,0.0,0,4.1307487,1,0.0,0,0.0,0,3.4535446,1,0.0,0,2.4162781,1,0.0,0,2.4162781,1,0.0,0,0.0,0,2.4162781,1,0.0,0,2.4162781,1
AGAACAGAGACAAA-1,0,960,1.7321786,1.4658245,1,1.4658245,1,0.0,0,1.4658245,1,0.0,0,2.661968,1,1.4658245,1,4.2139373,1,0.0,0,0.0,0,2.8710508,1,0.0,0,0.0,0,1.4658245,1,2.661968,1,0.0,0,2.0363026,1,3.1912081,1,0.0,0,0.0,0
AGAACGCTTTGCTT-1,0,625,2.1554167,0.0,0,0.0,0,0.0,0,1.8984244,1,0.0,0,1.8984244,1,1.8984244,1,2.5137157,1,0.0,0,0.0,0,0.0,0,0.0,0,0.0,0,0.0,0,2.5137157,1,0.0,0,0.0,0,1.8984244,1,0.0,0,0.0,0
AGAAGATGTGACTG-1,0,1090,0.9988901,0.0,0,0.0,0,0.0,0,2.700097,1,1.3287276,1,1.8798423,1,1.3287276,1,2.2330964,1,0.0,0,0.0,0,3.7528756,1,1.3287276,1,0.0,0,1.3287276,1,1.3287276,1,1.3287276,1,0.0,0,3.1445782,1,0.0,0,0.0,0
AGAATGGAAGAAGT-1,2,772,1.0233918,0.0,0,0.0,0,1.7708201,1,0.0,0,0.0,0,2.3750305,1,0.0,0,3.409629,1,1.7708201,1,0.0,0,4.3695836,1,0.0,0,1.7708201,1,0.0,0,3.2338965,1,0.0,0,0.0,0,3.8040154,1,0.0,0,1.7708201,1
AGAATTTGTAACCG-1,0,968,1.0739491,0.0,0,0.0,0,0.0,0,1.4037192,1,1.4037192,1,0.0,0,0.0,0,3.8513098,1,1.4037192,1,0.0,0,3.3545525,1,0.0,0,0.0,0,1.4037192,1,0.0,0,0.0,0,0.0,0,2.9663992,1,0.0,0,0.0,0
AGAATTTGTAGAGA-1,0,480,4.131653,0.0,0,0.0,0,0.0,0,0.0,0,0.0,0,0.0,0,0.0,0,3.0927622,1,0.0,0,0.0,0,4.0448213,1,0.0,0,0.0,0,0.0,0,2.0810182,1,0.0,0,0.0,0,0.0,0,0.0,0,0.0,0
AGACACACTGTAGC-1,0,810,1.3010318,0.0,0,1.7029912,1,0.0,0,2.6721492,1,0.0,0,0.0,0,0.0,0,1.7029912,1,1.7029912,1,0.0,0,2.6721492,1,0.0,0,0.0,0,0.0,0,3.3301337,1,0.0,0,0.0,0,0.0,0,0.0,0,0.0,0
AGACACTGTCAAGC-1,1,725,1.6975307,3.0740438,1,1.817638,1,0.0,0,2.8016555,1,0.0,0,0.0,0,0.0,0,4.943405,1,3.7438028,1,0.0,0,5.802321,1,3.613646,1,2.4260936,1,3.2878976,1,3.9622023,1,0.0,0,2.4260936,1,4.055782,1,1.817638,1,3.9622023,1
AGACCTGAAGTAGA-1,1,1016,2.0423894,2.1658494,1,2.7999616,1,0.0,0,3.6790826,1,2.7999616,1,2.7999616,1,2.1658494,1,4.539715,1,3.5765233,1,2.1658494,1,5.6584864,1,3.010868,1,3.3331692,1,3.010868,1,4.9688206,1,1.581245,1,0.0,0,4.3089056,1,2.1658494,1,4.0083156,1
AGACCTGACCAACA-1,0,1011,2.967656,0.0,0,0.0,0,0.0,0,1.4676205,1,0.0,0,2.0383325,1,0.0,0,3.7933674,1,2.399412,1,0.0,0,3.4356015,1,2.0383325,1,1.4676205,1,0.0,0,2.399412,1,0.0,0,0.0,0,3.1934466,1,2.0383325,1,0.0,0
AGACCTGAGGAAGC-1,2,1075,1.8782609,1.4992348,1,0.0,0,0.0,0,0.0,0,1.4992348,1,1.4992348,1,0.0,0,2.9118779,1,1.4992348,1,1.4992348,1,3.232693,1,0.0,0,1.4992348,1,0.0,0,2.7022362,1,0.0,0,0.0,0,3.361281,1,0.0,0,0.0,0
AGACGTACAGAGGC-1,0,808,1.2767898,0.0,0,0.0,0,0.0,0,2.3157403,1,0.0,0,0.0,0,0.0,0,3.4954,1,1.7167144,1,0.0,0,2.9582818,1,1.7167144,1,0.0,0,0.0,0,2.6877544,1,0.0,0,0.0,0,2.6877544,1,1.7167144,1,0.0,0
AGACGTACCCCTAC-1,3,672,3.09822,0.0,0,0.0,0,0.0,0,0.0,0,0.0,0,0.0,0,0.0,0,3.03442,1,0.0,0,0.0,0,3.03442,1,2.027662,1,0.0,0,0.0,0,2.6527216,1,0.0,0,0.0,0,0.0,0,0.0,0,0.0,0
AGACGTACCTCTTA-1,1,950,4.192654,2.9089227,1,2.9089227,1,0.0,0,2.9089227,1,2.433808,1,1.496808,1,1.496808,1,4.806961,1,2.433808,1,2.0712597,1,5.1808715,1,2.9089227,1,2.433808,1,3.0821135,1,3.6671827,1,0.0,0,2.6993206,1,3.0821135,1,1.496808,1,3.4721732,1
AGACGTACTCGTGA-1,4,862,4.1480823,4.3979673,1,3.8199742,1,2.6659017,1,3.4726534,1,3.8199742,1,3.8199742,1,3.3236618,1,5.81569,1,3.3236618,1,2.294614,1,6.259305,1,2.6659017,1,5.7610493,1,3.9132888,1,3.6022978,1,2.294614,1,2.294614,1,4.799323,1,2.294614,1,3.7170472,1
AGACTGACCATCAG-1,2,766,3.4300792,0.0,0,0.0,0,1.8373431,1,1.8373431,1,0.0,0,1.8373431,1,0.0,0,3.310512,1,0.0,0,0.0,0,3.310512,1,0.0,0,0.0,0,1.8373431,1,0.0,0,0.0,0,0.0,0,2.823727,1,0.0,0,0.0,0
AGACTGACCCTTTA-1,0,963,2.713844,0.0,0,0.0,0,0.0,0,2.0634203,1,2.0634203,1,2.4256234,1,0.0,0,2.4256234,1,1.4898491,1,1.4898491,1,3.0735521,1,1.4898491,1,0.0,0,1.4898491,1,2.6909518,1,0.0,0,0.0,0,0.0,0,2.0634203,1,0.0,0
AGACTTCTCATGCA-1,3,507,2.8417819,0.0,0,0.0,0,0.0,0,0.0,0,0.0,0,2.1610782,1,0.0,0,3.851911,1,0.0,0,0.0,0,2.1610782,1,0.0,0,0.0,0,0.0,0,2.7948995,1,0.0,0,0.0,0,0.0,0,0.0,0,0.0,0
AGAGATGACAGTCA-1,3,570,3.2089553,0.0,0,0.0,0,0.0,0,0.0,0,0.0,0,2.7686133,1,0.0,0,2.7686133,1,2.1363251,1,0.0,0,3.8244927,1,0.0,0,0.0,0,0.0,0,3.1529403,1,0.0,0,0.0,0,0.0,0,0.0,0,0.0,0
AGAGATGACTGAAC-1,0,678,2.3809524,0.0,0,0.0,0,0.0,0,0.0,0,0.0,0,0.0,0,0.0,0,3.5972288,1,2.4107206,1,0.0,0,2.7858124,1,0.0,0,0.0,0,1.8035223,1,0.0,0,0.0,0,0.0,0,0.0,0,0.0,0,0.0,0
AGAGATGAGGTTTG-1,1,768,2.8640776,3.230624,1,3.997282,1,0.0,0,3.230624,1,3.8006842,1,2.3719406,1,1.7679937,1,5.2994294,1,2.7458122,1,2.3719406,1,6.246229,1,2.7458122,1,3.230624,1,2.3719406,1,3.8006842,1,0.0,0,2.7458122,1,4.3662195,1,2.3719406,1,4.4825907,1
AGAGATGATCTCGC-1,3,1037,3.6487687,0.0,0,0.0,0,1.3783226,1,1.9367944,1,0.0,0,1.3783226,1,0.0,0,3.3219435,1,1.3783226,1,0.0,0,3.4236891,1,0.0,0,0.0,0,1.3783226,1,1.9367944,1,0.0,0,0.0,0,0.0,0,0.0,0,0.0,0
AGAGATGATTGTGG-1,0,885,1.5818726,0.0,0,1.6633881,1,0.0,0,0.0,0,2.2569935,1,2.2569935,1,0.0,0,2.6269472,1,2.2569935,1,0.0,0,1.6633881,1,0.0,0,0.0,0,0.0,0,2.6269472,1,0.0,0,0.0,0,2.2569935,1,0.0,0,1.6633881,1
AGAGCGGAGGCAAG-1,1,1426,1.3575526,2.158026,1,2.6668508,1,0.0,0,3.0932493,1,2.902607,1,2.3577876,1,1.574229,1,6.550267,1,3.1764739,1,2.7916603,1,5.6154313,1,3.0024643,1,2.6668508,1,3.2533014,1,3.5124304,1,1.574229,1,1.9081383,1,4.067406,1,1.574229,1,3.9996357,1
AGAGGTCTACAGCT-1,7,2815,2.6152277,0.0,0,0.65710294,1,0.0,0,2.8211598,1,1.0502588,1,1.5511266,1,0.0,0,3.0210638,1,1.3317288,1,0.0,0,3.0653656,1,0.65710294,1,0.0,0,0.65710294,1,2.9260988,1,0.0,0,0.0,0,1.3317288,1,0.0,0,0.65710294,1
AGAGTCTGGTCGTA-1,4,1496,3.557843,3.404169,1,3.8710005,1,3.1517258,1,3.326892,1,3.9601588,1,3.7203166,1,2.500467,1,5.5099554,1,3.916573,1,2.2976277,1,5.342814,1,3.2431395,1,3.5428288,1,3.5428288,1,3.6645825,1,2.2976277,1,1.7002423,1,3.051107,1,2.0428958,1,3.6645825,1
AGAGTGCTCAGCTA-1,0,587,1.9157088,0.0,0,0.0,0,0.0,0,0.0,0,0.0,0,0.0,0,0.0,0,3.2787578,1,0.0,0,0.0,0,3.952888,1,1.9995451,1,0.0,0,0.0,0,1.9995451,1,0.0,0,0.0,0,3.2787578,1,0.0,0,0.0,0
AGAGTGCTCGAATC-1,0,879,1.9747235,1.600222,1,0.0,0,0.0,0,0.0,0,1.600222,1,2.554308,1,0.0,0,3.3561625,1,0.0,0,1.600222,1,2.554308,1,0.0,0,1.600222,1,0.0,0,2.554308,1,0.0,0,0.0,0,2.1869793,1,0.0,0,0.0,0
AGAGTGCTGTCATG-1,0,924,1.5083799,1.8852731,1,0.0,0,0.0,0,1.3334411,1,0.0,0,0.0,0,0.0,0,3.7591317,1,2.2388175,1,0.0,0,2.2388175,1,0.0,0,1.3334411,1,0.0,0,2.2388175,1,0.0,0,0.0,0,4.564334,1,1.3334411,1,0.0,0
AGAGTGCTGTCCTC-1,2,783,2.1090536,0.0,0,0.0,0,0.0,0,1.8159121,1,0.0,0,1.8159121,1,0.0,0,2.7997198,1,0.0,0,0.0,0,1.8159121,1,1.8159121,1,1.8159121,1,0.0,0,2.7997198,1,0.0,0,0.0,0,3.0720785,1,0.0,0,0.0,0
AGAGTGCTGTGTTG-1,3,696,3.24159,0.0,0,0.0,0,0.0,0,1.9629009,1,0.0,0,2.5832353,1,0.0,0,1.9629009,1,1.9629009,1,0.0,0,3.7805388,1,0.0,0,1.9629009,1,0.0,0,1.9629009,1,0.0,0,0.0,0,0.0,0,0.0,0,0.0,0
AGATATACCCGTAA-1,2,1057,1.5044248,0.0,0,1.6916993,1,1.6916993,1,0.0,0,0.0,0,3.1417136,1,0.0,0,3.5953813,1,0.0,0,0.0,0,2.9293141,1,0.0,0,0.0,0,0.0,0,3.5953813,1,0.0,0,0.0,0,4.0702753,1,1.6916993,1,0.0,0
AGATATACGATGAA-1,0,783,4.8197823,0.0,0,0.0,0,0.0,0,1.6472869,1,0.0,0,2.239192,1,0.0,0,2.8775954,1,0.0,0,0.0,0,1.6472869,1,0.0,0,0.0,0,1.6472869,1,2.6084962,1,0.0,0,0.0,0,3.0894213,1,1.6472869,1,1.6472869,1
AGATATACTGTTCT-1,3,867,1.187447,0.0,0,0.0,0,0.0,0,1.6564898,1,0.0,0,1.6564898,1,0.0,0,3.5532618,1,1.6564898,1,0.0,0,3.6678586,1,0.0,0,1.6564898,1,0.0,0,3.4238122,1,0.0,0,0.0,0,0.0,0,0.0,0,1.6564898,1
AGATATTGCCTACC-1,2,919,1.0020877,0.0,0,0.0,0,0.0,0,2.2362006,1,0.0,0,0.0,0,0.0,0,3.5389526,1,2.8744354,1,0.0,0,3.6535034,1,1.644584,1,1.644584,1,1.644584,1,3.0862253,1,0.0,0,0.0,0,3.2609053,1,0.0,0,1.644584,1
AGATATTGGCCAAT-1,1,1251,1.4474976,3.0273056,1,2.9006712,1,0.0,0,3.4940045,1,2.7556431,1,1.2398783,1,2.3814676,1,5.1805124,1,2.7556431,1,2.3814676,1,5.697356,1,2.7556431,1,2.7556431,1,3.0273056,1,3.6330466,1,1.2398783,1,1.7767111,1,4.0512533,1,2.3814676,1,4.007592,1
AGATCGTGTCTGGA-1,1,1023,1.171352,2.876409,1,1.470195,1,0.0,0,2.876409,1,3.4388385,1,0.0,0,2.4024532,1,5.274562,1,4.6200833,1,1.470195,1,6.1739154,1,2.876409,1,2.876409,1,2.0412421,1,3.86914,1,0.0,0,1.470195,1,3.4388385,1,2.876409,1,4.3135047,1
AGATCGTGTTTGTC-1,3,727,1.1930586,0.0,0,0.0,0,0.0,0,0.0,0,0.0,0,0.0,0,0.0,0,3.795532,1,0.0,0,0.0,0,3.795532,1,0.0,0,2.4744754,1,0.0,0,1.8621773,1,0.0,0,0.0,0,0.0,0,0.0,0,1.8621773,1
AGATCTCTATCACG-1,3,645,2.7315123,0.0,0,0.0,0,0.0,0,0.0,0,0.0,0,2.0380423,1,2.0380423,1,3.045793,1,0.0,0,0.0,0,3.3215144,1,2.0380423,1,0.0,0,0.0,0,0.0,0,0.0,0,0.0,0,2.0380423,1,0.0,0,0.0,0
AGATTAACGTTCTT-1,4,1217,2.3219814,4.056796,1,3.4649773,1,2.6323605,1,4.100495,1,4.3623257,1,3.912921,1,3.5426114,1,5.696593,1,3.7448103,1,1.8185024,1,6.1653366,1,3.4649773,1,2.6323605,1,3.8040433,1,4.1825504,1,2.4270344,1,2.1683602,1,4.7412534,1,1.8185024,1,4.294243,1
AGATTCCTATCGTG-1,0,929,0.8403362,0.0,0,0.0,0,1.609758,1,1.609758,1,0.0,0,2.5653186,1,1.609758,1,3.0449035,1,1.609758,1,0.0,0,3.6113071,1,0.0,0,0.0,0,1.609758,1,2.83359,1,0.0,0,0.0,0,2.1975803,1,0.0,0,1.609758,1
AGATTCCTCACTTT-1,1,792,2.7272727,3.4914236,1,2.6839328,1,0.0,0,2.9543939,1,2.9543939,1,1.7133512,1,1.7133512,1,5.183767,1,2.6839328,1,1.7133512,1,5.59584,1,3.7359467,1,2.9543939,1,2.6839328,1,4.017648,1,0.0,0,0.0,0,3.7359467,1,1.7133512,1,4.360648,1
AGATTCCTGACGAG-1,1,994,2.595029,2.959148,1,2.959148,1,0.0,0,3.5236146,1,2.959148,1,0.0,0,0.0,0,5.5769114,1,2.7488868,1,2.1177742,1,5.730521,1,2.4823134,1,3.4095113,1,2.4823134,1,3.7189085,1,0.0,0,2.1177742,1,4.443769,1,2.4823134,1,4.2019057,1
AGATTCCTGTTCAG-1,2,1025,3.1924074,0.0,0,3.441622,1,2.2658494,1,0.0,0,0.0,0,3.2927926,1,0.0,0,3.1178734,1,0.0,0,0.0,0,3.441622,1,0.0,0,1.6714084,1,0.0,0,2.905732,1,0.0,0,0.0,0,3.441622,1,0.0,0,0.0,0
AGCAAAGATATGCG-1,0,946,2.259655,0.0,0,1.6315598,1,0.0,0,0.0,0,2.2217746,1,1.6315598,1,0.0,0,3.5232599,1,2.2217746,1,0.0,0,3.3939342,1,1.6315598,1,0.0,0,0.0,0,2.8591888,1,0.0,0,0.0,0,0.0,0,0.0,0,0.0,0
AGCACAACAGTCTG-1,0,600,2.0923076,0.0,0,0.0,0,0.0,0,1.9681797,1,0.0,0,0.0,0,0.0,0,1.9681797,1,1.9681797,1,0.0,0,3.4590943,1,0.0,0,0.0,0,0.0,0,1.9681797,1,0.0,0,0.0,0,1.9681797,1,0.0,0,0.0,0
AGCACTGAGGGAGT-1,0,881,0.915681,0.0,0,0.0,0,0.0,0,1.5721085,1,0.0,0,1.5721085,1,0.0,0,2.7891493,1,0.0,0,1.5721085,1,2.7891493,1,1.5721085,1,0.0,0,1.5721085,1,1.5721085,1,0.0,0,0.0,0,1.5721085,1,0.0,0,0.0,0
AGCACTGATATGCG-1,0,975,0.91423595,0.0,0,0.0,0,0.0,0,0.0,0,1.6777514,1,0.0,0,0.0,0,3.4491787,1,1.6777514,1,0.0,0,3.1253352,1,0.0,0,0.0,0,0.0,0,2.2728481,1,0.0,0,0.0,0,3.7962763,1,0.0,0,0.0,0
AGCACTGATGCTTT-1,5,1609,2.1928973,3.1074243,1,2.9166415,1,0.0,0,3.2675753,1,2.5378745,1,1.5860156,1,0.0,0,4.3404603,1,2.1711655,1,0.0,0,4.114243,1,1.9207935,1,2.371236,1,1.079132,1,3.0165758,1,0.0,0,0.0,0,3.5823584,1,1.079132,1,5.1240993,1
AGCACTGATTGCGA-1,0,758,1.8535681,0.0,0,0.0,0,0.0,0,0.0,0,1.7295682,1,1.7295682,1,0.0,0,3.5105758,1,0.0,0,0.0,0,2.3298538,1,0.0,0,0.0,0,0.0,0,2.9731224,1,0.0,0,0.0,0,0.0,0,1.7295682,1,0.0,0
AGCATCGAAGATCC-1,0,772,2.3754346,0.0,0,1.916002,1,0.0,0,0.0,0,0.0,0,2.5327032,1,0.0,0,3.5768986,1,0.0,0,0.0,0,3.4001539,1,0.0,0,1.916002,1,1.916002,1,1.916002,1,0.0,0,0.0,0,3.7270467,1,0.0,0,0.0,0
AGCATCGAAGGGTG-1,3,682,1.6574585,1.7238683,1,0.0,0,0.0,0,0.0,0,0.0,0,0.0,0,0.0,0,3.5038505,1,0.0,0,0.0,0,4.249817,1,0.0,0,0.0,0,0.0,0,2.3235972,1,0.0,0,0.0,0,0.0,0,0.0,0,0.0,0
AGCATCGAGCTTCC-1,1,998,3.942791,2.8032312,1,2.168932,1,0.0,0,1.5840108,1,3.0141778,1,1.5840108,1,0.0,0,4.583555,1,2.5355523,1,1.5840108,1,5.648397,1,3.1882849,1,3.579907,1,2.8032312,1,2.8032312,1,1.5840108,1,2.168932,1,3.9390168,1,0.0,0,3.9390168,1
AGCATCGAGTGAGG-1,0,979,1.7455522,1.471745,1,0.0,0,0.0,0,1.471745,1,0.0,0,2.4042833,1,0.0,0,3.198584,1,1.471745,1,0.0,0,3.938713,1,0.0,0,0.0,0,2.669124,1,2.042993,1,0.0,0,0.0,0,3.6356144,1,0.0,0,0.0,0
AGCATCGATAACCG-1,1,1045,1.3669065,3.1171856,1,3.3937356,1,0.0,0,3.1171856,1,1.5254306,1,2.4673676,1,2.1034322,1,5.601322,1,3.3937356,1,2.4673676,1,5.587949,1,2.9436815,1,3.1171856,1,3.1171856,1,4.3837337,1,0.0,0,2.4673676,1,4.75452,1,2.1034322,1,2.73362,1
AGCATGACGATGAA-1,2,706,2.0855615,0.0,0,0.0,0,0.0,0,0.0,0,0.0,0,0.0,0,0.0,0,2.4596667,1,0.0,0,0.0,0,3.779717,1,1.8485265,1,2.4596667,1,0.0,0,2.8362303,1,0.0,0,0.0,0,3.3233178,1,0.0,0,0.0,0
AGCCAATGGGGAGT-1,4,808,1.5991472,2.8327115,1,3.891298,1,3.6458006,1,3.6458006,1,4.2527204,1,3.9946146,1,2.4562483,1,5.5275745,1,3.6458006,1,2.4562483,1,5.5275745,1,3.105571,1,3.6458006,1,3.105571,1,4.2527204,1,0.0,0,2.4562483,1,4.899795,1,0.0,0,3.9946146,1
AGCCAATGTATCTC-1,0,855,1.7959496,0.0,0,1.5733194,1,0.0,0,1.5733194,1,0.0,0,0.0,0,0.0,0,3.323539,1,0.0,0,0.0,0,2.7905834,1,0.0,0,0.0,0,1.5733194,1,2.1570113,1,0.0,0,0.0,0,1.5733194,1,0.0,0,0.0,0
AGCCACCTGGATCT-1,2,819,2.2188604,0.0,0,0.0,0,0.0,0,0.0,0,0.0,0,0.0,0,0.0,0,3.052654,1,0.0,0,0.0,0,2.7805936,1,1.7988782,1,0.0,0,0.0,0,3.266306,1,0.0,0,0.0,0,3.266306,1,0.0,0,0.0,0
AGCCGGTGCCAATG-1,0,1147,1.0726736,1.3035657,1,0.0,0,0.0,0,1.3035657,1,0.0,0,1.850784,1,0.0,0,3.2245252,1,1.850784,1,0.0,0,3.2245252,1,0.0,0,0.0,0,2.4621167,1,3.2245252,1,0.0,0,0.0,0,3.1117015,1,1.3035657,1,0.0,0
AGCCGGTGTGTTTC-1,0,742,1.4571949,2.313685,1,0.0,0,0.0,0,2.313685,1,0.0,0,1.714844,1,0.0,0,3.3440926,1,0.0,0,0.0,0,2.313685,1,0.0,0,0.0,0,0.0,0,1.714844,1,0.0,0,0.0,0,0.0,0,0.0,0,2.6856291,1
AGCCGTCTCAATCG-1,0,914,4.2822886,0.0,0,0.0,0,0.0,0,2.422809,1,1.487458,1,1.487458,1,0.0,0,3.070607,1,0.0,0,0.0,0,1.487458,1,0.0,0,1.487458,1,1.487458,1,2.422809,1,0.0,0,0.0,0,2.0607252,1,1.487458,1,0.0,0
AGCCGTCTGAGAGC-1,0,969,2.5956738,0.0,0,0.0,0,0.0,0,1.4655683,1,0.0,0,1.4655683,1,0.0,0,3.6278026,1,0.0,0,1.4655683,1,2.036013,1,2.036013,1,0.0,0,0.0,0,2.3969867,1,0.0,0,0.0,0,2.8707368,1,0.0,0,0.0,0
AGCCTCACGTTCGA-1,0,704,1.6689847,0.0,0,1.7291868,1,0.0,0,1.7291868,1,2.329435,1,1.7291868,1,0.0,0,3.7547753,1,1.7291868,1,0.0,0,4.9747877,1,1.7291868,1,1.7291868,1,0.0,0,0.0,0,0.0,0,0.0,0,1.7291868,1,0.0,0,0.0,0
AGCCTCACTGTCAG-1,4,1398,1.4119601,2.74406,1,3.887876,1,2.432986,1,3.2558956,1,3.6484287,1,2.432986,1,2.8695202,1,5.771752,1,3.7511826,1,3.0812538,1,6.247047,1,3.1723824,1,3.1723824,1,2.9809806,1,3.6484287,1,0.0,0,2.9809806,1,3.4045246,1,2.74406,1,4.2720914,1
AGCCTCTGCAGTTG-1,3,581,2.5118806,2.0526953,1,0.0,0,0.0,0,2.0526953,1,0.0,0,2.0526953,1,0.0,0,3.731297,1,0.0,0,0.0,0,3.731297,1,0.0,0,2.0526953,1,0.0,0,0.0,0,0.0,0,0.0,0,0.0,0,0.0,0,0.0,0
AGCCTCTGCCAATG-1,2,809,1.6676594,0.0,0,3.212943,1,1.9406147,1,0.0,0,0.0,0,1.9406147,1,0.0,0,0.0,0,1.9406147,1,0.0,0,2.5592453,1,0.0,0,0.0,0,0.0,0,2.5592453,1,0.0,0,0.0,0,1.9406147,1,1.9406147,1,0.0,0
AGCGAACTGGATCT-1,0,921,2.6760113,0.0,0,0.0,0,0.0,0,0.0,0,1.9981662,1,0.0,0,0.0,0,4.950612,1,1.4321657,1,0.0,0,2.8296065,1,0.0,0,1.4321657,1,0.0,0,1.4321657,1,0.0,0,0.0,0,0.0,0,0.0,0,1.4321657,1
AGCGAACTTACTGG-1,0,805,1.4170997,0.0,0,0.0,0,0.0,0,2.3472013,1,0.0,0,2.3472013,1,0.0,0,3.3799326,1,0.0,0,0.0,0,3.204398,1,1.7453895,1,0.0,0,1.7453895,1,0.0,0,0.0,0,0.0,0,2.9913492,1,0.0,0,0.0,0
AGCGATACGGAGCA-1,0,542,1.9496856,0.0,0,0.0,0,0.0,0,0.0,0,0.0,0,0.0,0,0.0,0,2.9903018,1,0.0,0,0.0,0,3.8084521,1,0.0,0,0.0,0,0.0,0,0.0,0,0.0,0,0.0,0,0.0,0,0.0,0,0.0,0
AGCGATTGAGATCC-1,2,888,2.1886399,0.0,0,2.4360251,1,1.8267668,1,0.0,0,0.0,0,2.8118873,1,0.0,0,2.4360251,1,2.4360251,1,0.0,0,2.8118873,1,0.0,0,0.0,0,2.8118873,1,2.8118873,1,0.0,0,0.0,0,3.6242435,1,0.0,0,1.8267668,1
AGCGCCGAATCTCT-1,0,519,1.2509774,0.0,0,0.0,0,2.176864,1,0.0,0,0.0,0,2.176864,1,0.0,0,3.4742754,1,0.0,0,0.0,0,3.4742754,1,0.0,0,0.0,0,0.0,0,2.8116422,1,0.0,0,0.0,0,3.1968684,1,2.176864,1,0.0,0
AGCGCCGACAGAGG-1,0,1092,1.6430172,0.0,0,0.0,0,0.0,0,2.1369839,1,0.0,0,2.5023177,1,0.0,0,3.301688,1,0.0,0,1.5553873,1,3.6472554,1,0.0,0,1.5553873,1,1.5553873,1,2.5023177,1,0.0,0,0.0,0,2.7693136,1,0.0,0,0.0,0
AGCGCTCTACCTTT-1,0,762,1.4714205,0.0,0,0.0,0,0.0,0,0.0,0,0.0,0,2.511112,1,0.0,0,3.7041416,1,0.0,0,0.0,0,4.053403,1,0.0,0,0.0,0,0.0,0,2.511112,1,0.0,0,0.0,0,1.8960159,1,0.0,0,0.0,0
AGCGGCACCGGGAA-1,0,698,1.616738,0.0,0,0.0,0,0.0,0,0.0,0,0.0,0,0.0,0,0.0,0,3.6646097,1,1.7500885,1,0.0,0,3.5347307,1,1.7500885,1,0.0,0,1.7500885,1,2.3523483,1,0.0,0,0.0,0,0.0,0,0.0,0,1.7500885,1
AGCGGCTGATGTGC-1,0,752,1.6306744,0.0,0,0.0,0,0.0,0,0.0,0,0.0,0,2.2850447,1,0.0,0,2.9259667,1,0.0,0,0.0,0,3.4623375,1,0.0,0,0.0,0,0.0,0,2.9259667,1,0.0,0,0.0,0,1.688815,1,0.0,0,0.0,0
AGCGGGCTTGCCAA-1,0,771,1.5151515,0.0,0,0.0,0,0.0,0,1.6971401,1,1.6971401,1,2.9356244,1,0.0,0,2.6654868,1,0.0,0,0.0,0,3.819538,1,1.6971401,1,1.6971401,1,1.6971401,1,1.6971401,1,0.0,0,0.0,0,2.9356244,1,0.0,0,1.6971401,1
AGCGTAACATGCTG-1,0,899,1.938944,0.0,0,1.6345432,1,0.0,0,0.0,0,0.0,0,0.0,0,0.0,0,2.8626842,1,0.0,0,0.0,0,3.6413693,1,0.0,0,0.0,0,1.6345432,1,1.6345432,1,0.0,0,0.0,0,3.8372622,1,1.6345432,1,2.2250807,1
AGCGTAACTGAGAA-1,1,1101,1.9798766,2.8477886,1,2.8477886,1,2.0148814,1,3.6888552,1,4.18963,1,1.4468999,1,2.0148814,1,5.07671,1,2.3748832,1,0.0,0,5.5644956,1,3.409472,1,3.839428,1,2.639034,1,3.511521,1,1.4468999,1,2.8477886,1,4.2835617,1,2.8477886,1,4.7978296,1
AGCTCGCTACTGGT-1,0,760,2.094034,1.6005377,1,0.0,0,0.0,0,0.0,0,0.0,0,0.0,0,0.0,0,3.3565443,1,0.0,0,0.0,0,3.4857092,1,1.6005377,1,1.6005377,1,0.0,0,0.0,0,0.0,0,0.0,0,0.0,0,0.0,0,0.0,0
AGCTCGCTCTGCTC-1,0,881,1.4590348,1.5562723,1,0.0,0,0.0,0,0.0,0,0.0,0,2.1379733,1,0.0,0,3.1547294,1,0.0,0,0.0,0,3.4316916,1,0.0,0,0.0,0,1.5562723,1,2.1379733,1,0.0,0,0.0,0,2.1379733,1,1.5562723,1,0.0,0
AGCTGAACCATACG-1,4,1124,3.7600994,4.042833,1,3.4689867,1,2.3351743,1,4.146437,1,3.724137,1,2.9787142,1,2.3351743,1,5.7530565,1,4.042833,1,2.3351743,1,5.9576287,1,3.5614612,1,3.4689867,1,3.5614612,1,3.8640149,1,1.9769713,1,0.0,0,4.3261185,1,2.8065128,1,3.3670812,1
AGCTGAACCTCTCG-1,0,809,1.8965518,0.0,0,0.0,0,0.0,0,2.9041002,1,1.6700068,1,2.2643023,1,0.0,0,3.1162236,1,0.0,0,2.2643023,1,3.439951,1,0.0,0,0.0,0,2.2643023,1,2.634519,1,0.0,0,0.0,0,1.6700068,1,0.0,0,0.0,0
AGCTGCCTTGGGAG-1,1,445,4.4358726,2.3649213,1,3.6781423,1,0.0,0,2.3649213,1,3.896219,1,0.0,0,3.0099509,1,6.7782516,1,4.6735315,1,0.0,0,6.5717187,1,0.0,0,3.398848,1,3.6781423,1,3.398848,1,0.0,0,0.0,0,3.398848,1,2.3649213,1,4.0751486,1
AGCTGCCTTTCATC-1,0,1703,2.95472,0.0,0,0.0,0,0.0,0,1.071121,1,0.0,0,2.5266798,1,0.0,0,3.0958102,1,2.669347,1,0.0,0,2.669347,1,1.5763564,1,1.9104233,1,1.071121,1,3.2558804,1,0.0,0,0.0,0,1.071121,1,1.5763564,1,0.0,0
AGCTGCCTTTCTGT-1,0,789,2.0595968,0.0,0,0.0,0,0.0,0,1.6845112,1,1.6845112,1,2.651088,1,0.0,0,3.701508,1,0.0,0,0.0,0,2.2803018,1,0.0,0,1.6845112,1,0.0,0,2.920969,1,0.0,0,0.0,0,2.920969,1,0.0,0,2.2803018,1
AGCTGTGATCCAAG-1,0,641,3.6105738,0.0,0,0.0,0,0.0,0,0.0,0,2.0095484,1,3.0145464,1,0.0,0,3.0145464,1,0.0,0,0.0,0,3.0145464,1,0.0,0,0.0,0,0.0,0,2.0095484,1,0.0,0,0.0,0,2.6333194,1,0.0,0,0.0,0
AGCTTTACAAGTAG-1,0,819,1.6364441,0.0,0,1.6916993,1,0.0,0,0.0,0,0.0,0,1.6916993,1,0.0,0,2.9293141,1,0.0,0,0.0,0,3.1417136,1,0.0,0,0.0,0,1.6916993,1,0.0,0,0.0,0,0.0,0,2.6592867,1,0.0,0,1.6916993,1
AGCTTTACACCAAC-1,2,890,3.1220436,1.7465613,1,0.0,0,1.7465613,1,1.7465613,1,0.0,0,1.7465613,1,0.0,0,3.6604488,1,0.0,0,0.0,0,1.7465613,1,0.0,0,0.0,0,0.0,0,3.20576,1,0.0,0,0.0,0,3.878435,1,0.0,0,0.0,0
AGCTTTACTCTCAT-1,3,767,1.5953308,0.0,0,0.0,0,0.0,0,2.174096,1,0.0,0,0.0,0,0.0,0,3.3421483,1,2.5409205,1,0.0,0,3.6881583,1,2.174096,1,1.5886465,1,0.0,0,3.0197213,1,0.0,0,0.0,0,0.0,0,0.0,0,1.5886465,1
AGGAAATGAGGAGC-1,0,806,0.69148934,0.0,0,0.0,0,0.0,0,2.8312078,1,0.0,0,1.8440324,1,0.0,0,2.8312078,1,0.0,0,0.0,0,2.4547875,1,1.8440324,1,0.0,0,2.4547875,1,1.8440324,1,0.0,0,0.0,0,1.8440324,1,0.0,0,0.0,0
AGGAACCTCTTAGG-1,4,1323,2.9396462,4.064947,1,3.6227224,1,2.640061,1,3.2968774,1,3.4730134,1,2.4345992,1,1.8254557,1,5.915121,1,3.7529094,1,3.082941,1,5.893826,1,3.082941,1,3.6227224,1,2.8104181,1,3.3888185,1,1.2817144,1,2.640061,1,3.550667,1,1.8254557,1,3.689933,1
AGGAACCTTGCCTC-1,2,942,1.8738574,0.0,0,0.0,0,0.0,0,2.3169758,1,0.0,0,2.3169758,1,0.0,0,3.1723027,1,2.6890318,1,1.717839,1,3.1723027,1,1.717839,1,1.717839,1,0.0,0,2.3169758,1,0.0,0,1.717839,1,2.6890318,1,0.0,0,0.0,0
AGGAATGATAACGC-1,0,807,2.7848103,0.0,0,0.0,0,0.0,0,1.8022528,1,1.8022528,1,2.784386,1,0.0,0,3.4461627,1,1.8022528,1,0.0,0,3.5957503,1,0.0,0,0.0,0,0.0,0,2.409337,1,0.0,0,0.0,0,3.4461627,1,0.0,0,0.0,0
AGGAATGATTTGTC-1,0,981,1.3217523,0.0,0,0.0,0,0.0,0,0.0,0,0.0,0,0.0,0,0.0,0,3.6589737,1,2.147602,1,0.0,0,3.3132777,1,0.0,0,0.0,0,1.5648899,1,2.147602,1,0.0,0,0.0,0,2.9912593,1,0.0,0,0.0,0
AGGAGTCTGGTTTG-1,0,888,2.3923445,0.0,0,0.0,0,0.0,0,0.0,0,0.0,0,0.0,0,0.0,0,2.8309574,1,0.0,0,0.0,0,3.494183,1,0.0,0,0.0,0,0.0,0,2.5627367,1,0.0,0,0.0,0,2.195094,1,1.6075206,1,1.6075206,1
AGGAGTCTTGTCAG-1,0,726,1.6177958,0.0,0,0.0,0,0.0,0,0.0,0,0.0,0,2.4084158,1,0.0,0,5.123485,1,0.0,0,0.0,0,3.2692208,1,2.4084158,1,0.0,0,0.0,0,1.8014076,1,0.0,0,0.0,0,0.0,0,1.8014076,1,0.0,0
AGGATAGACATTTC-1,0,1190,1.1095031,1.7627742,1,0.0,0,0.0,0,1.7627742,1,0.0,0,2.1093495,1,0.0,0,3.1236255,1,1.2279704,1,0.0,0,3.3162646,1,0.0,0,1.7627742,1,2.5704315,1,2.1093495,1,0.0,0,0.0,0,3.1236255,1,0.0,0,0.0,0
AGGATAGAGGATTC-1,2,826,1.0697912,0.0,0,0.0,0,1.8077706,1,0.0,0,0.0,0,2.4153492,1,0.0,0,2.4153492,1,1.8077706,1,0.0,0,1.8077706,1,0.0,0,1.8077706,1,0.0,0,3.2765484,1,0.0,0,0.0,0,3.0628002,1,0.0,0,0.0,0
AGGATGCTACTAGC-1,3,661,1.1634349,0.0,0,0.0,0,0.0,0,0.0,0,0.0,0,1.8789018,1,0.0,0,3.1435163,1,0.0,0,0.0,0,4.0335875,1,0.0,0,1.8789018,1,0.0,0,2.4925957,1,0.0,0,0.0,0,2.4925957,1,0.0,0,0.0,0
AGGATGCTTTAGGC-1,2,713,2.2127054,0.0,0,3.386119,1,2.0965147,1,0.0,0,0.0,0,2.0965147,1,0.0,0,2.0965147,1,0.0,0,0.0,0,4.37595,1,0.0,0,2.7262514,1,0.0,0,0.0,0,0.0,0,0.0,0,3.1096535,1,0.0,0,2.0965147,1
AGGCAACTGAAGGC-1,0,816,2.779837,0.0,0,0.0,0,0.0,0,1.5495178,1,0.0,0,2.4954834,1,0.0,0,3.2945173,1,1.5495178,1,0.0,0,2.1304195,1,0.0,0,1.5495178,1,0.0,0,2.1304195,1,0.0,0,0.0,0,2.9727705,1,0.0,0,0.0,0
AGGCAGGAGTACCA-1,2,822,3.7639406,0.0,0,0.0,0,0.0,0,0.0,0,0.0,0,0.0,0,0.0,0,3.1886563,1,1.7318614,1,0.0,0,3.1886563,1,1.7318614,1,0.0,0,1.7318614,1,1.7318614,1,0.0,0,0.0,0,2.3323696,1,0.0,0,0.0,0
AGGCCTCTAGTCGT-1,0,806,0.79505306,1.689535,1,0.0,0,0.0,0,1.689535,1,0.0,0,0.0,0,0.0,0,3.463193,1,0.0,0,0.0,0,2.9268026,1,1.689535,1,0.0,0,1.689535,1,2.6568189,1,1.689535,1,0.0,0,2.6568189,1,0.0,0,0.0,0
AGGCCTCTCGGAGA-1,0,864,2.0519261,0.0,0,0.0,0,0.0,0,0.0,0,0.0,0,2.2380688,1,0.0,0,3.655541,1,0.0,0,0.0,0,3.0882213,1,0.0,0,1.646272,1,0.0,0,2.6073318,1,0.0,0,0.0,0,1.646272,1,0.0,0,0.0,0
AGGCCTCTCGTAAC-1,0,464,0.66390043,0.0,0,0.0,0,2.2306216,1,2.2306216,1,0.0,0,0.0,0,0.0,0,2.8685405,1,2.8685405,1,0.0,0,2.8685405,1,0.0,0,0.0,0,0.0,0,0.0,0,0.0,0,0.0,0,2.2306216,1,2.2306216,1,0.0,0
AGGGACGACGTTGA-1,0,664,2.1540117,0.0,0,0.0,0,0.0,0,0.0,0,0.0,0,0.0,0,0.0,0,2.842802,1,0.0,0,0.0,0,3.6562405,1,1.8544104,1,0.0,0,1.8544104,1,1.8544104,1,0.0,0,0.0,0,2.4660518,1,0.0,0,1.8544104,1
AGGGACGAGTCAAC-1,2,931,1.5329586,0.0,0,3.0662074,1,3.2799878,1,0.0,0,0.0,0,1.8107594,1,0.0,0,3.0662074,1,0.0,0,0.0,0,3.0662074,1,1.8107594,1,0.0,0,1.8107594,1,2.7939384,1,0.0,0,0.0,0,3.4560182,1,0.0,0,1.8107594,1
AGGGACGAGTTGTG-1,0,860,1.3109978,0.0,0,0.0,0,0.0,0,0.0,0,0.0,0,2.114244,1,0.0,0,3.6221147,1,0.0,0,0.0,0,2.7451303,1,1.5350722,1,1.5350722,1,0.0,0,2.114244,1,0.0,0,0.0,0,0.0,0,0.0,0,0.0,0
AGGGACGATAGAGA-1,2,674,3.8908248,2.5364447,1,0.0,0,0.0,0,0.0,0,0.0,0,1.9194688,1,0.0,0,3.4040825,1,0.0,0,0.0,0,2.5364447,1,0.0,0,1.9194688,1,2.5364447,1,2.5364447,1,0.0,0,0.0,0,3.5808492,1,0.0,0,0.0,0
AGGGACGATGCATG-1,2,803,1.0656197,0.0,0,0.0,0,0.0,0,1.8883605,1,0.0,0,2.5028327,1,0.0,0,2.8806343,1,1.8883605,1,0.0,0,3.3687646,1,0.0,0,0.0,0,0.0,0,2.5028327,1,0.0,0,0.0,0,2.5028327,1,0.0,0,0.0,0
AGGGAGTGAGCCTA-1,0,464,0.8024072,0.0,0,0.0,0,0.0,0,2.4006271,1,0.0,0,0.0,0,0.0,0,4.513831,1,0.0,0,0.0,0,3.7165034,1,3.047384,1,0.0,0,0.0,0,2.4006271,1,0.0,0,0.0,0,3.047384,1,0.0,0,0.0,0
AGGGCCACCATACG-1,0,788,1.6121153,1.7724404,1,0.0,0,0.0,0,0.0,0,1.7724404,1,0.0,0,0.0,0,3.0224128,1,1.7724404,1,0.0,0,1.7724404,1,0.0,0,1.7724404,1,0.0,0,0.0,0,0.0,0,0.0,0,0.0,0,1.7724404,1,0.0,0
AGGGCGCTAACCAC-1,1,1068,2.445194,2.5048947,1,1.8902669,1,0.0,0,2.5048947,1,3.0288756,1,2.2440767,1,3.1563425,1,5.3556075,1,2.7115667,1,1.8902669,1,5.7370963,1,1.8902669,1,3.1563425,1,1.8902669,1,3.0288756,1,1.3377782,1,1.3377782,1,3.0288756,1,1.3377782,1,2.8827543,1
AGGGCGCTATGGTC-1,0,781,4.474829,0.0,0,0.0,0,0.0,0,3.2527037,1,0.0,0,2.977829,1,0.0,0,2.977829,1,0.0,0,1.9761678,1,3.4680831,1,0.0,0,0.0,0,0.0,0,3.645195,1,0.0,0,0.0,0,2.597497,1,0.0,0,0.0,0
AGGGTGGACAGTCA-1,3,843,2.4674742,0.0,0,0.0,0,0.0,0,2.6713135,1,0.0,0,0.0,0,0.0,0,2.2998447,1,1.7022572,1,0.0,0,3.7227216,1,0.0,0,2.2998447,1,1.7022572,1,2.2998447,1,0.0,0,0.0,0,3.154085,1,0.0,0,0.0,0
AGGGTGGACTCAAG-1,1,779,2.123552,3.5491512,1,2.3657956,1,1.7623744,1,4.154833,1,3.5491512,1,2.3657956,1,3.3997808,1,6.0650325,1,3.224113,1,1.7623744,1,5.9954047,1,3.010868,1,5.340078,1,2.739469,1,3.224113,1,2.739469,1,3.010868,1,4.6284113,1,3.010868,1,4.154833,1
AGGGTGGAGTTGCA-1,2,873,1.8197957,1.6938705,1,0.0,0,0.0,0,2.2906132,1,0.0,0,2.2906132,1,0.0,0,2.2906132,1,1.6938705,1,0.0,0,2.6617613,1,1.6938705,1,0.0,0,0.0,0,3.1442595,1,0.0,0,0.0,0,2.6617613,1,0.0,0,1.6938705,1
AGGGTTTGTTCATC-1,1,707,2.172702,3.8197563,1,3.5393586,1,0.0,0,3.1483052,1,3.5393586,1,2.8748298,1,2.8748298,1,5.613612,1,2.8748298,1,2.497187,1,5.9548407,1,2.497187,1,3.3628266,1,3.3628266,1,3.9350991,1,0.0,0,2.497187,1,3.1483052,1,0.0,0,4.038503,1
AGGTCATGAGTGTC-1,3,492,3.2432432,0.0,0,0.0,0,0.0,0,0.0,0,0.0,0,0.0,0,0.0,0,3.5095265,1,0.0,0,0.0,0,3.1189063,1,0.0,0,2.4690154,1,0.0,0,3.5095265,1,0.0,0,0.0,0,0.0,0,0.0,0,0.0,0
AGGTCATGCTTATC-1,2,669,2.0151134,0.0,0,0.0,0,0.0,0,0.0,0,0.0,0,2.991499,1,0.0,0,2.6108298,1,1.9885824,1,0.0,0,3.2665484,1,0.0,0,0.0,0,0.0,0,2.6108298,1,0.0,0,0.0,0,4.056063,1,0.0,0,0.0,0
AGGTCTGATTCTCA-1,4,982,2.0871475,3.8056853,1,2.7505996,1,3.1345382,1,4.2569885,1,3.6278026,1,3.4112806,1,3.4112806,1,5.7673244,1,2.960883,1,2.4839904,1,5.945296,1,3.2824523,1,3.720694,1,3.1345382,1,4.203708,1,2.119384,1,1.5396599,1,4.5668254,1,0.0,0,4.4455776,1
AGGTGGGAAGAATG-1,0,749,1.4756517,0.0,0,0.0,0,0.0,0,0.0,0,1.7781403,1,1.7781403,1,0.0,0,3.2423656,1,1.7781403,1,0.0,0,2.7572541,1,0.0,0,0.0,0,2.7572541,1,2.3830287,1,0.0,0,0.0,0,3.418154,1,0.0,0,0.0,0
AGGTGGGAAGTTCG-1,0,789,1.3742926,0.0,0,0.0,0,0.0,0,1.6181343,1,0.0,0,1.6181343,1,0.0,0,2.8434365,1,0.0,0,0.0,0,2.8434365,1,0.0,0,0.0,0,0.0,0,1.6181343,1,0.0,0,0.0,0,2.574977,1,0.0,0,0.0,0
AGGTGTTGGTTACG-1,3,780,1.2918661,0.0,0,0.0,0,0.0,0,2.357961,1,0.0,0,0.0,0,0.0,0,3.0026462,1,1.7552146,1,0.0,0,3.7856023,1,2.7313805,1,1.7552146,1,0.0,0,0.0,0,0.0,0,0.0,0,0.0,0,0.0,0,0.0,0
AGGTTCGAACCTCC-1,1,561,1.857355,3.1479495,1,3.4248385,1,0.0,0,2.7637272,1,2.7637272,1,3.1479495,1,0.0,0,5.411122,1,2.7637272,1,0.0,0,6.5501738,1,2.131728,1,0.0,0,2.7637272,1,4.580698,1,2.131728,1,2.131728,1,4.2175174,1,2.131728,1,3.64145,1
AGGTTCGAACGTAC-1,1,655,1.4447236,3.8059921,1,0.0,0,0.0,0,3.4783757,1,3.9367402,1,1.9853241,1,2.6073318,1,5.9345884,1,1.9853241,1,0.0,0,6.130232,1,1.9853241,1,1.9853241,1,2.987913,1,3.8059921,1,0.0,0,0.0,0,4.155974,1,0.0,0,3.655541,1
AGGTTCGAGGGTGA-1,0,432,2.3376622,0.0,0,0.0,0,0.0,0,0.0,0,0.0,0,2.9085948,1,0.0,0,2.268564,1,0.0,0,0.0,0,2.9085948,1,0.0,0,0.0,0,0.0,0,2.268564,1,0.0,0,0.0,0,0.0,0,0.0,0,0.0,0
AGTAAGGAGTTTGG-1,0,801,1.6597512,0.0,0,0.0,0,0.0,0,2.431281,1,0.0,0,2.431281,1,0.0,0,2.8070002,1,0.0,0,0.0,0,3.293375,1,2.431281,1,0.0,0,1.8224053,1,2.431281,1,0.0,0,0.0,0,4.225773,1,0.0,0,0.0,0
AGTAAGGATTCTTG-1,0,945,0.967519,2.0685372,1,0.0,0,0.0,0,2.6964147,1,1.4943905,1,2.6964147,1,0.0,0,2.905977,1,2.0685372,1,0.0,0,3.079141,1,1.4943905,1,0.0,0,1.4943905,1,2.0685372,1,0.0,0,0.0,0,3.4691544,1,0.0,0,0.0,0
AGTAATACATCACG-1,2,770,2.3471615,1.8658609,1,2.8555784,1,0.0,0,0.0,0,0.0,0,3.343126,1,1.8658609,1,2.8555784,1,0.0,0,1.8658609,1,3.1287754,1,2.4784687,1,0.0,0,0.0,0,2.4784687,1,0.0,0,0.0,0,0.0,0,0.0,0,0.0,0
AGTAATACCGAACT-1,3,503,2.5080907,0.0,0,0.0,0,0.0,0,0.0,0,0.0,0,0.0,0,0.0,0,3.229691,1,0.0,0,0.0,0,3.7245622,1,0.0,0,2.2072425,1,0.0,0,2.2072425,1,0.0,0,0.0,0,0.0,0,0.0,0,0.0,0
AGTAATTGTCCCAC-1,0,766,1.4799154,1.8382314,1,0.0,0,0.0,0,0.0,0,0.0,0,1.8382314,1,0.0,0,3.31153,1,1.8382314,1,0.0,0,3.4877565,1,1.8382314,1,0.0,0,0.0,0,1.8382314,1,0.0,0,0.0,0,2.8247206,1,0.0,0,0.0,0
AGTACGTGAGGGTG-1,0,776,1.6345348,0.0,0,0.0,0,0.0,0,0.0,0,0.0,0,1.6469485,1,0.0,0,3.656357,1,0.0,0,0.0,0,2.8772,1,0.0,0,0.0,0,1.6469485,1,1.6469485,1,1.6469485,1,0.0,0,2.2388175,1,1.6469485,1,0.0,0
AGTACGTGCTGCAA-1,0,970,1.2662446,0.0,0,0.0,0,0.0,0,1.46685,1,0.0,0,2.0374618,1,0.0,0,3.320871,1,1.46685,1,0.0,0,2.8723087,1,0.0,0,0.0,0,0.0,0,2.6632082,1,0.0,0,0.0,0,2.3985016,1,0.0,0,1.46685,1
AGTACGTGCTTGGA-1,0,989,1.2264689,0.0,0,0.0,0,0.0,0,1.349292,1,0.0,0,2.7261178,1,0.0,0,3.1712627,1,1.9035083,1,0.0,0,3.0437064,1,0.0,0,0.0,0,2.2580152,1,1.349292,1,0.0,0,0.0,0,3.1712627,1,0.0,0,0.0,0
AGTACTCTACGTGT-1,3,654,1.8703243,0.0,0,0.0,0,0.0,0,1.9793868,1,0.0,0,1.9793868,1,0.0,0,2.9813752,1,0.0,0,0.0,0,3.2562954,1,2.6009552,1,0.0,0,0.0,0,2.6009552,1,0.0,0,0.0,0,0.0,0,0.0,0,0.0,0
AGTACTCTCAACCA-1,2,762,4.869762,0.0,0,0.0,0,0.0,0,2.8896794,1,0.0,0,2.511632,1,0.0,0,1.8964969,1,1.8964969,1,0.0,0,3.554636,1,0.0,0,0.0,0,1.8964969,1,2.8896794,1,0.0,0,0.0,0,2.8896794,1,0.0,0,1.8964969,1
AGTACTCTCGGTAT-1,0,882,1.5511391,0.0,0,0.0,0,0.0,0,2.7435415,1,0.0,0,2.7435415,1,0.0,0,2.3697407,1,0.0,0,0.0,0,2.7435415,1,0.0,0,0.0,0,0.0,0,2.3697407,1,0.0,0,0.0,0,4.1591177,1,0.0,0,0.0,0
AGTAGGCTTGCCTC-1,4,1236,2.780118,3.6983633,1,3.0296783,1,2.5056694,1,3.15715,1,3.8881395,1,3.8287942,1,2.7123542,1,5.46927,1,3.3717477,1,1.3384004,1,6.495327,1,3.2701943,1,3.0296783,1,2.2448308,1,3.8881395,1,0.0,0,2.2448308,1,3.6983633,1,2.5056694,1,4.3431478,1
AGTATAACTTGTCT-1,4,1499,3.2098765,3.6088283,1,3.8265405,1,3.4074197,1,4.120981,1,4.0838647,1,3.4791586,1,2.5035539,1,5.5223174,1,3.4074197,1,3.3301337,1,5.574756,1,2.9424045,1,3.1549442,1,2.0458226,1,3.6678586,1,2.3006525,1,2.6721492,1,4.3767757,1,2.6721492,1,3.9634569,1
AGTATCCTAGAACA-1,0,626,0.87623227,1.8690995,1,0.0,0,0.0,0,0.0,0,0.0,0,0.0,0,0.0,0,2.8591888,1,0.0,0,0.0,0,4.655546,1,0.0,0,0.0,0,0.0,0,2.4819784,1,0.0,0,0.0,0,0.0,0,1.8690995,1,0.0,0
AGTCACGATGAGCT-1,2,1380,1.4520032,0.0,0,2.2050853,1,0.0,0,1.305719,1,0.0,0,2.8415346,1,1.305719,1,3.2273626,1,1.8532752,1,1.305719,1,3.1145253,1,1.8532752,1,1.305719,1,1.305719,1,2.8415346,1,0.0,0,0.0,0,2.2050853,1,0.0,0,1.305719,1
AGTCAGACGAATAG-1,0,1170,1.6641452,0.0,0,0.0,0,0.0,0,1.3931584,1,0.0,0,0.0,0,0.0,0,3.6198137,1,0.0,0,0.0,0,2.5733907,1,0.0,0,0.0,0,0.0,0,2.5733907,1,0.0,0,0.0,0,3.341021,1,1.3931584,1,0.0,0
AGTCAGACGCTTAG-1,0,491,3.1651828,0.0,0,0.0,0,0.0,0,0.0,0,0.0,0,2.387955,1,0.0,0,3.0341063,1,0.0,0,0.0,0,3.423402,1,0.0,0,0.0,0,0.0,0,2.387955,1,0.0,0,0.0,0,2.387955,1,2.387955,1,0.0,0
AGTCAGACTAGAGA-1,2,833,1.9057171,1.7951006,1,0.0,0,0.0,0,0.0,0,0.0,0,1.7951006,1,0.0,0,3.4378662,1,2.4015396,1,0.0,0,2.4015396,1,2.4015396,1,1.7951006,1,2.4015396,1,1.7951006,1,0.0,0,0.0,0,4.2666316,1,1.7951006,1,0.0,0
AGTCAGACTGCACA-1,0,924,1.4893618,2.0909004,1,0.0,0,1.5142696,1,1.5142696,1,0.0,0,1.5142696,1,0.0,0,3.1035366,1,0.0,0,0.0,0,3.2512538,1,2.4543014,1,1.5142696,1,1.5142696,1,1.5142696,1,0.0,0,0.0,0,3.4939253,1,2.4543014,1,0.0,0
AGTCCAGATATCTC-1,0,581,1.9473082,1.9061853,1,0.0,0,0.0,0,0.0,0,0.0,0,0.0,0,0.0,0,3.3890197,1,0.0,0,0.0,0,3.5657017,1,0.0,0,1.9061853,1,0.0,0,1.9061853,1,0.0,0,0.0,0,0.0,0,0.0,0,1.9061853,1
AGTCCAGATTTCAC-1,0,842,1.575179,0.0,0,0.0,0,0.0,0,0.0,0,0.0,0,0.0,0,0.0,0,3.5384312,1,1.7532386,1,1.7532386,1,3.0003755,1,0.0,0,1.7532386,1,0.0,0,0.0,0,0.0,0,0.0,0,2.3557978,1,0.0,0,1.7532386,1
AGTCGAACCAACCA-1,0,596,2.3270848,0.0,0,0.0,0,0.0,0,0.0,0,2.010668,1,3.015776,1,0.0,0,3.015776,1,0.0,0,0.0,0,3.015776,1,0.0,0,2.010668,1,0.0,0,2.010668,1,0.0,0,0.0,0,0.0,0,0.0,0,0.0,0
AGTCGCCTCCGTAA-1,0,811,0.76199013,0.0,0,1.7015238,1,0.0,0,1.7015238,1,0.0,0,1.7015238,1,0.0,0,3.1532264,1,2.299038,1,0.0,0,1.7015238,1,0.0,0,1.7015238,1,2.299038,1,1.7015238,1,0.0,0,0.0,0,2.6704788,1,0.0,0,0.0,0
AGTCTACTAGGGTG-1,1,542,0.9228188,4.222839,1,3.2661443,1,0.0,0,2.879576,1,2.879576,1,2.879576,1,3.2661443,1,5.9155226,1,2.879576,1,0.0,0,5.9379354,1,2.879576,1,2.879576,1,0.0,0,4.091399,1,2.2410672,1,0.0,0,3.2661443,1,0.0,0,4.222839,1
AGTCTACTTGCATG-1,4,1572,3.324366,3.007022,1,3.6751392,1,2.6713135,1,3.8115895,1,3.329268,1,3.007022,1,2.1622684,1,5.6744523,1,3.8532274,1,1.9122236,1,5.821488,1,1.9122236,1,3.1810696,1,4.6523037,1,3.6251788,1,1.9122236,1,2.3621302,1,3.5725908,1,4.0721197,1,4.1043596,1
AGTCTTACACCACA-1,0,758,1.8556701,0.0,0,0.0,0,0.0,0,1.6352079,1,0.0,0,2.5946257,1,0.0,0,3.0751266,1,0.0,0,0.0,0,1.6352079,1,0.0,0,1.6352079,1,0.0,0,2.2258174,1,0.0,0,0.0,0,0.0,0,0.0,0,0.0,0
AGTCTTACTTCGCC-1,2,854,3.5697513,0.0,0,1.7411096,1,0.0,0,1.7411096,1,0.0,0,1.7411096,1,0.0,0,3.1994216,1,0.0,0,0.0,0,3.1994216,1,1.7411096,1,1.7411096,1,1.7411096,1,2.3425112,1,0.0,0,0.0,0,3.8719652,1,0.0,0,0.0,0
AGTCTTACTTCGGA-1,6,274,0.75301206,0.0,0,2.7777603,1,0.0,0,0.0,0,0.0,0,0.0,0,0.0,0,4.91813,1,4.5163145,1,0.0,0,4.8012605,1,0.0,0,0.0,0,0.0,0,4.5163145,1,0.0,0,2.7777603,1,0.0,0,3.439325,1,0.0,0
AGTGACTGCAACTG-1,4,1413,3.087077,3.6163363,1,3.91158,1,3.3563094,1,4.874417,1,3.91158,1,3.6163363,1,2.6229882,1,5.852501,1,3.6720002,1,2.4550796,1,6.0414586,1,3.2791677,1,3.195574,1,2.4550796,1,3.494751,1,2.2531729,1,3.0039606,1,4.204896,1,2.6229882,1,4.031871,1
AGTGTTCTAACCTG-1,0,872,0.9447166,0.0,0,0.0,0,0.0,0,2.442073,1,0.0,0,2.917487,1,0.0,0,3.911729,1,0.0,0,0.0,0,2.079179,1,0.0,0,1.5038441,1,2.442073,1,3.0907562,1,0.0,0,0.0,0,2.7077703,1,2.079179,1,1.5038441,1
AGTGTTCTATAAGG-1,0,559,2.2918258,0.0,0,0.0,0,0.0,0,0.0,0,0.0,0,0.0,0,0.0,0,2.7905834,1,0.0,0,0.0,0,3.8474112,1,0.0,0,0.0,0,0.0,0,0.0,0,0.0,0,0.0,0,2.7905834,1,0.0,0,2.1570113,1
AGTGTTCTCACTTT-1,1,907,1.2265513,3.11994,1,2.7363145,1,0.0,0,3.3965206,1,2.4700055,1,2.1059625,1,2.1059625,1,4.3865795,1,2.4700055,1,2.1059625,1,5.9008775,1,2.4700055,1,2.1059625,1,2.4700055,1,3.7057989,1,0.0,0,1.5276861,1,4.18867,1,1.5276861,1,4.8742056,1
AGTTAAACCACTTT-1,0,951,2.7116404,0.0,0,0.0,0,0.0,0,2.6561005,1,1.4609755,1,2.030819,1,0.0,0,3.0378802,1,0.0,0,0.0,0,3.0378802,1,1.4609755,1,0.0,0,1.4609755,1,1.4609755,1,0.0,0,0.0,0,3.9249873,1,0.0,0,0.0,0
AGTTATGAACAGTC-1,1,1175,1.6280353,3.011655,1,2.6946757,1,0.0,0,2.4882822,1,3.1390162,1,1.3244572,1,0.0,0,4.3603435,1,2.6946757,1,1.3244572,1,5.8623185,1,2.227908,1,3.011655,1,3.2519736,1,3.8102627,1,1.8749185,1,2.227908,1,3.9255824,1,2.227908,1,4.2872176,1
AGTTATGACTGAGT-1,0,946,0.574988,0.0,0,0.0,0,0.0,0,2.3592615,1,1.7564029,1,2.7327232,1,0.0,0,3.392809,1,0.0,0,0.0,0,3.542146,1,0.0,0,0.0,0,1.7564029,1,0.0,0,0.0,0,0.0,0,3.6720521,1,0.0,0,0.0,0
AGTTATGAGTTCAG-1,0,905,2.9339855,0.0,0,0.0,0,0.0,0,0.0,0,0.0,0,1.5027566,1,0.0,0,3.5818677,1,2.0779555,1,0.0,0,3.0894213,1,0.0,0,0.0,0,2.706465,1,2.0779555,1,0.0,0,0.0,0,2.9161642,1,0.0,0,0.0,0
AGTTCTACCAGCTA-1,1,737,2.4509804,2.5843675,1,0.0,0,0.0,0,3.7817357,1,2.964363,1,1.9639536,1,0.0,0,4.4634256,1,1.9639536,1,1.9639536,1,5.666393,1,3.2390628,1,2.964363,1,2.5843675,1,3.912415,1,0.0,0,3.2390628,1,3.7817357,1,0.0,0,4.027974,1
AGTTCTTGAAGCCT-1,2,604,2.814699,0.0,0,0.0,0,0.0,0,0.0,0,0.0,0,2.1775575,1,0.0,0,3.6919656,1,0.0,0,2.1775575,1,3.8701246,1,0.0,0,0.0,0,0.0,0,0.0,0,0.0,0,0.0,0,2.1775575,1,0.0,0,0.0,0
AGTTGTCTACTACG-1,0,843,1.9451199,0.0,0,0.0,0,0.0,0,1.4986947,1,0.0,0,0.0,0,0.0,0,3.3606095,1,0.0,0,0.0,0,3.0844324,1,1.4986947,1,1.4986947,1,0.0,0,0.0,0,0.0,0,0.0,0,2.4360251,1,0.0,0,0.0,0
AGTTTAGATGGTCA-1,0,606,2.4372761,0.0,0,0.0,0,0.0,0,3.1137543,1,0.0,0,3.1137543,1,0.0,0,2.1002803,1,0.0,0,0.0,0,3.7844338,1,2.1002803,1,0.0,0,2.1002803,1,2.7302628,1,0.0,0,0.0,0,2.7302628,1,0.0,0,0.0,0
AGTTTCACGGTCTA-1,2,1079,1.1507937,0.0,0,0.0,0,1.6033856,1,2.8260891,1,1.6033856,1,2.8260891,1,0.0,0,3.7992601,1,1.6033856,1,0.0,0,3.037313,1,0.0,0,1.6033856,1,1.6033856,1,2.8260891,1,0.0,0,0.0,0,3.2116086,1,0.0,0,1.6033856,1
AGTTTGCTACAGTC-1,0,668,1.7686424,0.0,0,1.7552146,1,0.0,0,1.7552146,1,1.7552146,1,1.7552146,1,0.0,0,2.7313805,1,1.7552146,1,0.0,0,3.982138,1,0.0,0,0.0,0,1.7552146,1,2.7313805,1,0.0,0,0.0,0,0.0,0,0.0,0,0.0,0
AGTTTGCTACTGGT-1,2,785,3.347065,0.0,0,0.0,0,0.0,0,0.0,0,0.0,0,2.4256234,1,0.0,0,3.0735521,1,0.0,0,0.0,0,3.0735521,1,0.0,0,0.0,0,0.0,0,0.0,0,0.0,0,0.0,0,1.8172061,1,0.0,0,0.0,0
AGTTTGCTCCAAGT-1,0,726,0.5365854,0.0,0,0.0,0,0.0,0,0.0,0,0.0,0,1.771225,1,0.0,0,3.4101007,1,1.771225,1,0.0,0,4.9927526,1,0.0,0,1.771225,1,0.0,0,0.0,0,0.0,0,0.0,0,0.0,0,0.0,0,0.0,0
ATAAACACAGTGCT-1,3,978,1.84,0.0,0,0.0,0,0.0,0,2.1972246,1,0.0,0,0.0,0,0.0,0,3.6109178,1,1.609438,1,0.0,0,4.828314,1,0.0,0,2.5649493,1,0.0,0,2.5649493,1,0.0,0,0.0,0,0.0,0,0.0,0,1.609438,1
ATAAACACCACCAA-1,0,941,3.6668952,0.0,0,0.0,0,0.0,0,0.0,0,0.0,0,0.0,0,0.0,0,3.0712607,1,0.0,0,0.0,0,3.8917084,1,1.4879886,1,0.0,0,0.0,0,2.6887124,1,0.0,0,0.0,0,1.4879886,1,0.0,0,1.4879886,1
ATAACAACATGCTG-1,1,994,3.0479605,2.9407046,1,3.1532264,1,0.0,0,2.9407046,1,3.1532264,1,2.299038,1,1.7015238,1,5.355018,1,3.4774194,1,2.299038,1,5.61466,1,2.6704788,1,3.1532264,1,2.6704788,1,3.1532264,1,0.0,0,2.299038,1,4.0821004,1,2.299038,1,3.6070824,1
ATAACAACGTCTAG-1,0,655,2.8708134,0.0,0,0.0,0,0.0,0,0.0,0,0.0,0,3.2169578,1,0.0,0,4.0053716,1,0.0,0,0.0,0,3.2169578,1,0.0,0,0.0,0,1.9441979,1,1.9441979,1,0.0,0,0.0,0,3.7592487,1,0.0,0,0.0,0
ATAACAACTTTGTC-1,0,1013,2.330779,1.43411,1,0.0,0,0.0,0,0.0,0,1.43411,1,1.43411,1,0.0,0,3.2796803,1,1.43411,1,1.43411,1,5.2103972,1,0.0,0,0.0,0,0.0,0,3.1515117,1,0.0,0,0.0,0,2.0003738,1,0.0,0,1.43411,1
ATAACATGTACTCT-1,0,987,1.4409221,0.0,0,0.0,0,0.0,0,1.5268394,1,0.0,0,2.4690154,1,0.0,0,4.0083156,1,0.0,0,0.0,0,3.1189063,1,1.5268394,1,0.0,0,2.945387,1,2.7353032,1,0.0,0,0.0,0,3.8680053,1,1.5268394,1,1.5268394,1
ATAACCCTGTTGGT-1,0,591,3.052503,1.9607997,1,0.0,0,0.0,0,1.9607997,1,0.0,0,1.9607997,1,0.0,0,3.7781496,1,0.0,0,0.0,0,2.580975,1,0.0,0,0.0,0,0.0,0,1.9607997,1,0.0,0,0.0,0,0.0,0,0.0,0,0.0,0
ATAACCCTTGGTAC-1,0,1041,0.61037636,1.4800764,1,0.0,0,0.0,0,2.4141126,1,0.0,0,1.4800764,1,0.0,0,3.4512417,1,1.4800764,1,1.4800764,1,3.5534265,1,1.4800764,1,2.0523996,1,0.0,0,2.6791792,1,0.0,0,0.0,0,2.6791792,1,0.0,0,1.4800764,1
ATAAGTACGAATGA-1,3,625,1.6645327,0.0,0,0.0,0,0.0,0,2.002865,1,0.0,0,2.002865,1,0.0,0,3.6753263,1,2.002865,1,0.0,0,3.0072045,1,0.0,0,0.0,0,0.0,0,3.0072045,1,0.0,0,0.0,0,0.0,0,0.0,0,0.0,0
ATAAGTTGGTACGT-1,4,582,2.4354243,4.4096513,1,3.419106,1,2.7581758,1,3.1422787,1,3.8135972,1,3.419106,1,2.126507,1,5.9533663,1,4.315556,1,2.126507,1,5.87354,1,2.7581758,1,3.1422787,1,2.7581758,1,3.8135972,1,0.0,0,0.0,0,5.0504713,1,0.0,0,4.211679,1
ATAAGTTGTCTAGG-1,0,814,3.4644995,0.0,0,0.0,0,0.0,0,0.0,0,0.0,0,1.6637348,1,0.0,0,3.5619524,1,0.0,0,0.0,0,2.8967934,1,1.6637348,1,0.0,0,2.2573764,1,2.2573764,1,0.0,0,0.0,0,3.6765769,1,1.6637348,1,0.0,0
ATAATCGAGCTGAT-1,3,570,1.9480519,0.0,0,0.0,0,0.0,0,0.0,0,0.0,0,0.0,0,0.0,0,3.3972182,1,0.0,0,0.0,0,2.1065965,1,0.0,0,0.0,0,0.0,0,3.613646,1,0.0,0,0.0,0,0.0,0,0.0,0,0.0,0
ATAATCGATGGTTG-1,0,775,0.5536627,0.0,0,0.0,0,0.0,0,0.0,0,0.0,0,1.6599302,1,0.0,0,2.6229882,1,0.0,0,0.0,0,3.6720002,1,1.6599302,1,0.0,0,0.0,0,2.2531729,1,0.0,0,0.0,0,0.0,0,0.0,0,1.6599302,1
ATAATGACCTACTT-1,0,822,1.2189616,0.0,0,0.0,0,0.0,0,0.0,0,0.0,0,2.678442,1,0.0,0,3.4857092,1,0.0,0,0.0,0,2.3067355,1,0.0,0,0.0,0,2.3067355,1,1.708522,1,0.0,0,0.0,0,1.708522,1,0.0,0,0.0,0
ATAATGACTCGTGA-1,1,715,2.55019,3.3373487,1,2.849934,1,1.8608006,1,2.472983,1,3.7939386,1,1.8608006,1,2.472983,1,5.5024805,1,3.5137308,1,1.8608006,1,5.755347,1,1.8608006,1,3.6636174,1,3.6636174,1,4.191873,1,1.8608006,1,0.0,0,3.6636174,1,1.8608006,1,3.9092178,1
ATACAATGTTAGGC-1,0,738,1.6759777,0.0,0,0.0,0,0.0,0,0.0,0,0.0,0,0.0,0,0.0,0,3.3663309,1,0.0,0,0.0,0,3.6453464,1,0.0,0,0.0,0,1.733778,1,1.733778,1,0.0,0,0.0,0,2.3344722,1,0.0,0,0.0,0
ATACCACTCGTACA-1,1,956,2.0718231,2.430966,1,2.905977,1,0.0,0,3.5713956,1,2.6964147,1,0.0,0,0.0,0,5.053362,1,2.430966,1,1.4943905,1,5.234618,1,2.905977,1,3.079141,1,2.905977,1,4.0307994,1,0.0,0,2.0685372,1,4.0903788,1,2.0685372,1,3.4691544,1
ATACCACTCTAAGC-1,5,1178,2.4166265,2.8870857,1,3.0136254,1,0.0,0,1.7647772,1,2.8870857,1,2.8870857,1,3.402584,1,4.8429823,1,2.572664,1,1.2296802,1,4.5579243,1,1.7647772,1,2.1114738,1,2.3684237,1,2.572664,1,0.0,0,0.0,0,1.7647772,1,1.2296802,1,4.331052,1
ATACCACTGCCAAT-1,2,743,3.3544302,0.0,0,1.9924014,1,0.0,0,3.4863229,1,0.0,0,2.6149287,1,0.0,0,2.9957006,1,1.9924014,1,0.0,0,2.6149287,1,0.0,0,0.0,0,0.0,0,0.0,0,0.0,0,0.0,0,0.0,0,0.0,0,0.0,0
ATACCGGAATGCTG-1,5,1861,2.2941356,2.686337,1,2.1516209,1,0.0,0,3.231441,1,2.5770342,1,2.1516209,1,2.3143694,1,4.020182,1,1.9571365,1,0.92416245,1,3.841444,1,0.0,0,0.92416245,1,2.1516209,1,2.686337,1,0.0,0,0.92416245,1,3.8082824,1,2.1516209,1,5.0596476,1
ATACCGGACATTTC-1,1,841,1.8978761,3.1609824,1,2.678021,1,0.0,0,4.0114164,1,3.1609824,1,2.948379,1,2.678021,1,6.06444,1,3.1609824,1,1.7081518,1,5.730993,1,3.6149642,1,3.336215,1,2.678021,1,3.485271,1,1.7081518,1,1.7081518,1,4.0114164,1,2.948379,1,5.363081,1
ATACCGGACTTCGC-1,0,944,2.2271714,1.5503948,1,0.0,0,0.0,0,1.5503948,1,0.0,0,2.1314006,1,0.0,0,2.973827,1,0.0,0,0.0,0,3.5386372,1,1.5503948,1,0.0,0,2.1314006,1,3.147594,1,0.0,0,0.0,0,3.147594,1,1.5503948,1,0.0,0
ATACCGGAGGTGTT-1,1,783,2.1606388,2.7141066,1,1.739947,1,0.0,0,2.985084,1,3.652639,1,2.3412366,1,2.985084,1,4.502515,1,3.198069,1,0.0,0,5.754798,1,2.985084,1,2.985084,1,2.3412366,1,3.3735604,1,0.0,0,1.739947,1,4.5532537,1,0.0,0,4.449063,1
ATACCGGATCTCGC-1,0,643,2.631579,0.0,0,0.0,0,0.0,0,0.0,0,0.0,0,2.8993576,1,0.0,0,3.1731794,1,2.8993576,1,0.0,0,3.5645893,1,0.0,0,0.0,0,0.0,0,0.0,0,0.0,0,0.0,0,3.9605734,1,1.9052109,1,0.0,0
ATACCTACGCATCA-1,0,924,2.0282507,0.0,0,0.0,0,0.0,0,1.5313686,1,0.0,0,1.5313686,1,0.0,0,3.6175182,1,1.5313686,1,0.0,0,3.8736672,1,0.0,0,0.0,0,0.0,0,2.1100924,1,0.0,0,0.0,0,1.5313686,1,2.1100924,1,1.5313686,1
ATACCTTGGGGCAA-1,0,936,1.3866231,0.0,0,0.0,0,0.0,0,1.8626367,1,1.8626367,1,1.8626367,1,0.0,0,1.8626367,1,1.3138173,1,0.0,0,2.8519826,1,0.0,0,0.0,0,0.0,0,1.8626367,1,0.0,0,0.0,0,0.0,0,0.0,0,0.0,0
ATACGGACAGACTC-1,1,431,4.1049027,0.0,0,2.5178988,1,0.0,0,2.5178988,1,3.5612597,1,0.0,0,0.0,0,5.732913,1,3.5612597,1,0.0,0,6.220014,1,2.5178988,1,3.841816,1,3.841816,1,3.841816,1,0.0,0,0.0,0,4.74515,1,0.0,0,4.2401037,1
ATACGGACCTACTT-1,1,490,2.2072937,3.0053785,1,3.673454,1,0.0,0,2.3605642,1,3.3941991,1,0.0,0,0.0,0,5.698786,1,3.3941991,1,0.0,0,6.270669,1,2.3605642,1,3.3941991,1,3.0053785,1,3.891507,1,2.3605642,1,0.0,0,4.754996,1,2.3605642,1,3.673454,1
ATACGGACGAGGTG-1,3,532,3.1198685,0.0,0,0.0,0,0.0,0,0.0,0,0.0,0,2.222508,1,0.0,0,4.0709596,1,0.0,0,0.0,0,4.3184752,1,0.0,0,2.222508,1,0.0,0,3.524058,1,0.0,0,0.0,0,0.0,0,0.0,0,0.0,0
ATACGGACTATGCG-1,3,524,2.1709633,0.0,0,2.0532873,1,0.0,0,0.0,0,2.0532873,1,0.0,0,0.0,0,3.7319598,1,0.0,0,0.0,0,3.7319598,1,0.0,0,0.0,0,0.0,0,2.6801276,1,0.0,0,0.0,0,2.0532873,1,0.0,0,0.0,0
ATACGGACTCTGGA-1,1,620,3.4693878,2.6826625,1,2.6826625,1,0.0,0,2.0556595,1,2.6826625,1,0.0,0,2.0556595,1,5.143415,1,2.6826625,1,0.0,0,6.1692743,1,2.6826625,1,3.0650704,1,2.6826625,1,3.341021,1,2.0556595,1,2.0556595,1,4.4948626,1,2.0556595,1,4.0163093,1
ATACGTCTTAACGC-1,1,749,4.525112,2.393362,1,3.039773,1,0.0,0,2.393362,1,3.5786703,1,1.7876049,1,0.0,0,4.748646,1,4.907704,1,0.0,0,6.221559,1,2.7679136,1,2.7679136,1,3.8237627,1,3.5786703,1,1.7876049,1,2.393362,1,4.257763,1,0.0,0,4.184743,1
ATACTCTGCTTCGC-1,1,1334,2.1680822,3.3264606,1,2.8127975,1,1.6998765,1,3.9597197,1,3.9161344,1,1.6998765,1,3.0506809,1,5.596184,1,3.0506809,1,2.8127975,1,6.1252823,1,3.2427094,1,3.1512973,1,2.5000563,1,3.605122,1,0.0,0,2.2972252,1,4.1530194,1,2.2972252,1,3.9597197,1
ATACTCTGGTATGC-1,2,834,2.1618283,1.9713649,1,3.639763,1,2.5923355,1,0.0,0,0.0,0,2.5923355,1,0.0,0,3.4626796,1,0.0,0,0.0,0,3.4626796,1,1.9713649,1,0.0,0,2.5923355,1,1.9713649,1,0.0,0,0.0,0,1.9713649,1,0.0,0,0.0,0
ATAGATACCATGGT-1,0,790,1.8323408,0.0,0,0.0,0,0.0,0,0.0,0,0.0,0,2.6924481,1,0.0,0,2.6924481,1,0.0,0,0.0,0,3.6300337,1,2.6924481,1,0.0,0,2.3202798,1,2.3202798,1,0.0,0,0.0,0,3.6300337,1,2.3202798,1,1.7208471,1
ATAGATACGACGAG-1,0,702,2.6848798,0.0,0,0.0,0,0.0,0,1.7426629,1,0.0,0,2.3442135,1,0.0,0,3.2012281,1,0.0,0,0.0,0,2.9882112,1,0.0,0,1.7426629,1,1.7426629,1,1.7426629,1,0.0,0,0.0,0,1.7426629,1,0.0,0,0.0,0
ATAGATTGGTGTAC-1,3,892,2.0007274,0.0,0,0.0,0,0.0,0,1.5350722,1,0.0,0,0.0,0,0.0,0,3.5197191,1,0.0,0,0.0,0,3.8782923,1,1.5350722,1,0.0,0,0.0,0,2.4786355,1,0.0,0,1.5350722,1,1.5350722,1,0.0,0,0.0,0
ATAGCCGAACGGAG-1,0,693,2.673031,0.0,0,0.0,0,0.0,0,0.0,0,1.7536334,1,0.0,0,0.0,0,3.668789,1,0.0,0,0.0,0,2.35623,1,0.0,0,0.0,0,0.0,0,2.35623,1,0.0,0,0.0,0,0.0,0,0.0,0,0.0,0
ATAGCGTGCAGATC-1,0,784,1.0620916,0.0,0,0.0,0,0.0,0,1.6276026,1,0.0,0,2.5858796,1,0.0,0,3.5184834,1,2.5858796,1,0.0,0,3.632967,1,1.6276026,1,0.0,0,0.0,0,2.5858796,1,0.0,0,0.0,0,2.2173874,1,1.6276026,1,0.0,0
ATAGCGTGCCCTTG-1,1,944,1.1318243,2.6635187,1,2.398805,1,0.0,0,2.8726234,1,2.6635187,1,1.4671068,1,2.0377522,1,4.74011,1,3.1928067,1,0.0,0,5.67432,1,2.0377522,1,2.8726234,1,2.6635187,1,3.9328065,1,0.0,0,0.0,0,3.3211927,1,2.0377522,1,4.511849,1
ATAGCGTGGTATCG-1,1,471,1.7773621,3.3703907,1,3.6494415,1,0.0,0,3.6494415,1,2.3382704,1,0.0,0,0.0,0,4.8834543,1,2.9819677,1,2.9819677,1,6.2640543,1,0.0,0,2.3382704,1,3.8673704,1,4.0462003,1,0.0,0,2.9819677,1,4.7305646,1,2.3382704,1,3.6494415,1
ATAGCGTGTCTCTA-1,0,839,1.8477783,0.0,0,0.0,0,0.0,0,2.2826698,1,0.0,0,1.6866597,1,0.0,0,3.4597762,1,0.0,0,0.0,0,3.70408,1,0.0,0,1.6866597,1,2.9234643,1,2.2826698,1,0.0,0,0.0,0,0.0,0,2.2826698,1,0.0,0
ATAGCTCTCTGATG-1,0,529,2.9234738,0.0,0,0.0,0,0.0,0,0.0,0,2.261602,1,0.0,0,0.0,0,3.2882285,1,2.261602,1,0.0,0,3.7840137,1,2.261602,1,0.0,0,0.0,0,0.0,0,0.0,0,0.0,0,2.9012516,1,0.0,0,2.261602,1
ATAGCTCTGAGGTG-1,0,729,2.1265824,0.0,0,0.0,0,0.0,0,2.409798,1,0.0,0,0.0,0,0.0,0,2.409798,1,1.8026757,1,0.0,0,2.784861,1,0.0,0,0.0,0,0.0,0,1.8026757,1,0.0,0,0.0,0,1.8026757,1,0.0,0,0.0,0
ATAGGAGAAACAGA-1,1,1084,2.1947103,2.8840818,1,2.245334,1,1.3388156,1,3.7662535,1,3.0302138,1,2.5061862,1,2.7128794,1,5.5385423,1,3.7662535,1,2.5061862,1,6.674411,1,2.7128794,1,3.2707357,1,3.3722913,1,4.1856165,1,0.0,0,1.8914609,1,4.1856165,1,1.8914609,1,4.3796067,1
ATAGGCTGTCAGAC-1,0,802,1.6566958,0.0,0,0.0,0,0.0,0,1.7238683,1,0.0,0,2.3235972,1,0.0,0,2.6958776,1,0.0,0,0.0,0,3.7484577,1,1.7238683,1,1.7238683,1,0.0,0,2.6958776,1,0.0,0,0.0,0,2.6958776,1,0.0,0,1.7238683,1
ATAGTCCTAGTGTC-1,1,886,2.1315193,3.16532,1,2.6822395,1,0.0,0,3.16532,1,2.6822395,1,2.3104074,1,1.7118617,1,5.6434464,1,3.9304898,1,2.9526713,1,5.90993,1,3.340583,1,2.3104074,1,2.9526713,1,3.9304898,1,0.0,0,3.16532,1,3.9304898,1,0.0,0,3.7341726,1
ATAGTCCTTGCATG-1,2,815,0.7785888,0.0,0,0.0,0,0.0,0,3.232025,1,0.0,0,2.3732634,1,0.0,0,3.4077451,1,1.7692037,1,0.0,0,3.687114,1,0.0,0,0.0,0,2.3732634,1,0.0,0,0.0,0,0.0,0,0.0,0,0.0,0,0.0,0
ATAGTCCTTGTCGA-1,0,856,1.1269722,0.0,0,0.0,0,0.0,0,1.5607154,1,0.0,0,2.5085158,1,0.0,0,2.9862442,1,0.0,0,0.0,0,3.653829,1,0.0,0,1.5607154,1,0.0,0,2.775641,1,0.0,0,0.0,0,0.0,0,0.0,0,0.0,0
ATAGTTGACAACTG-1,0,746,1.6025642,0.0,0,0.0,0,0.0,0,0.0,0,0.0,0,0.0,0,0.0,0,3.1744957,1,0.0,0,0.0,0,3.4989488,1,0.0,0,2.3190393,1,0.0,0,0.0,0,0.0,0,0.0,0,1.7197176,1,0.0,0,0.0,0
ATAGTTGACCCTCA-1,4,1318,1.872221,3.9151642,1,4.0044007,1,2.855652,1,4.3295007,1,3.6494415,1,2.9819677,1,2.3382704,1,5.6661544,1,3.4477856,1,2.711042,1,6.180451,1,2.711042,1,2.9819677,1,3.0941021,1,3.7643309,1,1.2062175,1,2.5419264,1,4.2324224,1,1.7372414,1,4.1620383,1
ATAGTTGAGACGTT-1,0,545,3.004926,0.0,0,0.0,0,0.0,0,2.3857121,1,0.0,0,2.3857121,1,0.0,0,2.7600224,1,0.0,0,0.0,0,3.5704842,1,0.0,0,0.0,0,0.0,0,2.3857121,1,0.0,0,0.0,0,3.4210129,1,0.0,0,0.0,0
ATAGTTGATAAGCC-1,0,696,1.657754,1.8480757,1,0.0,0,0.0,0,1.8480757,1,0.0,0,0.0,0,0.0,0,3.4990969,1,0.0,0,0.0,0,4.255878,1,0.0,0,1.8480757,1,0.0,0,2.8357267,1,0.0,0,0.0,0,1.8480757,1,0.0,0,0.0,0
ATATACGAAGCCAT-1,0,872,1.6367266,0.0,0,0.0,0,0.0,0,0.0,0,0.0,0,1.6078398,1,0.0,0,3.365367,1,0.0,0,0.0,0,2.5631053,1,0.0,0,0.0,0,1.6078398,1,1.6078398,1,0.0,0,0.0,0,0.0,0,0.0,0,0.0,0
ATATACGAATTGGC-1,0,1154,1.321474,0.0,0,0.0,0,0.0,0,1.8064935,1,0.0,0,2.6190474,1,0.0,0,3.1739104,1,1.2654053,1,0.0,0,3.275078,1,1.8064935,1,0.0,0,0.0,0,2.7891493,1,0.0,0,0.0,0,2.413958,1,1.2654053,1,0.0,0
ATATAGTGGAATGA-1,1,467,2.9190207,2.3442135,1,2.9882112,1,0.0,0,3.6558468,1,0.0,0,2.3442135,1,0.0,0,5.0225716,1,2.3442135,1,0.0,0,6.744361,1,0.0,0,3.873809,1,2.9882112,1,4.4523177,1,0.0,0,2.3442135,1,4.33599,1,2.3442135,1,3.6558468,1
ATATGCCTAGATCC-1,1,725,2.041885,3.4785786,1,3.628312,1,0.0,0,1.830275,1,3.628312,1,2.4398398,1,1.830275,1,5.8923526,1,3.3024082,1,1.830275,1,5.8777943,1,3.088421,1,3.088421,1,2.4398398,1,4.070592,1,0.0,0,2.4398398,1,3.976987,1,2.4398398,1,4.15618,1
ATATGCCTGGACAG-1,0,1027,2.1658592,0.0,0,0.0,0,0.0,0,0.0,0,0.0,0,0.0,0,0.0,0,3.4768271,1,1.3482361,1,0.0,0,2.5178988,1,0.0,0,0.0,0,0.0,0,2.5178988,1,0.0,0,0.0,0,1.9022948,1,1.3482361,1,0.0,0
ATATGCCTTCTCTA-1,0,479,1.3761468,0.0,0,0.0,0,0.0,0,0.0,0,0.0,0,2.9626215,1,0.0,0,4.177769,1,2.3198662,1,0.0,0,2.9626215,1,0.0,0,2.3198662,1,0.0,0,0.0,0,0.0,0,0.0,0,3.3507085,1,0.0,0,0.0,0
ATATGCCTTGGTAC-1,0,728,1.7318159,0.0,0,0.0,0,0.0,0,1.7834744,1,1.7834744,1,0.0,0,0.0,0,2.7632632,1,0.0,0,0.0,0,3.4243593,1,1.7834744,1,0.0,0,1.7834744,1,2.7632632,1,0.0,0,0.0,0,0.0,0,0.0,0,0.0,0
ATCAAATGAGCCTA-1,1,926,3.1225605,1.590199,1,3.3440297,1,0.0,0,3.4731398,1,3.0215766,1,0.0,0,0.0,0,5.057449,1,4.1506557,1,2.1758249,1,5.8536973,1,3.3440297,1,2.1758249,1,3.0215766,1,3.58747,1,0.0,0,1.590199,1,4.1506557,1,0.0,0,3.69006,1
ATCAAATGGGTAAA-1,4,1282,2.2797437,3.8317099,1,4.0189886,1,2.9960768,1,3.4621732,1,3.929727,1,3.881919,1,2.7249184,1,6.2471952,1,3.663915,1,2.3517034,1,5.8854237,1,3.6010838,1,2.9960768,1,2.8696604,1,3.7230306,1,2.3517034,1,2.0952637,1,4.1395154,1,3.2091734,1,4.0607996,1
ATCAACCTAAACGA-1,0,907,0.83396506,0.0,0,0.0,0,0.0,0,0.0,0,0.0,0,1.5666871,1,0.0,0,3.5586784,1,0.0,0,0.0,0,4.0580482,1,1.5666871,1,0.0,0,1.5666871,1,2.7827249,1,0.0,0,0.0,0,2.7827249,1,0.0,0,0.0,0
ATCAACCTGAGGAC-1,0,833,2.7249136,0.0,0,0.0,0,0.0,0,0.0,0,1.6728129,1,0.0,0,0.0,0,3.1195264,1,1.6728129,1,0.0,0,3.1195264,1,0.0,0,0.0,0,1.6728129,1,0.0,0,0.0,0,0.0,0,1.6728129,1,0.0,0,0.0,0
ATCAACCTTCTCTA-1,2,1024,2.9940119,1.6081592,1,0.0,0,0.0,0,0.0,0,0.0,0,2.8317087,1,0.0,0,3.2173412,1,0.0,0,0.0,0,3.0429997,1,0.0,0,0.0,0,1.6081592,1,2.1958036,1,0.0,0,0.0,0,3.8902543,1,2.1958036,1,1.6081592,1
ATCAACCTTTGTCT-1,2,838,1.9051323,1.5870976,1,0.0,0,1.5870976,1,1.5870976,1,1.5870976,1,0.0,0,0.0,0,2.8068783,1,0.0,0,0.0,0,3.583681,1,0.0,0,1.5870976,1,0.0,0,2.172371,1,0.0,0,0.0,0,1.5870976,1,0.0,0,0.0,0
ATCACACTTTGTCT-1,0,900,2.109375,0.0,0,1.590821,1,0.0,0,0.0,0,0.0,0,0.0,0,0.0,0,3.868976,1,2.8112748,1,0.0,0,3.0223198,1,0.0,0,1.590821,1,0.0,0,0.0,0,0.0,0,0.0,0,2.8112748,1,0.0,0,0.0,0
ATCACGGATTGCTT-1,1,457,5.8461537,3.068649,1,2.4209378,1,0.0,0,3.068649,1,3.73828,1,2.4209378,1,0.0,0,5.106567,1,3.4584982,1,0.0,0,6.3370075,1,0.0,0,2.4209378,1,2.4209378,1,3.068649,1,0.0,0,0.0,0,3.956653,1,0.0,0,2.4209378,1
ATCACGGATTTCGT-1,3,737,2.1763394,0.0,0,0.0,0,0.0,0,0.0,0,0.0,0,0.0,0,0.0,0,3.5426114,1,2.5002618,1,0.0,0,3.6926196,1,0.0,0,1.8859844,1,0.0,0,1.8859844,1,0.0,0,0.0,0,0.0,0,0.0,0,0.0,0
ATCATCTGACACCA-1,6,367,0.6784261,0.0,0,0.0,0,0.0,0,0.0,0,0.0,0,0.0,0,0.0,0,4.5654798,1,3.3383965,1,0.0,0,3.3383965,1,2.6801276,1,0.0,0,0.0,0,4.9190283,1,0.0,0,0.0,0,0.0,0,2.6801276,1,0.0,0
ATCATGCTAGAGTA-1,2,459,3.4117646,0.0,0,0.0,0,0.0,0,0.0,0,0.0,0,0.0,0,0.0,0,3.5939467,1,0.0,0,0.0,0,2.5488553,1,0.0,0,0.0,0,0.0,0,0.0,0,0.0,0,0.0,0,3.5939467,1,0.0,0,0.0,0
ATCATGCTGAACCT-1,3,1030,2.3380728,1.4256488,1,0.0,0,0.0,0,1.9907624,1,0.0,0,2.349628,1,0.0,0,3.484483,1,2.349628,1,0.0,0,3.577001,1,1.4256488,1,1.4256488,1,0.0,0,2.8215444,1,0.0,0,1.4256488,1,0.0,0,0.0,0,0.0,0
ATCCAGGACGCTAA-1,4,1279,1.2513312,3.890776,1,3.4954739,1,3.9940915,1,4.042004,1,3.5731802,1,2.9779134,1,3.3192008,1,5.8951745,1,2.83221,1,2.9779134,1,5.438466,1,3.105062,1,3.4954739,1,3.2178524,1,3.4954739,1,1.844929,1,2.196277,1,3.890776,1,2.196277,1,3.7755435,1
ATCCAGGATGGAAA-1,0,756,1.268797,0.0,0,1.7414975,1,0.0,0,1.7414975,1,0.0,0,2.9868696,1,0.0,0,4.0512733,1,2.7158628,1,0.0,0,2.9868696,1,1.7414975,1,0.0,0,1.7414975,1,2.7158628,1,0.0,0,0.0,0,3.7693746,1,0.0,0,0.0,0
ATCCATACTCCTTA-1,1,662,2.5246305,3.460288,1,3.244969,1,0.0,0,3.637359,1,2.5900514,1,0.0,0,2.9701931,1,5.1917987,1,3.244969,1,0.0,0,5.829203,1,3.460288,1,3.918439,1,2.5900514,1,3.244969,1,0.0,0,0.0,0,4.231458,1,1.9692398,1,4.1376,1
ATCCATACTTCATC-1,4,1323,2.3748724,3.604656,1,4.1724358,1,3.671834,1,4.6610985,1,3.8499084,1,3.604656,1,1.2683356,1,5.4640594,1,3.9531384,1,3.4550278,1,4.95245,1,3.1778197,1,3.604656,1,3.0652325,1,4.0467024,1,2.6228304,1,1.8099042,1,4.98792,1,2.6228304,1,3.2790036,1
ATCCCGTGCAGTCA-1,2,1003,1.9539078,0.0,0,2.400171,1,1.7938459,1,0.0,0,0.0,0,2.400171,1,0.0,0,2.7749357,1,0.0,0,0.0,0,4.19212,1,2.400171,1,2.400171,1,1.7938459,1,2.7749357,1,0.0,0,0.0,0,3.4364097,1,0.0,0,0.0,0
ATCCCGTGCATGCA-1,3,359,2.8350515,0.0,0,0.0,0,0.0,0,0.0,0,0.0,0,0.0,0,0.0,0,0.0,0,0.0,0,0.0,0,3.2886426,1,0.0,0,0.0,0,0.0,0,0.0,0,0.0,0,0.0,0,0.0,0,0.0,0,0.0,0
ATCCCGTGGCTGAT-1,3,770,1.8097447,0.0,0,0.0,0,0.0,0,0.0,0,0.0,0,0.0,0,0.0,0,3.8587005,1,0.0,0,0.0,0,3.3618405,1,1.72995,1,0.0,0,0.0,0,2.7027771,1,0.0,0,0.0,0,0.0,0,0.0,0,0.0,0
ATCCGCACGCATCA-1,3,813,2.0931225,0.0,0,0.0,0,0.0,0,4.597628,1,0.0,0,0.0,0,0.0,0,3.67491,1,0.0,0,0.0,0,4.4086914,1,0.0,0,1.6623489,1,0.0,0,3.4308128,1,0.0,0,0.0,0,0.0,0,0.0,0,0.0,0
ATCCTAACGACGGA-1,3,634,3.65991,1.8917,1,0.0,0,0.0,0,0.0,0,0.0,0,0.0,0,0.0,0,2.8843477,1,0.0,0,0.0,0,3.1579585,1,0.0,0,2.506445,1,0.0,0,2.8843477,1,0.0,0,0.0,0,2.506445,1,0.0,0,0.0,0
ATCCTAACGCTACA-1,2,924,1.6957365,0.0,0,0.0,0,0.0,0,2.3701804,1,0.0,0,1.7663836,1,0.0,0,3.4044576,1,0.0,0,1.7663836,1,3.798786,1,0.0,0,0.0,0,2.3701804,1,2.7439952,1,0.0,0,0.0,0,3.4044576,1,0.0,0,0.0,0
ATCGACGAAACTGC-1,1,1184,1.1185006,2.7805936,1,2.952528,1,0.0,0,3.5346467,1,1.9532315,1,0.0,0,0.0,0,5.94605,1,2.952528,1,1.9532315,1,5.5056696,1,3.3404372,1,3.9596167,1,2.952528,1,3.4422493,1,1.3927034,1,2.5728316,1,3.6972034,1,1.9532315,1,4.068833,1
ATCGACGAATGACC-1,0,901,3.662365,1.5013996,1,1.5013996,1,0.0,0,2.0764287,1,0.0,0,2.0764287,1,1.5013996,1,1.5013996,1,0.0,0,0.0,0,1.5013996,1,0.0,0,1.5013996,1,0.0,0,2.0764287,1,0.0,0,0.0,0,0.0,0,0.0,0,0.0,0
ATCGAGTGGACGTT-1,2,816,1.6725799,0.0,0,0.0,0,1.8035223,1,0.0,0,0.0,0,0.0,0,0.0,0,2.7858124,1,1.8035223,1,0.0,0,1.8035223,1,2.4107206,1,1.8035223,1,0.0,0,3.5972288,1,0.0,0,0.0,0,3.2716568,1,0.0,0,0.0,0
ATCGCAGAATCTCT-1,4,1421,2.5576036,4.110042,1,3.5049682,1,3.8024108,1,3.5049682,1,3.8525877,1,3.2719674,1,2.696952,1,5.3726544,1,3.3558128,1,3.1804433,1,5.061268,1,3.2719674,1,3.2719674,1,3.4331686,1,3.3558128,1,2.3246367,1,2.3246367,1,4.110042,1,2.696952,1,3.3558128,1
ATCGCAGAGTGTCA-1,3,771,1.469891,0.0,0,0.0,0,0.0,0,1.7481267,1,0.0,0,1.7481267,1,0.0,0,2.3502,1,1.7481267,1,0.0,0,3.383135,1,1.7481267,1,2.3502,1,0.0,0,2.7233655,1,0.0,0,0.0,0,0.0,0,0.0,0,0.0,0
ATCGCCACTGAGGG-1,2,706,2.8452876,0.0,0,0.0,0,1.9355253,1,2.9329548,1,0.0,0,1.9355253,1,0.0,0,3.2072375,1,0.0,0,0.0,0,3.4222546,1,0.0,0,0.0,0,1.9355253,1,1.9355253,1,0.0,0,0.0,0,1.9355253,1,0.0,0,0.0,0
ATCGCCTGGGTCAT-1,0,953,2.0173912,0.0,0,0.0,0,0.0,0,0.0,0,0.0,0,2.912207,1,0.0,0,3.9062583,1,0.0,0,0.0,0,3.233027,1,0.0,0,0.0,0,2.7025607,1,2.7025607,1,0.0,0,0.0,0,2.074296,1,0.0,0,0.0,0
ATCGCCTGTGGCAT-1,3,348,1.7195767,0.0,0,0.0,0,0.0,0,0.0,0,0.0,0,0.0,0,0.0,0,0.0,0,2.6551776,1,0.0,0,4.38658,1,0.0,0,0.0,0,0.0,0,2.6551776,1,0.0,0,0.0,0,0.0,0,0.0,0,0.0,0
ATCGCGCTCAGAGG-1,1,716,3.3116176,3.3378725,1,3.5142577,1,0.0,0,1.8612592,1,3.3378725,1,0.0,0,2.47348,1,5.1321845,1,3.3378725,1,2.47348,1,5.3346953,1,3.5142577,1,3.3378725,1,3.1235678,1,3.90975,1,0.0,0,1.8612592,1,4.106769,1,0.0,0,4.271288,1
ATCGCGCTGGGATG-1,0,870,1.4641289,0.0,0,0.0,0,0.0,0,1.5393722,1,0.0,0,2.119062,1,0.0,0,4.02401,1,2.119062,1,0.0,0,3.5250351,1,1.5393722,1,0.0,0,1.5393722,1,4.2566276,1,0.0,0,0.0,0,2.9605358,1,0.0,0,0.0,0
ATCGCGCTTTTCGT-1,3,715,2.5857222,0.0,0,0.0,0,0.0,0,0.0,0,0.0,0,0.0,0,0.0,0,2.8827543,1,0.0,0,0.0,0,3.547512,1,0.0,0,0.0,0,0.0,0,1.8902669,1,0.0,0,0.0,0,0.0,0,0.0,0,1.8902669,1
ATCGGAACCAGTCA-1,0,550,0.9174312,0.0,0,0.0,0,0.0,0,2.2343366,1,0.0,0,3.7542322,1,0.0,0,3.536926,1,0.0,0,0.0,0,4.3315563,1,0.0,0,0.0,0,2.872466,1,0.0,0,0.0,0,2.2343366,1,3.536926,1,0.0,0,0.0,0
ATCGGTGAGTCAAC-1,0,689,1.6976128,0.0,0,0.0,0,0.0,0,0.0,0,0.0,0,0.0,0,0.0,0,3.1009998,1,0.0,0,1.8413494,1,2.4518738,1,0.0,0,0.0,0,0.0,0,1.8413494,1,0.0,0,0.0,0,0.0,0,0.0,0,1.8413494,1
ATCGGTGATTGCAG-1,0,947,2.895553,0.0,0,0.0,0,0.0,0,1.4922493,1,0.0,0,2.0661252,1,0.0,0,3.8970966,1,1.4922493,1,0.0,0,3.224047,1,2.0661252,1,1.4922493,1,0.0,0,2.6938396,1,0.0,0,0.0,0,2.4284475,1,0.0,0,0.0,0
ATCGTTTGCCTACC-1,1,1157,2.2326674,3.0715878,1,3.5065756,1,0.0,0,3.4142609,1,3.87185,1,2.2842524,1,2.9251318,1,5.6666546,1,2.546142,1,2.9251318,1,5.5480323,1,3.1993089,1,2.9251318,1,2.2842524,1,3.3125494,1,0.0,0,2.2842524,1,5.091721,1,2.7534847,1,4.138814,1
ATCGTTTGGGTACT-1,1,690,3.2861187,2.8907495,1,2.5126731,1,0.0,0,3.3791108,1,1.89746,1,1.89746,1,0.0,0,5.2665367,1,3.1644506,1,1.89746,1,6.167916,1,3.1644506,1,3.3791108,1,1.89746,1,4.234501,1,2.5126731,1,2.5126731,1,3.951636,1,2.5126731,1,4.0550723,1
ATCGTTTGTGCCAA-1,1,383,1.899593,0.0,0,3.337087,1,0.0,0,3.7306345,1,2.678863,1,3.337087,1,0.0,0,5.9425855,1,3.337087,1,0.0,0,6.4379945,1,2.678863,1,3.337087,1,0.0,0,4.4117203,1,0.0,0,2.678863,1,4.564136,1,0.0,0,3.7306345,1
ATCTACACCCGCTT-1,1,374,1.7241379,0.0,0,2.6588748,1,0.0,0,0.0,0,3.316381,1,0.0,0,0.0,0,5.6807346,1,2.6588748,1,0.0,0,6.199226,1,3.316381,1,3.9912195,1,3.316381,1,4.210661,1,0.0,0,0.0,0,4.7918315,1,0.0,0,3.7096777,1
ATCTACACCGGGAA-1,0,882,0.73349637,0.0,0,0.0,0,0.0,0,0.0,0,1.6256326,1,0.0,0,0.0,0,3.2382782,1,0.0,0,0.0,0,3.3868086,1,1.6256326,1,1.6256326,1,0.0,0,2.852239,1,0.0,0,0.0,0,3.3868086,1,0.0,0,0.0,0
ATCTCAACAGGAGC-1,3,697,2.245431,0.0,0,1.8285189,1,0.0,0,1.8285189,1,0.0,0,1.8285189,1,0.0,0,3.476551,1,2.8138494,1,0.0,0,3.0864246,1,0.0,0,0.0,0,0.0,0,2.8138494,1,0.0,0,0.0,0,1.8285189,1,0.0,0,0.0,0
ATCTCAACCTCGAA-1,0,246,0.0,0.0,0,0.0,0,0.0,0,0.0,0,0.0,0,0.0,0,0.0,0,3.5216649,1,0.0,0,0.0,0,3.5216649,1,0.0,0,0.0,0,2.8576398,1,0.0,0,0.0,0,0.0,0,0.0,0,2.8576398,1,0.0,0
ATCTCAACCTTGTT-1,1,833,2.1047707,2.7114792,1,3.19537,1,0.0,0,2.7114792,1,3.3708427,1,0.0,0,0.0,0,4.4462814,1,2.7114792,1,2.3386934,1,5.837498,1,3.3708427,1,2.982412,1,2.982412,1,3.6498976,1,0.0,0,2.3386934,1,3.961237,1,0.0,0,3.961237,1
ATCTGGGAAACCAC-1,1,1006,2.0661156,2.595773,1,3.0763092,1,1.6362063,1,2.8646321,1,3.746122,1,1.6362063,1,2.2269235,1,4.4756155,1,2.595773,1,2.595773,1,5.876799,1,2.595773,1,3.5288632,1,2.595773,1,3.5288632,1,0.0,0,2.8646321,1,4.5655966,1,0.0,0,3.746122,1
ATCTGGGAAGTGTC-1,1,1181,1.7256256,3.051625,1,2.5268564,1,0.0,0,3.8513474,1,2.5268564,1,0.0,0,3.1792285,1,5.281882,1,2.7338889,1,2.2654624,1,5.582836,1,3.1792285,1,3.3940136,1,3.051625,1,3.7208471,1,0.0,0,1.3554553,1,4.2899547,1,2.2654624,1,4.207764,1
ATCTGGGATTCCGC-1,0,974,2.634428,0.0,0,0.0,0,0.0,0,0.0,0,0.0,0,2.9470954,1,1.5282513,1,2.4706662,1,1.5282513,1,0.0,0,2.4706662,1,0.0,0,1.5282513,1,0.0,0,1.5282513,1,0.0,0,0.0,0,3.3972182,1,0.0,0,0.0,0
ATCTGTTGAACGGG-1,0,856,1.6017315,0.0,0,1.6735162,1,1.6735162,1,0.0,0,0.0,0,0.0,0,0.0,0,2.9081852,1,1.6735162,1,0.0,0,2.2681756,1,0.0,0,0.0,0,1.6735162,1,2.6385312,1,0.0,0,0.0,0,2.2681756,1,0.0,0,0.0,0
ATCTGTTGACCTCC-1,0,978,1.4006635,1.5451502,1,0.0,0,0.0,0,2.1255317,1,0.0,0,2.1255317,1,0.0,0,3.418035,1,0.0,0,0.0,0,3.289175,1,1.5451502,1,1.5451502,1,1.5451502,1,2.4903939,1,0.0,0,0.0,0,2.4903939,1,2.1255317,1,0.0,0
ATCTGTTGCCTTCG-1,4,1551,1.8083878,2.6720297,1,2.907867,1,1.9128793,1,3.9323914,1,3.7234724,1,3.0077534,1,3.5733387,1,5.73292,1,2.6720297,1,1.9128793,1,5.945392,1,2.907867,1,2.6720297,1,2.907867,1,3.181807,1,1.9128793,1,2.907867,1,3.5178297,1,2.362827,1,4.805854,1
ATCTGTTGGTTGCA-1,0,965,1.3053933,0.0,0,0.0,0,0.0,0,2.0634203,1,0.0,0,1.4898491,1,0.0,0,3.658438,1,0.0,0,0.0,0,3.2210727,1,1.4898491,1,1.4898491,1,3.0735521,1,3.2210727,1,0.0,0,0.0,0,3.463478,1,1.4898491,1,1.4898491,1
ATCTTGACACCAAC-1,0,907,1.0362694,1.5477672,1,0.0,0,0.0,0,2.1284606,1,0.0,0,1.5477672,1,0.0,0,3.7307549,1,0.0,0,0.0,0,2.9706612,1,0.0,0,1.5477672,1,1.5477672,1,2.7602534,1,0.0,0,0.0,0,3.144401,1,1.5477672,1,0.0,0
ATCTTGACCTCCCA-1,1,565,3.1451035,3.1110184,1,2.097768,1,0.0,0,3.603861,1,3.932526,1,2.7275865,1,3.1110184,1,5.108386,1,2.7275865,1,0.0,0,5.776594,1,3.1110184,1,3.1110184,1,0.0,0,3.387499,1,0.0,0,2.097768,1,4.463325,1,0.0,0,4.684161,1
ATCTTTCTGCATCA-1,0,417,1.482326,0.0,0,0.0,0,0.0,0,0.0,0,0.0,0,3.1720836,1,0.0,0,3.1720836,1,0.0,0,0.0,0,3.5634782,1,2.519998,1,0.0,0,0.0,0,3.1720836,1,0.0,0,0.0,0,3.5634782,1,2.519998,1,0.0,0
ATCTTTCTGTTTCT-1,2,907,1.0143703,0.0,0,0.0,0,0.0,0,2.2470975,1,0.0,0,0.0,0,0.0,0,3.4213538,1,2.6166916,1,0.0,0,3.5507934,1,0.0,0,0.0,0,0.0,0,2.6166916,1,0.0,0,0.0,0,1.654434,1,0.0,0,1.654434,1
ATCTTTCTTGTCCC-1,2,927,3.4986947,0.0,0,1.8298357,1,3.0879216,1,0.0,0,0.0,0,1.8298357,1,0.0,0,3.301904,1,1.8298357,1,0.0,0,3.301904,1,1.8298357,1,2.439362,1,0.0,0,2.439362,1,0.0,0,0.0,0,4.0700774,1,0.0,0,0.0,0
ATGAAACTCTGTGA-1,0,966,1.123245,1.4158835,1,1.4158835,1,0.0,0,1.9796557,1,1.4158835,1,2.8094404,1,0.0,0,2.8094404,1,0.0,0,0.0,0,3.867065,1,0.0,0,1.4158835,1,0.0,0,3.1285517,1,0.0,0,0.0,0,2.9816713,1,0.0,0,0.0,0
ATGAAACTGAGGCA-1,0,658,2.2301066,0.0,0,0.0,0,0.0,0,0.0,0,1.8035223,1,1.8035223,1,0.0,0,3.5972288,1,2.4107206,1,0.0,0,3.0579545,1,1.8035223,1,2.4107206,1,0.0,0,2.7858124,1,0.0,0,0.0,0,0.0,0,0.0,0,0.0,0
ATGAAGGAACAGCT-1,2,727,1.8280298,0.0,0,0.0,0,0.0,0,2.0521038,1,2.678863,1,0.0,0,0.0,0,0.0,0,0.0,0,0.0,0,3.553097,1,0.0,0,0.0,0,2.0521038,1,2.678863,1,0.0,0,0.0,0,3.337087,1,0.0,0,2.0521038,1
ATGAAGGACCTGTC-1,3,743,3.7616022,0.0,0,0.0,0,0.0,0,1.7724404,1,1.7724404,1,2.3768013,1,0.0,0,3.5609434,1,0.0,0,0.0,0,2.3768013,1,1.7724404,1,0.0,0,0.0,0,0.0,0,0.0,0,0.0,0,1.7724404,1,0.0,0,1.7724404,1
ATGAAGGACCTTAT-1,3,381,2.444703,0.0,0,0.0,0,0.0,0,0.0,0,0.0,0,0.0,0,0.0,0,3.581415,1,0.0,0,0.0,0,3.189772,1,0.0,0,0.0,0,0.0,0,3.581415,1,0.0,0,0.0,0,0.0,0,0.0,0,0.0,0
ATGAAGGACTAGTG-1,3,385,1.9635344,0.0,0,0.0,0,0.0,0,0.0,0,0.0,0,0.0,0,0.0,0,2.711042,1,0.0,0,0.0,0,4.598293,1,0.0,0,2.711042,1,0.0,0,2.711042,1,0.0,0,0.0,0,0.0,0,0.0,0,0.0,0
ATGAAGGACTTGCC-1,2,905,1.5,0.0,0,2.8722038,1,3.1456413,1,1.8807838,1,0.0,0,2.8722038,1,0.0,0,2.4946332,1,0.0,0,0.0,0,2.8722038,1,2.4946332,1,0.0,0,1.8807838,1,2.4946332,1,0.0,0,0.0,0,3.6866395,1,0.0,0,1.8807838,1
ATGACGTGACGACT-1,3,645,1.1695907,0.0,0,0.0,0,0.0,0,0.0,0,0.0,0,1.843137,1,0.0,0,2.8302066,1,1.843137,1,0.0,0,3.8886907,1,1.843137,1,0.0,0,0.0,0,2.4538152,1,0.0,0,0.0,0,0.0,0,0.0,0,0.0,0
ATGACGTGATCGGT-1,1,1167,3.615788,3.2519736,1,3.5299342,1,2.4882822,1,4.166406,1,4.122659,1,3.1390162,1,2.6946757,1,5.60394,1,4.2485466,1,2.227908,1,5.966609,1,3.2519736,1,3.2519736,1,3.1390162,1,3.2519736,1,1.3244572,1,2.6946757,1,3.8695838,1,3.011655,1,4.3603435,1
ATGAGAGAAAGTGA-1,0,936,0.7291667,0.0,0,0.0,0,0.0,0,2.0727766,1,0.0,0,0.0,0,0.0,0,4.151382,1,0.0,0,1.4981551,1,3.904555,1,1.4981551,1,0.0,0,2.0727766,1,1.4981551,1,0.0,0,0.0,0,4.0355644,1,0.0,0,0.0,0
ATGAGAGAACGCAT-1,0,724,1.106383,0.0,0,0.0,0,0.0,0,0.0,0,0.0,0,0.0,0,0.0,0,3.427924,1,2.2531729,1,0.0,0,2.6229882,1,1.6599302,1,1.6599302,1,1.6599302,1,2.8923573,1,0.0,0,0.0,0,0.0,0,0.0,0,0.0,0
ATGAGAGAAGTAGA-1,3,618,3.3650794,0.0,0,0.0,0,0.0,0,1.9945923,1,0.0,0,2.61728,1,0.0,0,2.9981103,1,1.9945923,1,0.0,0,3.2732437,1,1.9945923,1,1.9945923,1,0.0,0,2.9981103,1,0.0,0,0.0,0,0.0,0,0.0,0,0.0,0
ATGAGCACACAGCT-1,0,1038,1.9191024,0.0,0,0.0,0,0.0,0,2.289284,1,1.3752224,1,1.9332464,1,0.0,0,2.9304328,1,0.0,0,0.0,0,3.8773344,1,0.0,0,2.289284,1,1.3752224,1,0.0,0,0.0,0,0.0,0,1.9332464,1,0.0,0,1.3752224,1
ATGAGCACATCTTC-1,0,853,1.1927664,0.0,0,0.0,0,0.0,0,1.5787961,1,1.5787961,1,2.1631196,1,0.0,0,2.529509,1,2.529509,1,0.0,0,2.7970655,1,0.0,0,1.5787961,1,1.5787961,1,2.1631196,1,0.0,0,0.0,0,0.0,0,1.5787961,1,0.0,0
ATGATAACTTCACT-1,2,808,1.0505581,0.0,0,2.024233,1,3.0306604,1,0.0,0,0.0,0,3.8499799,1,2.6490505,1,2.024233,1,2.024233,1,0.0,0,2.024233,1,0.0,0,2.024233,1,2.024233,1,2.024233,1,0.0,0,0.0,0,3.3061981,1,2.024233,1,0.0,0
ATGATATGAAACAG-1,0,1403,1.5837563,1.1092579,1,0.0,0,0.0,0,1.9595766,1,1.1092579,1,0.0,0,0.0,0,3.059696,1,1.1092579,1,0.0,0,3.3111777,1,0.0,0,2.2113936,1,1.1092579,1,2.7229226,1,0.0,0,0.0,0,2.8482096,1,1.9595766,1,1.1092579,1
ATGATATGACTGGT-1,0,762,2.0913358,0.0,0,0.0,0,0.0,0,2.2558453,1,0.0,0,2.2558453,1,0.0,0,2.8951778,1,2.2558453,1,0.0,0,2.2558453,1,1.6623489,1,0.0,0,0.0,0,2.2558453,1,0.0,0,0.0,0,2.2558453,1,0.0,0,0.0,0
ATGATATGAGCACT-1,0,741,1.2334399,0.0,0,0.0,0,0.0,0,0.0,0,0.0,0,2.3165638,1,0.0,0,3.496286,1,2.6886058,1,0.0,0,2.959148,1,0.0,0,2.3165638,1,0.0,0,3.1718647,1,0.0,0,0.0,0,1.717464,1,0.0,0,0.0,0
ATGATATGGTCATG-1,0,687,1.6968327,0.0,0,0.0,0,0.0,0,0.0,0,1.895535,1,1.895535,1,0.0,0,1.895535,1,0.0,0,0.0,0,3.70359,1,0.0,0,0.0,0,0.0,0,0.0,0,0.0,0,0.0,0,1.895535,1,0.0,0,0.0,0
ATGATATGGTGCTA-1,2,932,2.7300303,0.0,0,0.0,0,3.0569885,1,0.0,0,0.0,0,1.8026757,1,0.0,0,3.446653,1,1.8026757,1,0.0,0,3.0569885,1,0.0,0,0.0,0,1.8026757,1,1.8026757,1,0.0,0,0.0,0,3.2706816,1,1.8026757,1,0.0,0
ATGATATGTTGTCT-1,1,1096,2.7072194,3.047384,1,3.436895,1,0.0,0,3.6317003,1,3.9980872,1,2.6653829,1,0.0,0,5.2552624,1,3.7946737,1,2.039495,1,5.4454093,1,2.6653829,1,3.1947284,1,2.8745143,1,3.5390337,1,0.0,0,1.468649,1,4.2175536,1,0.0,0,4.113829,1
ATGCACGAATGTCG-1,3,601,3.186097,0.0,0,2.1097739,1,0.0,0,0.0,0,0.0,0,0.0,0,0.0,0,3.1240873,1,2.1097739,1,0.0,0,4.3908644,1,2.7403724,1,2.1097739,1,0.0,0,2.1097739,1,0.0,0,0.0,0,0.0,0,2.7403724,1,2.7403724,1
ATGCACGACTGTAG-1,0,652,1.6903313,0.0,0,0.0,0,0.0,0,0.0,0,0.0,0,0.0,0,0.0,0,4.3238053,1,0.0,0,0.0,0,4.126075,1,0.0,0,0.0,0,0.0,0,3.0592442,1,0.0,0,0.0,0,3.0592442,1,0.0,0,2.050332,1
ATGCACGAGAACCT-1,3,895,1.3338414,0.0,0,0.0,0,0.0,0,1.571504,1,0.0,0,2.1549854,1,0.0,0,3.1731791,1,1.571504,1,0.0,0,3.7600996,1,0.0,0,2.1549854,1,1.571504,1,2.1549854,1,0.0,0,0.0,0,1.571504,1,0.0,0,0.0,0
ATGCACGAGTTCGA-1,0,682,1.9791666,0.0,0,0.0,0,0.0,0,0.0,0,0.0,0,0.0,0,0.0,0,2.8113973,1,2.4355497,1,0.0,0,3.6237364,1,0.0,0,0.0,0,1.8263296,1,3.083935,1,0.0,0,0.0,0,1.8263296,1,0.0,0,1.8263296,1
ATGCACGATTGGTG-1,1,1553,1.9357495,3.247342,1,3.0727658,1,0.0,0,3.8356483,1,3.6924474,1,1.9713649,1,3.4626796,1,5.427665,1,3.3243897,1,2.5923355,1,6.0910234,1,3.4626796,1,2.9725358,1,3.0727658,1,3.4626796,1,2.2236097,1,1.6332157,1,3.920859,1,1.9713649,1,4.373061,1
ATGCAGTGTTACCT-1,3,604,2.0773637,0.0,0,0.0,0,0.0,0,0.0,0,0.0,0,2.1002803,1,0.0,0,3.7844338,1,0.0,0,0.0,0,3.3902657,1,0.0,0,0.0,0,0.0,0,2.1002803,1,0.0,0,0.0,0,0.0,0,0.0,0,2.1002803,1
ATGCAGTGTTCTAC-1,0,823,3.1290185,1.6661671,1,0.0,0,0.0,0,1.6661671,1,0.0,0,0.0,0,0.0,0,1.6661671,1,2.260063,1,0.0,0,3.1117015,1,1.6661671,1,1.6661671,1,2.6301274,1,2.260063,1,0.0,0,0.0,0,2.6301274,1,2.260063,1,0.0,0
ATGCCAGAACGACT-1,0,803,1.9843102,0.0,0,0.0,0,0.0,0,0.0,0,2.3252609,1,2.6975973,1,0.0,0,4.1107225,1,0.0,0,0.0,0,2.3252609,1,0.0,0,1.7253836,1,2.3252609,1,2.3252609,1,0.0,0,0.0,0,2.3252609,1,0.0,0,0.0,0
ATGCCAGACAGTCA-1,1,646,2.87226,0.0,0,2.1469343,1,0.0,0,3.658237,1,3.1644506,1,0.0,0,2.1469343,1,5.0250087,1,2.1469343,1,0.0,0,5.5529275,1,3.4415174,1,3.9873168,1,3.1644506,1,3.8362532,1,0.0,0,3.1644506,1,3.8362532,1,2.1469343,1,4.4325337,1
ATGCCGCTTGAACC-1,1,917,2.72026,3.729311,1,3.234365,1,0.0,0,3.6266148,1,3.3828733,1,0.0,0,2.2115746,1,5.358387,1,3.512152,1,1.6223621,1,5.682501,1,4.250004,1,3.0598896,1,3.6266148,1,3.729311,1,0.0,0,2.579847,1,4.548557,1,2.2115746,1,3.907623,1
ATGCGATGCTATGG-1,1,942,3.3355572,2.8729384,1,2.663829,1,0.0,0,2.663829,1,3.4352784,1,4.8765216,1,3.3215144,1,5.2879095,1,3.6300745,1,2.0380423,1,5.199824,1,2.663829,1,3.6300745,1,2.8729384,1,2.8729384,1,0.0,0,2.3991082,1,3.1931267,1,1.4673635,1,4.548155,1
ATGCGATGCTGAGT-1,0,850,1.5336218,0.0,0,0.0,0,0.0,0,0.0,0,0.0,0,0.0,0,0.0,0,3.352354,1,0.0,0,1.5970736,1,3.59586,1,0.0,0,0.0,0,1.5970736,1,3.0297854,1,0.0,0,0.0,0,3.4815006,1,1.5970736,1,1.5970736,1
ATGCGATGGTTACG-1,3,795,1.3452915,0.0,0,0.0,0,0.0,0,2.6713135,1,0.0,0,3.154085,1,0.0,0,3.154085,1,1.7022572,1,0.0,0,3.7227216,1,1.7022572,1,2.941554,1,0.0,0,1.7022572,1,0.0,0,0.0,0,0.0,0,0.0,0,0.0,0
ATGCGCCTTCATTC-1,0,771,2.633648,0.0,0,0.0,0,0.0,0,1.5961318,1,0.0,0,2.182429,1,1.5961318,1,3.0286617,1,0.0,0,0.0,0,2.182429,1,0.0,0,1.5961318,1,0.0,0,2.8175406,1,0.0,0,0.0,0,1.5961318,1,0.0,0,1.5961318,1
ATGCTTTGCGAATC-1,0,949,2.9411764,0.0,0,0.0,0,0.0,0,0.0,0,0.0,0,0.0,0,1.6155459,1,3.6183414,1,0.0,0,0.0,0,3.8141227,1,0.0,0,0.0,0,2.2040088,1,1.6155459,1,0.0,0,0.0,0,2.2040088,1,2.2040088,1,0.0,0
ATGCTTTGGGCGAA-1,2,516,2.3084025,0.0,0,0.0,0,0.0,0,0.0,0,0.0,0,2.3265111,1,0.0,0,3.636759,1,0.0,0,0.0,0,2.9696085,1,0.0,0,0.0,0,0.0,0,0.0,0,0.0,0,0.0,0,4.0334063,1,0.0,0,0.0,0
ATGCTTTGTAGTCG-1,3,664,1.6052319,0.0,0,0.0,0,0.0,0,0.0,0,0.0,0,0.0,0,0.0,0,3.8840156,1,1.9390842,1,0.0,0,3.6031659,1,0.0,0,0.0,0,1.9390842,1,1.9390842,1,0.0,0,0.0,0,0.0,0,0.0,0,0.0,0
ATGGACACATCGGT-1,0,1001,1.5190692,0.0,0,0.0,0,0.0,0,1.4431833,1,0.0,0,2.6345193,1,0.0,0,3.5993836,1,1.4431833,1,0.0,0,3.015776,1,0.0,0,0.0,0,2.6345193,1,2.010668,1,0.0,0,0.0,0,3.2911303,1,1.4431833,1,0.0,0
ATGGACACGCATCA-1,2,637,2.7317073,0.0,0,0.0,0,0.0,0,0.0,0,0.0,0,3.0210197,1,0.0,0,0.0,0,0.0,0,0.0,0,3.0210197,1,2.3754728,1,0.0,0,3.0210197,1,2.3754728,1,0.0,0,0.0,0,3.6894891,1,0.0,0,0.0,0
ATGGGTACAACCTG-1,3,619,2.818991,0.0,0,0.0,0,0.0,0,2.131728,1,0.0,0,0.0,0,0.0,0,3.8193927,1,2.131728,1,0.0,0,3.4248385,1,2.131728,1,2.7637272,1,0.0,0,3.1479495,1,0.0,0,0.0,0,0.0,0,0.0,0,0.0,0
ATGGGTACATCGGT-1,2,907,1.6550988,0.0,0,2.4577117,1,2.4577117,1,1.8467255,1,0.0,0,1.8467255,1,0.0,0,3.1070998,1,0.0,0,0.0,0,3.8928657,1,1.8467255,1,0.0,0,0.0,0,3.321257,1,0.0,0,0.0,0,2.834218,1,0.0,0,0.0,0
ATGGGTACTATTCC-1,0,961,0.8912656,2.294213,1,0.0,0,0.0,0,0.0,0,0.0,0,0.0,0,0.0,0,3.323232,1,0.0,0,0.0,0,3.1480918,1,1.6971401,1,0.0,0,3.1480918,1,2.9356244,1,0.0,0,0.0,0,2.6654868,1,1.6971401,1,0.0,0
ATGGGTACTGGGAG-1,0,812,1.5459723,0.0,0,0.0,0,0.0,0,2.2122989,1,0.0,0,3.2351463,1,0.0,0,3.9869175,1,0.0,0,0.0,0,3.8232317,1,0.0,0,0.0,0,2.2122989,1,2.5805988,1,0.0,0,0.0,0,3.90842,1,1.623015,1,1.623015,1
ATGTAAACACCTCC-1,0,793,1.761706,0.0,0,0.0,0,1.72995,1,1.72995,1,0.0,0,1.72995,1,0.0,0,3.7556813,1,0.0,0,0.0,0,3.1864295,1,0.0,0,0.0,0,0.0,0,2.7027771,1,0.0,0,0.0,0,0.0,0,0.0,0,0.0,0
ATGTAAACCCGCTT-1,0,1043,1.3518081,0.0,0,0.0,0,0.0,0,0.0,0,2.4113364,1,2.0497425,1,0.0,0,3.3344734,1,2.0497425,1,1.477722,1,3.4482894,1,0.0,0,1.477722,1,1.477722,1,2.4113364,1,0.0,0,0.0,0,2.6763394,1,0.0,0,0.0,0
ATGTAAACGGGATG-1,5,1343,3.5344608,2.407036,1,3.0540965,1,0.0,0,3.166625,1,3.4437149,1,2.611999,1,2.782014,1,4.600005,1,3.3596034,1,0.0,0,4.5208,1,2.1489394,1,2.9272804,1,2.611999,1,3.5212972,1,1.2599521,1,1.8001418,1,3.94168,1,0.0,0,4.3071995,1
ATGTAAACTCTCCG-1,0,1326,2.620545,1.1308199,1,0.0,0,0.0,0,0.0,0,0.0,0,0.0,0,0.0,0,2.8783872,1,1.6479644,1,0.0,0,2.8783872,1,1.1308199,1,0.0,0,0.0,0,2.4415622,1,0.0,0,0.0,0,3.4136114,1,2.2399416,1,0.0,0
ATGTAAACTTCACT-1,1,981,2.4381232,2.7595606,1,2.9699593,1,0.0,0,3.4205358,1,3.1436932,1,0.0,0,1.5471848,1,5.2051764,1,2.4927654,1,2.127809,1,5.3018317,1,3.1436932,1,2.9699593,1,1.5471848,1,3.2916644,1,1.5471848,1,4.3651695,1,3.9660404,1,1.5471848,1,3.9660404,1
ATGTACCTCAGTCA-1,0,675,2.454283,1.7611761,1,0.0,0,0.0,0,2.3644845,1,0.0,0,0.0,0,0.0,0,2.3644845,1,1.7611761,1,0.0,0,3.0094926,1,0.0,0,1.7611761,1,2.3644845,1,0.0,0,0.0,0,0.0,0,3.5477462,1,0.0,0,0.0,0
ATGTACCTTAGTCG-1,0,937,0.40650403,0.0,0,1.7081518,1,1.7081518,1,1.7081518,1,0.0,0,1.7081518,1,0.0,0,2.948379,1,0.0,0,0.0,0,3.1609824,1,0.0,0,1.7081518,1,1.7081518,1,2.678021,1,0.0,0,0.0,0,3.1609824,1,0.0,0,1.7081518,1
ATGTACCTTTATCC-1,1,631,2.6041665,0.0,0,2.0168555,1,0.0,0,2.641149,1,2.641149,1,2.0168555,1,2.641149,1,5.5667644,1,4.191873,1,0.0,0,5.828246,1,3.0225677,1,2.0168555,1,2.0168555,1,3.5137308,1,0.0,0,2.641149,1,3.972502,1,0.0,0,3.5137308,1
ATGTACCTTTCACT-1,2,1026,1.6250495,0.0,0,0.0,0,1.6030685,1,2.5575964,1,0.0,0,2.5575964,1,0.0,0,1.6030685,1,2.1901448,1,0.0,0,4.0352235,1,1.6030685,1,2.1901448,1,0.0,0,3.3596034,1,0.0,0,0.0,0,2.8257155,1,0.0,0,0.0,0
ATGTCACTAATGCC-1,1,1135,1.9673973,3.1566117,1,3.4633875,1,1.3379855,1,2.244328,1,2.505153,1,2.244328,1,0.0,0,5.1002245,1,2.8830197,1,1.3379855,1,5.4324985,1,1.8905056,1,3.029143,1,3.1566117,1,3.8282442,1,1.8905056,1,1.8905056,1,3.5477853,1,0.0,0,4.305352,1
ATGTCACTCTGCTC-1,0,499,3.4448817,2.3843694,1,0.0,0,0.0,0,2.3843694,1,0.0,0,0.0,0,0.0,0,3.6990492,1,0.0,0,0.0,0,2.3843694,1,0.0,0,0.0,0,0.0,0,0.0,0,0.0,0,0.0,0,3.4195824,1,0.0,0,0.0,0
ATGTCGGAGGTGAG-1,0,948,1.8612521,0.0,0,0.0,0,0.0,0,3.272633,1,2.6166916,1,1.654434,1,0.0,0,3.76818,1,0.0,0,0.0,0,3.0978642,1,0.0,0,1.654434,1,0.0,0,1.654434,1,0.0,0,0.0,0,3.76818,1,0.0,0,0.0,0
ATGTTCACAGTCTG-1,1,801,1.9812305,3.08493,1,3.624751,1,1.8272045,1,2.8123772,1,3.624751,1,0.0,0,0.0,0,5.567673,1,1.8272045,1,3.08493,1,5.9449058,1,1.8272045,1,3.624751,1,3.08493,1,4.066996,1,1.8272045,1,1.8272045,1,4.372573,1,2.436501,1,3.4750333,1
ATGTTCACCGTAGT-1,0,848,2.8490028,0.0,0,0.0,0,0.0,0,2.213024,1,0.0,0,2.213024,1,0.0,0,3.9092178,1,0.0,0,0.0,0,3.3844454,1,0.0,0,1.6236684,1,2.213024,1,3.3844454,1,0.0,0,0.0,0,4.3613334,1,1.6236684,1,0.0,0
ATGTTGCTTTCAGG-1,0,741,1.4384921,0.0,0,0.0,0,0.0,0,2.7660506,1,0.0,0,3.0378802,1,0.0,0,3.9249873,1,0.0,0,0.0,0,1.7859498,1,1.7859498,1,0.0,0,3.0378802,1,2.3915558,1,0.0,0,0.0,0,3.5767376,1,0.0,0,0.0,0
ATTAACGATGAGAA-1,2,604,4.105345,0.0,0,0.0,0,3.1879134,1,0.0,0,0.0,0,2.1685889,1,0.0,0,2.8028674,1,2.8028674,1,0.0,0,3.6820982,1,0.0,0,2.1685889,1,0.0,0,2.1685889,1,0.0,0,0.0,0,3.4652274,1,0.0,0,0.0,0
ATTAACGATGCAAC-1,2,864,1.2339586,0.0,0,1.7814181,1,0.0,0,1.7814181,1,0.0,0,2.7609472,1,0.0,0,3.4219677,1,0.0,0,0.0,0,2.7609472,1,1.7814181,1,0.0,0,1.7814181,1,1.7814181,1,0.0,0,0.0,0,3.2461548,1,0.0,0,2.3866084,1
ATTAAGACTGCAGT-1,0,1076,1.7528223,2.2943468,1,0.0,0,0.0,0,1.3794338,1,1.3794338,1,1.3794338,1,0.0,0,3.0823026,1,0.0,0,0.0,0,3.323375,1,1.3794338,1,0.0,0,2.7640057,1,2.2943468,1,0.0,0,0.0,0,3.5174732,1,0.0,0,1.3794338,1
ATTACCTGCCTTAT-1,1,1106,1.5554298,3.1628234,1,1.3427747,1,0.0,0,3.0353177,1,2.511112,1,1.3427747,1,0.0,0,4.8977933,1,2.511112,1,0.0,0,5.5438833,1,2.2501295,1,3.0353177,1,1.8960159,1,3.7041416,1,0.0,0,0.0,0,4.232826,1,1.3427747,1,3.6319258,1
ATTACCTGGAGGAC-1,4,1111,0.985793,3.9183679,1,3.7958508,1,3.1867075,1,3.9183679,1,3.4938314,1,3.1867075,1,3.7958508,1,5.7777114,1,3.6562002,1,2.5340376,1,6.2599506,1,3.0590599,1,2.7411861,1,3.6562002,1,4.336348,1,0.0,0,2.7411861,1,3.9183679,1,3.0590599,1,4.4777026,1
ATTACCTGGGCATT-1,3,456,5.122494,0.0,0,0.0,0,0.0,0,0.0,0,0.0,0,2.497187,1,0.0,0,2.497187,1,0.0,0,0.0,0,3.8197563,1,2.497187,1,0.0,0,0.0,0,0.0,0,0.0,0,0.0,0,0.0,0,0.0,0,0.0,0
ATTAGATGTTTCAC-1,0,624,1.4556041,0.0,0,0.0,0,0.0,0,1.7671883,1,1.7671883,1,1.7671883,1,0.0,0,1.7671883,1,2.3710601,1,0.0,0,3.229691,1,1.7671883,1,0.0,0,0.0,0,3.4053957,1,0.0,0,0.0,0,1.7671883,1,0.0,0,0.0,0
ATTATGGAATCTCT-1,0,1008,0.9144111,1.5390846,1,0.0,0,0.0,0,0.0,0,0.0,0,1.5390846,1,0.0,0,4.0870705,1,2.1187396,1,0.0,0,3.1338377,1,2.1187396,1,0.0,0,0.0,0,2.1187396,1,0.0,0,0.0,0,3.4105725,1,0.0,0,0.0,0
ATTCAAGAACGGGA-1,0,908,2.1674876,0.0,0,0.0,0,0.0,0,0.0,0,0.0,0,2.3846676,1,1.4551558,1,2.024233,1,0.0,0,0.0,0,3.9808476,1,1.4551558,1,0.0,0,0.0,0,0.0,0,0.0,0,0.0,0,2.024233,1,0.0,0,0.0,0
ATTCAAGACCTTTA-1,0,815,2.1276596,0.0,0,0.0,0,0.0,0,0.0,0,0.0,0,0.0,0,0.0,0,3.5967357,1,1.8030989,1,0.0,0,4.0387025,1,0.0,0,0.0,0,0.0,0,3.0574713,1,0.0,0,0.0,0,3.4471436,1,1.8030989,1,0.0,0
ATTCAGCTCATTGG-1,6,346,2.9443839,0.0,0,0.0,0,0.0,0,2.4779685,1,0.0,0,0.0,0,0.0,0,4.962295,1,3.5190127,1,0.0,0,2.4779685,1,0.0,0,2.4779685,1,0.0,0,5.035903,1,0.0,0,0.0,0,2.4779685,1,3.1282532,1,4.017916,1
ATTCCAACCATTGG-1,1,1062,3.1778927,2.0682352,1,3.2263668,1,0.0,0,3.7486825,1,2.6960924,1,2.4306507,1,1.4941224,1,5.1774297,1,3.8994634,1,2.6960924,1,5.5479136,1,3.5710597,1,3.0788112,1,3.0788112,1,3.9671052,1,0.0,0,2.4306507,1,4.146267,1,2.0682352,1,4.298155,1
ATTCCAACTTAGGC-1,2,803,2.3182297,0.0,0,1.8368993,1,0.0,0,1.8368993,1,0.0,0,2.8232303,1,0.0,0,3.4862206,1,1.8368993,1,0.0,0,3.0959477,1,2.4470394,1,0.0,0,2.4470394,1,0.0,0,0.0,0,0.0,0,2.4470394,1,0.0,0,0.0,0
ATTCGACTCACTAG-1,0,749,1.4680971,0.0,0,0.0,0,0.0,0,0.0,0,0.0,0,0.0,0,0.0,0,0.0,0,1.8940945,1,0.0,0,3.5518897,1,2.5090344,1,0.0,0,1.8940945,1,2.5090344,1,0.0,0,0.0,0,3.5518897,1,0.0,0,0.0,0
ATTCGACTGAATAG-1,1,779,1.8410852,2.7435415,1,3.2282932,1,0.0,0,1.7659817,1,3.2282932,1,1.7659817,1,3.4039888,1,5.724828,1,3.9949,1,0.0,0,6.0467005,1,2.7435415,1,2.7435415,1,3.0150073,1,3.4039888,1,0.0,0,2.7435415,1,3.798312,1,2.3697407,1,4.363824,1
ATTCGACTTTTGTC-1,4,1027,2.4073367,3.99926,1,3.324276,1,3.5675585,1,3.1761072,1,4.190176,1,4.350421,1,1.5739257,1,6.0445576,1,2.7913013,1,2.7913013,1,5.9494843,1,3.4532976,1,3.0021007,1,2.7913013,1,3.5675585,1,2.52386,1,2.1576877,1,4.2998066,1,1.5739257,1,2.7913013,1
ATTCGGGAAAGGCG-1,1,1032,2.0006669,3.1921668,1,2.0371718,1,0.0,0,3.04484,1,2.8719943,1,2.0371718,1,1.4665935,1,4.352755,1,2.0371718,1,0.0,0,4.796121,1,2.8719943,1,2.0371718,1,2.8719943,1,2.662898,1,0.0,0,1.4665935,1,3.9954653,1,0.0,0,3.3205497,1
ATTCGGGATTAGGC-1,0,1040,0.7072571,0.0,0,0.0,0,0.0,0,1.4053426,1,0.0,0,1.9676502,1,0.0,0,3.4584982,1,1.9676502,1,0.0,0,2.7963428,1,1.4053426,1,0.0,0,1.9676502,1,2.3253999,1,0.0,0,0.0,0,2.3253999,1,0.0,0,0.0,0
ATTCTTCTGATACC-1,0,654,2.0325203,0.0,0,0.0,0,0.0,0,1.9184766,1,0.0,0,2.9140735,1,0.0,0,3.4029584,1,2.5353742,1,0.0,0,3.1880991,1,1.9184766,1,1.9184766,1,0.0,0,2.9140735,1,0.0,0,0.0,0,2.9140735,1,0.0,0,0.0,0
ATTGAATGGACGGA-1,0,631,2.6143792,2.0202518,1,0.0,0,0.0,0,2.0202518,1,0.0,0,0.0,0,0.0,0,3.845489,1,0.0,0,0.0,0,2.0202518,1,0.0,0,2.0202518,1,2.0202518,1,3.301778,1,0.0,0,0.0,0,3.301778,1,2.644787,1,0.0,0
ATTGATGAAGGTTC-1,0,755,2.474403,0.0,0,1.6613111,1,0.0,0,0.0,0,0.0,0,0.0,0,0.0,0,3.1059785,1,1.6613111,1,0.0,0,3.673662,1,0.0,0,0.0,0,1.6613111,1,0.0,0,0.0,0,0.0,0,1.6613111,1,1.6613111,1,0.0,0
ATTGATGACTGAGT-1,0,854,1.396348,0.0,0,0.0,0,0.0,0,2.1005948,1,0.0,0,2.46441,1,0.0,0,3.2618818,1,2.9406197,1,0.0,0,2.46441,1,0.0,0,2.1005948,1,1.5229024,1,2.1005948,1,0.0,0,0.0,0,3.1140969,1,0.0,0,0.0,0
ATTGATGAGCGAAG-1,0,850,1.5720524,0.0,0,0.0,0,0.0,0,0.0,0,0.0,0,2.6462057,1,0.0,0,3.1282532,1,0.0,0,0.0,0,3.3032491,1,0.0,0,1.6802341,1,0.0,0,1.6802341,1,0.0,0,0.0,0,3.696384,1,1.6802341,1,1.6802341,1
ATTGATGATCTATC-1,0,798,2.2686834,0.0,0,0.0,0,0.0,0,1.6960485,1,0.0,0,0.0,0,0.0,0,2.9343588,1,0.0,0,0.0,0,2.6642432,1,0.0,0,1.6960485,1,0.0,0,2.6642432,1,1.6960485,1,0.0,0,0.0,0,0.0,0,0.0,0
ATTGCACTGACGGA-1,0,864,2.1533442,1.450889,1,0.0,0,0.0,0,2.019401,1,2.019401,1,2.3796127,1,0.0,0,3.0253608,1,0.0,0,0.0,0,2.643876,1,0.0,0,1.450889,1,0.0,0,2.643876,1,0.0,0,0.0,0,1.450889,1,0.0,0,0.0,0
ATTGCACTGAGAGC-1,4,1078,1.7200675,3.8032088,1,2.8827543,1,2.4085693,1,3.547512,1,3.8032088,1,2.4085693,1,0.0,0,5.424816,1,3.9433322,1,2.0470943,1,5.988902,1,3.7250228,1,3.3315418,1,3.055702,1,4.40604,1,1.4753764,1,2.0470943,1,4.446374,1,2.0470943,1,4.175632,1
ATTGCACTGGAGCA-1,1,690,2.5909932,2.9707782,1,2.5906217,1,0.0,0,3.6379595,1,3.4608853,1,0.0,0,1.9697706,1,5.651701,1,3.6379595,1,2.9707782,1,6.055995,1,1.9697706,1,3.6379595,1,2.9707782,1,4.138207,1,0.0,0,3.2455616,1,4.232066,1,1.9697706,1,4.0346174,1
ATTGCACTTAGCCA-1,0,864,0.87755954,0.0,0,0.0,0,0.0,0,2.606169,1,0.0,0,2.2369475,1,0.0,0,3.2617095,1,0.0,0,0.0,0,3.4103703,1,1.6452588,1,1.6452588,1,0.0,0,1.6452588,1,0.0,0,0.0,0,3.6543179,1,1.6452588,1,0.0,0
ATTGCACTTGCTTT-1,4,1523,2.207686,4.312807,1,3.9140177,1,3.632967,1,5.2320185,1,3.2406342,1,4.227013,1,1.6276026,1,5.6750655,1,3.5184834,1,2.4185116,1,6.046048,1,3.06611,1,3.632967,1,3.3891778,1,4.416827,1,2.4185116,1,0.0,0,4.4650426,1,1.9653597,1,4.227013,1
ATTGCTTGTTACTC-1,3,838,1.8860189,0.0,0,1.6299082,1,0.0,0,1.6299082,1,0.0,0,2.588532,1,1.6299082,1,2.2199435,1,0.0,0,0.0,0,3.2433903,1,0.0,0,0.0,0,0.0,0,2.588532,1,0.0,0,0.0,0,1.6299082,1,0.0,0,0.0,0
ATTGGTCTGACTAC-1,3,966,2.273634,0.0,0,0.0,0,0.0,0,2.1947396,1,0.0,0,0.0,0,0.0,0,3.8039286,1,2.5623686,1,0.0,0,3.4937963,1,1.6072017,1,1.6072017,1,0.0,0,3.4937963,1,0.0,0,0.0,0,0.0,0,1.6072017,1,0.0,0
ATTGGTCTTGTCTT-1,3,389,1.3297873,0.0,0,0.0,0,0.0,0,0.0,0,0.0,0,0.0,0,0.0,0,0.0,0,2.6601107,1,0.0,0,3.710974,1,0.0,0,2.6601107,1,0.0,0,3.3176615,1,0.0,0,0.0,0,0.0,0,0.0,0,2.6601107,1
ATTGTAGATTCCCG-1,5,1654,2.307832,2.1136038,1,2.620059,1,1.0365614,1,2.620059,1,2.855064,1,0.0,0,2.1136038,1,5.267175,1,3.4049265,1,0.0,0,4.27612,1,2.1136038,1,2.4779685,1,2.855064,1,3.276128,1,0.0,0,0.0,0,3.9846349,1,2.7444491,1,4.2242274,1
ATTGTAGATTGCAG-1,0,808,2.7809966,0.0,0,0.0,0,0.0,0,2.8003244,1,0.0,0,0.0,0,0.0,0,3.7724724,1,1.5815518,1,0.0,0,3.0112352,1,0.0,0,0.0,0,0.0,0,2.1661913,1,0.0,0,0.0,0,3.3335419,1,1.5815518,1,0.0,0
ATTGTCTGCGTACA-1,0,885,1.8990073,0.0,0,0.0,0,0.0,0,1.6707072,1,0.0,0,2.6353202,1,0.0,0,2.9049156,1,0.0,0,0.0,0,3.5703044,1,0.0,0,0.0,0,2.6353202,1,1.6707072,1,0.0,0,1.6707072,1,3.5703044,1,0.0,0,2.2650754,1
ATTTAGGAACCATG-1,4,1665,2.8521125,3.807492,1,4.0182967,1,2.2831442,1,3.7260392,1,4.0494833,1,2.4483259,1,4.583764,1,5.6067944,1,3.173854,1,2.5900514,1,5.6994143,1,3.589884,1,3.6826818,1,3.3113604,1,4.1653275,1,2.2831442,1,2.7141614,1,3.7675948,1,3.589884,1,4.449121,1
ATTTAGGACAGAGG-1,0,920,1.0677618,0.0,0,0.0,0,0.0,0,1.6312292,1,0.0,0,0.0,0,0.0,0,3.8332324,1,0.0,0,0.0,0,3.393537,1,0.0,0,0.0,0,0.0,0,2.5900514,1,0.0,0,2.221408,1,3.393537,1,0.0,0,0.0,0
ATTTCCGAGATGAA-1,0,855,4.532462,0.0,0,0.0,0,0.0,0,0.0,0,0.0,0,2.216294,1,0.0,0,3.5172927,1,0.0,0,0.0,0,3.3879924,1,1.6266168,1,2.216294,1,2.5847452,1,2.216294,1,0.0,0,0.0,0,1.6266168,1,1.6266168,1,0.0,0
ATTTCCGAGTGCTA-1,0,807,2.9874213,1.8315952,1,0.0,0,0.0,0,0.0,0,0.0,0,2.441275,1,0.0,0,3.480102,1,0.0,0,0.0,0,3.3039224,1,0.0,0,0.0,0,1.8315952,1,2.441275,1,0.0,0,0.0,0,3.6298423,1,1.8315952,1,1.8315952,1
ATTTCGTGTATGGC-1,2,859,2.094474,0.0,0,0.0,0,0.0,0,0.0,0,0.0,0,2.2938123,1,0.0,0,3.7161772,1,1.696776,1,0.0,0,2.665072,1,0.0,0,0.0,0,0.0,0,2.665072,1,0.0,0,0.0,0,2.665072,1,0.0,0,0.0,0
ATTTCTCTACTTTC-1,4,1276,2.866779,3.7931135,1,3.6781423,1,2.5690947,1,3.3148696,1,4.650759,1,1.7615753,1,2.7385666,1,6.0471125,1,3.7372792,1,0.0,0,6.288989,1,1.226947,1,3.2231867,1,3.0099509,1,3.944041,1,1.226947,1,1.7615753,1,3.1222417,1,2.883437,1,3.6781423,1
ATTTCTCTAGCAAA-1,0,987,1.351905,0.0,0,0.0,0,0.0,0,0.0,0,0.0,0,1.6292486,1,0.0,0,4.0673256,1,1.6292486,1,0.0,0,3.0680623,1,1.6292486,1,0.0,0,2.5877733,1,1.6292486,1,0.0,0,0.0,0,3.994534,1,2.5877733,1,1.6292486,1
ATTTCTCTCACTTT-1,4,1079,2.0477817,4.1439915,1,2.9763556,1,1.4116452,1,3.9842672,1,3.7940903,1,2.3329298,1,1.9748306,1,6.1841927,1,3.364682,1,2.3329298,1,5.7987475,1,3.2512112,1,2.3329298,1,3.6436832,1,3.924805,1,1.4116452,1,2.5960603,1,4.192026,1,0.0,0,3.6436832,1
ATTTCTCTTCCCAC-1,0,678,1.3677812,0.0,0,0.0,0,0.0,0,0.0,0,0.0,0,0.0,0,0.0,0,3.2711692,1,1.8030989,1,0.0,0,3.2711692,1,0.0,0,0.0,0,0.0,0,2.4102592,1,0.0,0,0.0,0,1.8030989,1,0.0,0,0.0,0
ATTTGCACAAGATG-1,1,626,4.196721,2.6472206,1,0.0,0,0.0,0,2.022524,1,3.0287864,1,0.0,0,0.0,0,5.319485,1,3.5200727,1,0.0,0,5.754964,1,3.0287864,1,3.3043013,1,3.3043013,1,3.3043013,1,0.0,0,0.0,0,3.3043013,1,2.022524,1,3.3043013,1
CAAAGCACAGCTCA-1,0,831,1.3372335,0.0,0,0.0,0,0.0,0,1.6449213,1,0.0,0,2.236574,1,0.0,0,3.409966,1,0.0,0,0.0,0,3.409966,1,2.236574,1,0.0,0,0.0,0,0.0,0,0.0,0,0.0,0,1.6449213,1,2.6057816,1,2.236574,1
CAAAGCACCGTAAC-1,3,829,1.7895185,0.0,0,0.0,0,0.0,0,2.254699,1,0.0,0,1.6613111,1,0.0,0,3.4295738,1,0.0,0,0.0,0,3.5590467,1,0.0,0,2.254699,1,0.0,0,2.6245697,1,0.0,0,0.0,0,2.254699,1,0.0,0,0.0,0
CAAAGCACGGTAAA-1,2,1009,1.4031805,0.0,0,0.0,0,2.3382704,1,0.0,0,0.0,0,2.711042,1,0.0,0,3.5196183,1,1.7372414,1,0.0,0,0.0,0,0.0,0,0.0,0,2.3382704,1,2.711042,1,0.0,0,0.0,0,2.711042,1,1.7372414,1,0.0,0
CAAAGCTGAAAGTG-1,0,547,3.160454,0.0,0,0.0,0,0.0,0,3.7261424,1,0.0,0,2.8453426,1,0.0,0,2.8453426,1,0.0,0,0.0,0,4.5874615,1,0.0,0,2.208684,1,0.0,0,2.8453426,1,0.0,0,0.0,0,2.8453426,1,0.0,0,0.0,0
CAAAGCTGTTGCTT-1,1,893,2.3732905,3.0506382,1,2.2029338,1,0.0,0,2.8392575,1,3.0506382,1,1.6145777,1,0.0,0,5.7397413,1,1.6145777,1,2.2029338,1,6.269807,1,0.0,0,2.5708776,1,1.6145777,1,3.6171656,1,0.0,0,0.0,0,3.5027342,1,2.2029338,1,3.6171656,1
CAAATATGTGACAC-1,0,722,2.368093,0.0,0,0.0,0,0.0,0,0.0,0,1.6398797,1,1.6398797,1,0.0,0,2.5999932,1,0.0,0,0.0,0,2.2309923,1,4.3278594,1,1.6398797,1,0.0,0,1.6398797,1,0.0,0,0.0,0,1.6398797,1,0.0,0,1.6398797,1
CAAATTGAGGGCAA-1,0,656,1.9617707,0.0,0,0.0,0,0.0,0,0.0,0,0.0,0,1.796777,1,0.0,0,3.0502548,1,2.7782319,1,0.0,0,3.4398117,1,0.0,0,0.0,0,2.7782319,1,2.7782319,1,0.0,0,0.0,0,4.195582,1,0.0,0,0.0,0
CAAATTGATGGAGG-1,1,415,3.9007094,0.0,0,3.5973933,1,0.0,0,4.0972004,1,4.0972004,1,0.0,0,0.0,0,6.1367297,1,4.560952,1,2.5521228,1,6.4428887,1,3.2055328,1,0.0,0,3.2055328,1,3.2055328,1,2.5521228,1,3.2055328,1,5.116079,1,0.0,0,2.5521228,1
CAACCAGAAAAGTG-1,0,773,2.5033526,0.0,0,0.0,0,0.0,0,0.0,0,0.0,0,1.7004253,1,0.0,0,3.7205353,1,0.0,0,0.0,0,2.669228,1,1.7004253,1,0.0,0,0.0,0,2.297829,1,0.0,0,0.0,0,1.7004253,1,0.0,0,1.7004253,1
CAACCAGAAGTGCT-1,0,1262,2.564695,0.0,0,0.0,0,0.0,0,1.1971102,1,0.0,0,1.7265224,1,0.0,0,2.9696085,1,2.0708559,1,0.0,0,3.6958332,1,0.0,0,1.1971102,1,2.0708559,1,2.6988895,1,0.0,0,0.0,0,3.273966,1,1.1971102,1,0.0,0
CAACCAGAGTTCAG-1,1,1218,2.8866525,3.3135695,1,3.5675015,1,0.0,0,3.3135695,1,3.6395912,1,1.8400114,1,1.2942626,1,5.1540995,1,3.3135695,1,1.2942626,1,5.5627327,1,3.2122438,1,3.3135695,1,3.6395912,1,3.7698343,1,1.2942626,1,1.8400114,1,4.8320694,1,0.0,0,3.7068317,1
CAACCAGATAGAAG-1,1,365,1.8944521,3.7293112,1,2.6776004,1,0.0,0,2.6776004,1,0.0,0,2.6776004,1,0.0,0,6.105138,1,3.7293112,1,0.0,0,5.8673277,1,2.6776004,1,0.0,0,2.6776004,1,3.7293112,1,0.0,0,2.6776004,1,4.2304864,1,2.6776004,1,4.2304864,1
CAACCGCTGTTCAG-1,0,661,3.5660472,0.0,0,0.0,0,0.0,0,0.0,0,1.7959383,1,1.7959383,1,0.0,0,2.7772887,1,1.7959383,1,0.0,0,3.5883927,1,0.0,0,2.4024532,1,0.0,0,2.7772887,1,0.0,0,0.0,0,1.7959383,1,0.0,0,0.0,0
CAACCGCTTTGAGC-1,0,805,2.3923445,0.0,0,0.0,0,0.0,0,1.6770437,1,0.0,0,1.6770437,1,0.0,0,3.4483361,1,2.642562,1,0.0,0,3.4483361,1,1.6770437,1,1.6770437,1,1.6770437,1,2.2720675,1,0.0,0,0.0,0,3.8886907,1,1.6770437,1,0.0,0
CAACGATGCGCAAT-1,4,1409,2.0579774,4.0700574,1,4.417789,1,2.4906645,1,3.94968,1,3.595166,1,3.595166,1,3.0409317,1,5.866478,1,3.7098935,1,2.2880232,1,5.6424747,1,3.3938425,1,3.3938425,1,2.6590807,1,3.5324562,1,0.0,0,2.033604,1,4.0315194,1,1.6915188,1,3.812803,1
CAACGTGACTCCAC-1,1,1094,2.9343116,3.045793,1,2.663829,1,0.0,0,4.9962826,1,2.8729384,1,1.4673635,1,2.0380423,1,5.353186,1,2.663829,1,2.663829,1,5.5399747,1,3.1931267,1,3.7148738,1,2.663829,1,3.5374122,1,0.0,0,2.3991082,1,4.309876,1,2.0380423,1,4.3957667,1
CAACGTGAGCCATA-1,2,779,1.2597481,0.0,0,0.0,0,0.0,0,1.9457388,1,0.0,0,2.9442496,1,0.0,0,2.5647647,1,0.0,0,0.0,0,3.4337935,1,0.0,0,0.0,0,0.0,0,2.5647647,1,0.0,0,0.0,0,3.6107233,1,0.0,0,0.0,0
CAACGTGATCAAGC-1,1,898,2.1987314,3.4209447,1,2.8855445,1,0.0,0,3.5503826,1,3.767767,1,3.0974605,1,2.8855445,1,5.7355013,1,2.6162996,1,0.0,0,6.4473395,1,3.5503826,1,3.4209447,1,3.0974605,1,3.0974605,1,1.654092,1,0.0,0,3.4209447,1,1.654092,1,4.4975286,1
CAAGAAGACCACAA-1,2,830,3.6120732,0.0,0,0.0,0,0.0,0,3.0355196,1,0.0,0,2.3893032,1,0.0,0,3.9225566,1,1.7838863,1,0.0,0,3.0355196,1,0.0,0,0.0,0,1.7838863,1,2.3893032,1,0.0,0,0.0,0,3.2490067,1,0.0,0,1.7838863,1
CAAGAAGACGTCTC-1,1,1242,2.3795872,2.5234203,1,3.4826465,1,0.0,0,2.730397,1,3.0480669,1,2.730397,1,2.730397,1,4.9110827,1,3.963102,1,1.3526845,1,5.233281,1,2.5234203,1,2.730397,1,1.9074054,1,3.3904042,1,0.0,0,1.3526845,1,3.784574,1,1.9074054,1,4.0161686,1
CAAGAAGATTCTAC-1,0,864,1.2811388,0.0,0,0.0,0,1.5203841,1,0.0,0,1.5203841,1,0.0,0,0.0,0,3.1110184,1,0.0,0,0.0,0,3.7816358,1,0.0,0,0.0,0,1.5203841,1,2.4614627,1,0.0,0,0.0,0,0.0,0,0.0,0,0.0,0
CAAGACTGACCTGA-1,3,576,1.9173158,0.0,0,0.0,0,0.0,0,1.9447111,1,0.0,0,1.9447111,1,0.0,0,4.2033143,1,0.0,0,0.0,0,4.109498,1,0.0,0,1.9447111,1,0.0,0,2.9431138,1,0.0,0,0.0,0,0.0,0,0.0,0,0.0,0
CAAGACTGAGTAGA-1,3,901,1.7993875,0.0,0,0.0,0,0.0,0,2.1587033,1,0.0,0,2.5249164,1,0.0,0,3.4544096,1,0.0,0,0.0,0,4.000387,1,0.0,0,1.5748363,1,1.5748363,1,2.1587033,1,0.0,0,1.5748363,1,0.0,0,0.0,0,0.0,0
CAAGCTGACCATAG-1,4,1274,2.8624437,3.5687892,1,4.2849517,1,3.3148463,1,3.6408815,1,3.8863502,1,3.830398,1,2.4516313,1,5.3367767,1,3.2135155,1,2.6573942,1,5.961431,1,2.9736254,1,2.8279583,1,3.491093,1,3.8863502,1,2.9736254,1,2.4516313,1,4.6735077,1,2.1922622,1,2.9736254,1
CAAGCTGATCTATC-1,2,852,0.86734694,0.0,0,0.0,0,1.8090501,1,1.8090501,1,0.0,0,1.8090501,1,0.0,0,3.0642588,1,0.0,0,0.0,0,2.416743,1,0.0,0,0.0,0,1.8090501,1,2.7920198,1,0.0,0,0.0,0,3.733785,1,0.0,0,0.0,0
CAAGGACTGTTCAG-1,0,1006,2.3619535,0.0,0,0.0,0,0.0,0,2.3596954,1,0.0,0,2.0003738,1,0.0,0,2.3596954,1,0.0,0,0.0,0,3.0044668,1,0.0,0,1.43411,1,1.43411,1,2.3596954,1,0.0,0,0.0,0,2.0003738,1,0.0,0,0.0,0
CAAGGACTTCTTTG-1,2,719,3.4952607,0.0,0,0.0,0,0.0,0,1.9350183,1,0.0,0,2.5532148,1,0.0,0,3.8793628,1,1.9350183,1,0.0,0,2.5532148,1,0.0,0,0.0,0,0.0,0,2.5532148,1,0.0,0,0.0,0,2.9323938,1,0.0,0,0.0,0
CAAGGTTGCTCCAC-1,0,763,1.7405063,0.0,0,0.0,0,0.0,0,1.8377872,1,0.0,0,0.0,0,0.0,0,3.882462,1,1.8377872,1,0.0,0,3.311021,1,0.0,0,0.0,0,0.0,0,3.4872441,1,0.0,0,0.0,0,3.311021,1,0.0,0,0.0,0
CAAGGTTGTCATTC-1,3,683,3.2655246,0.0,0,0.0,0,0.0,0,0.0,0,0.0,0,1.850784,1,0.0,0,3.7823346,1,2.4621167,1,0.0,0,3.8975847,1,0.0,0,1.850784,1,0.0,0,2.4621167,1,0.0,0,0.0,0,1.850784,1,0.0,0,0.0,0
CAAGGTTGTCTGGA-1,2,957,1.9117647,1.7752846,1,3.2390628,1,3.5642717,1,0.0,0,0.0,0,3.2390628,1,0.0,0,3.2390628,1,0.0,0,0.0,0,3.0256717,1,2.3799093,1,0.0,0,2.3799093,1,0.0,0,0.0,0,0.0,0,2.7540355,1,0.0,0,0.0,0
CAAGTCGAAACAGA-1,3,831,4.751526,0.0,0,0.0,0,0.0,0,1.6788144,1,1.6788144,1,0.0,0,0.0,0,3.797554,1,0.0,0,0.0,0,2.2740207,1,0.0,0,0.0,0,0.0,0,2.9143484,1,0.0,0,0.0,0,2.2740207,1,0.0,0,0.0,0
CAAGTCGATAGCGT-1,1,724,3.364269,3.1869855,1,3.1869855,1,0.0,0,3.5785897,1,2.912975,1,0.0,0,0.0,0,5.318777,1,2.912975,1,2.5343046,1,5.768979,1,1.9174857,1,3.9747062,1,1.9174857,1,3.5785897,1,0.0,0,2.5343046,1,4.336634,1,0.0,0,3.7287445,1
CAATAAACGCCATA-1,1,354,3.4981906,3.6159909,1,3.2238812,1,0.0,0,3.2238812,1,3.8969278,1,0.0,0,0.0,0,5.789023,1,0.0,0,0.0,0,7.0553317,1,0.0,0,3.2238812,1,3.6159909,1,3.2238812,1,0.0,0,0.0,0,4.295602,1,0.0,0,3.8969278,1
CAATAATGAACTGC-1,1,763,3.1042128,2.931833,1,3.4683414,1,0.0,0,2.931833,1,2.931833,1,0.0,0,0.0,0,5.052528,1,2.6617613,1,2.2906132,1,5.7424736,1,2.6617613,1,2.6617613,1,2.6617613,1,3.9089277,1,0.0,0,0.0,0,4.2137184,1,1.6938705,1,4.33714,1
CAATATGACATGGT-1,0,910,2.7114966,0.0,0,0.0,0,0.0,0,2.107866,1,0.0,0,1.5293832,1,0.0,0,3.2698467,1,0.0,0,0.0,0,3.3986151,1,0.0,0,0.0,0,2.107866,1,2.4719892,1,0.0,0,1.5293832,1,1.5293832,1,0.0,0,0.0,0
CAATATGACCTTCG-1,2,749,1.8104367,0.0,0,0.0,0,1.8444805,1,0.0,0,0.0,0,2.8317087,1,0.0,0,3.8902543,1,0.0,0,0.0,0,4.0872016,1,0.0,0,1.8444805,1,0.0,0,2.8317087,1,0.0,0,0.0,0,4.0872016,1,0.0,0,0.0,0
CAATATGACGTTAG-1,0,626,3.2525134,0.0,0,0.0,0,0.0,0,0.0,0,1.9340053,1,0.0,0,0.0,0,3.7476227,1,0.0,0,0.0,0,3.9936848,1,0.0,0,0.0,0,0.0,0,1.9340053,1,0.0,0,0.0,0,1.9340053,1,0.0,0,0.0,0
CAATATGAGGAGCA-1,0,870,1.284162,0.0,0,1.4571738,1,0.0,0,2.0265174,1,1.4571738,1,2.0265174,1,0.0,0,4.0429587,1,0.0,0,0.0,0,2.3870568,1,2.0265174,1,1.4571738,1,0.0,0,2.3870568,1,0.0,0,0.0,0,3.033165,1,0.0,0,0.0,0
CAATCGGAGAAACA-1,0,795,1.1406845,0.0,0,0.0,0,0.0,0,1.5693922,1,1.5693922,1,2.1526287,1,0.0,0,3.664517,1,2.1526287,1,0.0,0,3.5619988,1,0.0,0,0.0,0,1.5693922,1,2.785931,1,0.0,0,0.0,0,2.518598,1,0.0,0,0.0,0
CAATCTACTGACTG-1,2,1078,1.9314868,0.0,0,2.7458122,1,0.0,0,0.0,0,0.0,0,3.6228237,1,0.0,0,2.7458122,1,0.0,0,0.0,0,3.4063349,1,2.1148846,1,0.0,0,2.1148846,1,2.7458122,1,0.0,0,0.0,0,1.5356439,1,0.0,0,0.0,0
CAATTCACCCAACA-1,2,736,3.0352304,0.0,0,0.0,0,0.0,0,0.0,0,0.0,0,1.8594266,1,0.0,0,3.792348,1,1.8594266,1,0.0,0,1.8594266,1,1.8594266,1,0.0,0,0.0,0,0.0,0,0.0,0,0.0,0,0.0,0,0.0,0,0.0,0
CAATTCACGATAGA-1,0,835,1.573215,0.0,0,0.0,0,0.0,0,2.2050853,1,0.0,0,1.6165153,1,0.0,0,2.573111,1,2.2050853,1,1.6165153,1,3.2273626,1,2.2050853,1,1.6165153,1,0.0,0,3.2273626,1,0.0,0,0.0,0,3.5050797,1,0.0,0,1.6165153,1
CAATTCACTTGTGG-1,0,402,1.7441862,0.0,0,2.3693016,1,0.0,0,0.0,0,0.0,0,0.0,0,0.0,0,3.0145464,1,0.0,0,0.0,0,4.0799,1,0.0,0,0.0,0,0.0,0,2.3693016,1,0.0,0,0.0,0,0.0,0,0.0,0,0.0,0
CAATTCTGCTTGTT-1,1,1203,2.3033204,1.9441979,1,3.2169578,1,0.0,0,3.2169578,1,3.2169578,1,1.9441979,1,1.9441979,1,5.444748,1,3.330278,1,1.3847963,1,5.6327987,1,2.5631053,1,2.5631053,1,3.330278,1,3.2169578,1,0.0,0,1.3847963,1,3.6869316,1,1.9441979,1,4.6031923,1
CAATTCTGGCGTAT-1,1,699,3.7410927,3.4239762,1,3.4239762,1,2.5554028,1,2.93464,1,3.997176,1,3.7510958,1,1.9370484,1,5.716535,1,3.6008525,1,3.4239762,1,6.1529903,1,3.2089455,1,3.6008525,1,3.2089455,1,3.2089455,1,0.0,0,2.5554028,1,3.997176,1,3.2089455,1,4.100698,1
CACAACGATACGAC-1,0,755,2.8690228,1.6412203,1,0.0,0,0.0,0,0.0,0,1.6412203,1,1.6412203,1,1.6412203,1,2.601533,1,0.0,0,0.0,0,2.601533,1,1.6412203,1,0.0,0,0.0,0,2.232477,1,0.0,0,0.0,0,2.870501,1,0.0,0,1.6412203,1
CACAATCTTGTTCT-1,0,697,1.9392374,0.0,0,2.010668,1,0.0,0,2.010668,1,0.0,0,2.010668,1,0.0,0,2.6345193,1,0.0,0,0.0,0,3.2911303,1,0.0,0,0.0,0,2.6345193,1,2.6345193,1,0.0,0,0.0,0,3.5068038,1,0.0,0,2.010668,1
CACAATCTTTCCAT-1,2,1229,2.5434728,1.8234932,1,0.0,0,0.0,0,1.2800245,1,1.8234932,1,1.8234932,1,0.0,0,3.2946243,1,1.2800245,1,0.0,0,3.4707463,1,0.0,0,0.0,0,0.0,0,2.6378882,1,0.0,0,0.0,0,3.0807085,1,0.0,0,0.0,0
CACACCTGCTTGAG-1,0,637,1.0037642,0.0,0,0.0,0,0.0,0,0.0,0,0.0,0,2.606169,1,0.0,0,3.2617095,1,0.0,0,0.0,0,3.6543179,1,2.606169,1,0.0,0,2.606169,1,1.9842411,1,0.0,0,0.0,0,1.9842411,1,0.0,0,0.0,0
CACACCTGTATGGC-1,0,666,4.7466664,0.0,0,0.0,0,1.8458267,1,0.0,0,0.0,0,2.4567358,1,0.0,0,3.3202283,1,0.0,0,0.0,0,3.1060803,1,0.0,0,0.0,0,1.8458267,1,1.8458267,1,0.0,0,0.0,0,2.4567358,1,2.4567358,1,0.0,0
CACAGAACCCTTGC-1,3,846,3.0212977,0.0,0,0.0,0,1.7847111,1,0.0,0,0.0,0,2.3902035,1,0.0,0,3.575291,1,1.7847111,1,0.0,0,2.7646558,1,0.0,0,0.0,0,0.0,0,3.9235282,1,0.0,0,0.0,0,2.7646558,1,0.0,0,0.0,0
CACAGAACCTGATG-1,0,1036,3.875969,1.5095845,1,0.0,0,0.0,0,2.4488087,1,0.0,0,2.085635,1,0.0,0,3.3741276,1,2.7146552,1,0.0,0,3.245477,1,0.0,0,0.0,0,2.085635,1,2.4488087,1,0.0,0,0.0,0,4.0500026,1,1.5095845,1,0.0,0
CACAGATGGGATTC-1,0,1027,1.9814242,0.0,0,0.0,0,1.4102389,1,1.4102389,1,0.0,0,2.5943391,1,0.0,0,2.8024309,1,0.0,0,0.0,0,3.859761,1,0.0,0,0.0,0,1.4102389,1,2.5943391,1,0.0,0,0.0,0,3.121419,1,1.4102389,1,0.0,0
CACAGATGGTTTCT-1,1,831,1.5311005,3.216728,1,3.786538,1,1.7560065,1,3.216728,1,3.003556,1,1.7560065,1,0.0,0,5.098861,1,3.671585,1,2.3588278,1,5.743973,1,2.3588278,1,3.5416808,1,2.7322755,1,4.1472616,1,1.7560065,1,0.0,0,3.671585,1,1.7560065,1,4.4117994,1
CACAGCCTGATACC-1,0,999,2.543271,0.0,0,0.0,0,0.0,0,2.717292,1,0.0,0,2.0881083,1,0.0,0,3.5931442,1,2.0881083,1,0.0,0,2.927137,1,0.0,0,0.0,0,1.5117849,1,2.717292,1,0.0,0,0.0,0,4.6396656,1,2.0881083,1,0.0,0
CACAGCCTTGCCAA-1,4,942,2.9206626,3.8916779,1,3.3024082,1,3.1274185,1,4.055587,1,3.8916779,1,4.574567,1,3.1274185,1,4.976589,1,4.42959,1,0.0,0,5.964369,1,2.2748032,1,3.6955326,1,4.196375,1,4.1284566,1,2.6453946,1,2.6453946,1,4.376185,1,2.6453946,1,4.1284566,1
CACAGCCTTGTAGC-1,0,891,1.448141,0.0,0,0.0,0,0.0,0,2.178599,1,2.178599,1,2.5456004,1,0.0,0,2.8134813,1,1.5926906,1,0.0,0,2.8134813,1,0.0,0,1.5926906,1,2.178599,1,2.8134813,1,0.0,0,0.0,0,1.5926906,1,0.0,0,0.0,0
CACAGTGATGAAGA-1,1,1007,2.7519894,2.657949,1,3.1870651,1,0.0,0,3.1870651,1,2.0325463,1,0.0,0,0.0,0,6.1138544,1,2.866975,1,1.4625027,1,5.298342,1,2.657949,1,2.866975,1,3.039773,1,3.9269361,1,0.0,0,2.0325463,1,4.1059685,1,1.4625027,1,3.7087064,1
CACATACTACAGCT-1,2,712,1.5641855,0.0,0,0.0,0,0.0,0,0.0,0,0.0,0,1.8562305,1,0.0,0,2.844834,1,2.4680264,1,0.0,0,3.3321273,1,0.0,0,0.0,0,0.0,0,2.4680264,1,0.0,0,0.0,0,4.1009107,1,1.8562305,1,0.0,0
CACATGGAACACGT-1,0,990,1.249156,1.4764178,1,0.0,0,0.0,0,0.0,0,0.0,0,2.4097981,1,0.0,0,2.884029,1,0.0,0,1.4764178,1,2.0482702,1,0.0,0,0.0,0,0.0,0,2.4097981,1,0.0,0,0.0,0,0.0,0,0.0,0,0.0,0
CACATGGAAGTCGT-1,0,725,2.4459844,0.0,0,0.0,0,0.0,0,0.0,0,0.0,0,0.0,0,0.0,0,3.0637722,1,0.0,0,0.0,0,2.852239,1,1.6256326,1,1.6256326,1,0.0,0,0.0,0,0.0,0,0.0,0,0.0,0,0.0,0,0.0,0
CACCACTGCCAACA-1,0,745,2.0805666,0.0,0,0.0,0,0.0,0,0.0,0,2.2878242,1,0.0,0,0.0,0,3.7096777,1,1.6913382,1,0.0,0,3.5949507,1,1.6913382,1,1.6913382,1,0.0,0,1.6913382,1,0.0,0,0.0,0,2.9288952,1,1.6913382,1,2.2878242,1
CACCACTGGCGAAG-1,2,921,1.4407924,0.0,0,0.0,0,0.0,0,1.7066735,1,0.0,0,2.3047028,1,0.0,0,2.9466681,1,0.0,0,0.0,0,2.9466681,1,0.0,0,0.0,0,0.0,0,2.6763394,1,0.0,0,0.0,0,0.0,0,0.0,0,0.0,0
CACCCATGTTCTGT-1,0,333,4.456328,0.0,0,0.0,0,0.0,0,2.9352024,1,0.0,0,2.9352024,1,0.0,0,0.0,0,0.0,0,0.0,0,3.6014304,1,0.0,0,0.0,0,0.0,0,0.0,0,0.0,0,0.0,0,2.9352024,1,0.0,0,2.9352024,1
CACCGGGAATCGAC-1,0,1042,1.111497,0.0,0,1.4981551,1,0.0,0,1.4981551,1,0.0,0,0.0,0,0.0,0,3.831996,1,2.0727766,1,0.0,0,3.9722037,1,0.0,0,0.0,0,1.4981551,1,3.0837693,1,0.0,0,0.0,0,3.2313576,1,2.0727766,1,0.0,0
CACCGGGACGAGAG-1,2,895,2.0479136,0.0,0,0.0,0,0.0,0,0.0,0,0.0,0,3.1860588,1,0.0,0,5.207723,1,0.0,0,0.0,0,3.5776498,1,1.5821656,1,0.0,0,1.5821656,1,2.8010502,1,0.0,0,0.0,0,3.01197,1,0.0,0,0.0,0
CACCGGGACGTGTA-1,0,873,1.8087854,0.0,0,0.0,0,0.0,0,0.0,0,0.0,0,2.3693016,1,0.0,0,3.4035203,1,1.4421959,1,1.4421959,1,2.8419907,1,1.4421959,1,0.0,0,0.0,0,1.4421959,1,0.0,0,0.0,0,1.4421959,1,1.4421959,1,1.4421959,1
CACCGGGACTTCTA-1,7,1612,4.0958805,0.0,0,0.0,0,0.0,0,3.3652062,1,0.0,0,1.732819,1,0.0,0,3.3652062,1,2.5369806,1,0.0,0,3.189772,1,0.0,0,1.2024583,1,1.732819,1,2.3334203,1,0.0,0,1.2024583,1,3.8621135,1,0.0,0,0.0,0
CACCGGGACTTGCC-1,2,724,4.966518,0.0,0,0.0,0,0.0,0,0.0,0,0.0,0,0.0,0,0.0,0,4.439179,1,0.0,0,0.0,0,4.133308,1,0.0,0,0.0,0,1.8840891,1,2.8758824,1,0.0,0,0.0,0,1.8840891,1,0.0,0,0.0,0
CACCGGGATTCGGA-1,2,929,3.6066983,0.0,0,0.0,0,0.0,0,0.0,0,0.0,0,3.1125221,1,0.0,0,3.2874012,1,0.0,0,0.0,0,3.4362018,1,1.6668636,1,0.0,0,0.0,0,1.6668636,1,0.0,0,0.0,0,2.9004393,1,1.6668636,1,0.0,0
CACCGTACTAAGGA-1,3,601,2.4743512,1.951416,1,1.951416,1,0.0,0,1.951416,1,0.0,0,1.951416,1,0.0,0,2.9505227,1,0.0,0,0.0,0,5.630415,1,0.0,0,2.9505227,1,0.0,0,3.8981102,1,0.0,0,0.0,0,0.0,0,0.0,0,0.0,0
CACCGTACTAGCGT-1,0,862,2.0994475,0.0,0,0.0,0,0.0,0,0.0,0,0.0,0,0.0,0,0.0,0,3.2881103,1,1.5442802,1,0.0,0,3.140161,1,1.5442802,1,1.5442802,1,0.0,0,2.756103,1,0.0,0,0.0,0,1.5442802,1,0.0,0,2.124558,1
CACCTGACACCCAA-1,2,908,1.8393898,0.0,0,0.0,0,0.0,0,1.7022572,1,0.0,0,2.6713135,1,1.7022572,1,3.9189885,1,0.0,0,0.0,0,2.941554,1,0.0,0,1.7022572,1,0.0,0,2.6713135,1,0.0,0,0.0,0,3.4782887,1,0.0,0,0.0,0
CACCTGACCAGAAA-1,0,658,2.182891,0.0,0,0.0,0,0.0,0,1.9319832,1,0.0,0,3.595094,1,0.0,0,2.9290347,1,0.0,0,0.0,0,3.595094,1,0.0,0,0.0,0,0.0,0,2.9290347,1,0.0,0,0.0,0,4.6186213,1,1.9319832,1,0.0,0
CACCTGACCTCAAG-1,2,775,2.1254535,0.0,0,0.0,0,1.8219707,1,2.430808,1,0.0,0,0.0,0,0.0,0,2.8065128,1,1.8219707,1,0.0,0,3.078976,1,1.8219707,1,0.0,0,1.8219707,1,3.078976,1,0.0,0,0.0,0,3.7488513,1,0.0,0,0.0,0
CACCTGACGAAAGT-1,3,724,1.3281683,0.0,0,0.0,0,0.0,0,0.0,0,0.0,0,1.8774934,1,0.0,0,5.11867,1,0.0,0,0.0,0,1.8774934,1,0.0,0,1.8774934,1,0.0,0,0.0,0,0.0,0,0.0,0,2.4910707,1,0.0,0,0.0,0
CACCTGACTCGTAG-1,0,753,2.6440036,1.7442198,1,0.0,0,0.0,0,2.3459196,1,1.7442198,1,2.3459196,1,0.0,0,2.7189443,1,2.7189443,1,0.0,0,2.7189443,1,2.3459196,1,0.0,0,0.0,0,1.7442198,1,0.0,0,0.0,0,0.0,0,0.0,0,1.7442198,1
CACGAAACTTCCGC-1,3,741,1.705353,0.0,0,0.0,0,0.0,0,0.0,0,0.0,0,0.0,0,0.0,0,3.382219,1,1.7473437,1,0.0,0,2.9935973,1,2.7224796,1,0.0,0,0.0,0,2.7224796,1,0.0,0,0.0,0,0.0,0,0.0,0,0.0,0
CACGACCTCGATAC-1,3,690,2.1517553,0.0,0,0.0,0,0.0,0,0.0,0,0.0,0,2.8896794,1,0.0,0,3.1633656,1,0.0,0,0.0,0,3.554636,1,1.8964969,1,1.8964969,1,1.8964969,1,1.8964969,1,1.8964969,1,0.0,0,0.0,0,0.0,0,1.8964969,1
CACGCTACAGAAGT-1,0,379,3.2163744,0.0,0,0.0,0,0.0,0,0.0,0,2.7499142,1,2.7499142,1,0.0,0,3.8049693,1,2.7499142,1,0.0,0,4.0870705,1,0.0,0,0.0,0,0.0,0,0.0,0,0.0,0,0.0,0,3.4105725,1,0.0,0,0.0,0
CACGCTACTGTTCT-1,3,608,2.3480663,0.0,0,0.0,0,0.0,0,2.0682352,1,0.0,0,2.0682352,1,0.0,0,4.3440566,1,2.0682352,1,0.0,0,2.6960924,1,0.0,0,2.0682352,1,0.0,0,2.0682352,1,0.0,0,0.0,0,2.0682352,1,0.0,0,0.0,0
CACGCTACTTGACG-1,1,476,6.200177,2.930153,1,2.930153,1,0.0,0,2.930153,1,2.2890182,1,2.930153,1,0.0,0,5.078758,1,2.930153,1,0.0,0,6.0132294,1,2.2890182,1,3.596243,1,2.2890182,1,3.992524,1,0.0,0,0.0,0,4.5902367,1,2.2890182,1,2.2890182,1
CACGGGACAGAGTA-1,0,927,2.256652,0.0,0,0.0,0,0.0,0,2.4082625,1,0.0,0,0.0,0,0.0,0,3.3312166,1,0.0,0,0.0,0,3.3312166,1,1.4751163,1,1.4751163,1,0.0,0,0.0,0,0.0,0,0.0,0,0.0,0,0.0,0,0.0,0
CACGGGACATAAGG-1,0,777,1.5811967,0.0,0,0.0,0,0.0,0,1.662695,1,0.0,0,0.0,0,0.0,0,2.256228,1,0.0,0,0.0,0,3.2824523,1,0.0,0,1.662695,1,0.0,0,2.256228,1,0.0,0,0.0,0,3.10761,1,0.0,0,1.662695,1
CACGGGACGTAGGG-1,0,969,0.6784772,0.0,0,0.0,0,0.0,0,1.5627993,1,0.0,0,2.145267,1,0.0,0,3.5539029,1,2.5109386,1,0.0,0,3.1626427,1,0.0,0,0.0,0,0.0,0,2.5109386,1,0.0,0,0.0,0,2.9887483,1,1.5627993,1,1.5627993,1
CACGGGTGCTTCGC-1,2,827,1.2290503,0.0,0,0.0,0,0.0,0,0.0,0,0.0,0,2.8774636,1,0.0,0,2.4997485,1,2.4997485,1,0.0,0,3.1509764,1,1.8855101,1,0.0,0,0.0,0,2.8774636,1,0.0,0,0.0,0,1.8855101,1,0.0,0,0.0,0
CACGGGTGGAGGAC-1,2,709,2.445141,0.0,0,2.605588,1,0.0,0,0.0,0,0.0,0,3.653707,1,1.9837003,1,3.476551,1,0.0,0,0.0,0,2.9861252,1,1.9837003,1,1.9837003,1,0.0,0,0.0,0,0.0,0,0.0,0,2.605588,1,1.9837003,1,0.0,0
CACGGGTGTGTTTC-1,0,385,1.0033444,0.0,0,0.0,0,0.0,0,0.0,0,0.0,0,0.0,0,0.0,0,3.5393586,1,0.0,0,0.0,0,0.0,0,0.0,0,0.0,0,0.0,0,0.0,0,0.0,0,0.0,0,2.497187,1,0.0,0,0.0,0
CACTAACTCCTAAG-1,3,690,1.8068535,1.9788493,1,0.0,0,0.0,0,2.600378,1,1.9788493,1,1.9788493,1,0.0,0,4.7829304,1,2.9807832,1,0.0,0,3.2556958,1,0.0,0,0.0,0,0.0,0,1.9788493,1,0.0,0,1.9788493,1,0.0,0,0.0,0,0.0,0
CACTAACTGAAAGT-1,0,769,1.1403508,0.0,0,0.0,0,0.0,0,2.2803018,1,1.6845112,1,1.6845112,1,0.0,0,3.5868058,1,0.0,0,0.0,0,2.920969,1,0.0,0,0.0,0,2.2803018,1,1.6845112,1,0.0,0,0.0,0,1.6845112,1,1.6845112,1,0.0,0
CACTAGGATGATGC-1,3,554,2.0508614,0.0,0,0.0,0,0.0,0,0.0,0,0.0,0,0.0,0,0.0,0,2.219578,1,0.0,0,0.0,0,3.5208685,1,0.0,0,0.0,0,0.0,0,2.219578,1,0.0,0,0.0,0,2.219578,1,0.0,0,0.0,0
CACTATACCCCGTT-1,3,892,1.4396887,0.0,0,0.0,0,0.0,0,2.1737506,1,0.0,0,0.0,0,1.5883365,1,3.5851948,1,3.0193505,1,0.0,0,3.3417723,1,0.0,0,0.0,0,1.5883365,1,2.5405617,1,0.0,0,0.0,0,3.0193505,1,0.0,0,0.0,0
CACTATACGTTTGG-1,2,761,2.771739,0.0,0,0.0,0,1.8621773,1,0.0,0,0.0,0,1.8621773,1,0.0,0,2.85147,1,0.0,0,0.0,0,3.6652057,1,0.0,0,1.8621773,1,1.8621773,1,3.124607,1,0.0,0,0.0,0,2.85147,1,0.0,0,0.0,0
CACTGAGACAGTCA-1,1,367,3.8514442,3.3515942,1,3.3515942,1,0.0,0,0.0,0,3.3515942,1,2.692876,1,2.692876,1,5.844566,1,3.3515942,1,0.0,0,6.1214957,1,0.0,0,2.692876,1,3.3515942,1,3.7453146,1,2.692876,1,3.3515942,1,4.711266,1,2.692876,1,3.3515942,1
CACTGCACTTCATC-1,0,731,2.4517474,0.0,0,0.0,0,1.8280805,1,2.4374537,1,0.0,0,2.8133585,1,0.0,0,3.6257672,1,1.8280805,1,0.0,0,3.085926,1,2.4374537,1,1.8280805,1,0.0,0,0.0,0,0.0,0,0.0,0,3.6257672,1,0.0,0,0.0,0
CACTGCTGAGACTC-1,4,1103,2.3255813,3.8202236,1,4.0105033,1,3.9510107,1,4.119819,1,3.66972,1,3.66972,1,3.1487625,1,5.923852,1,3.887754,1,2.8293066,1,5.684193,1,3.2769163,1,3.8202236,1,4.066654,1,3.9510107,1,1.9978906,1,2.6208186,1,4.2642045,1,4.1703,1,4.218354,1
CACTGCTGGAAAGT-1,0,944,1.8661519,0.0,0,0.0,0,0.0,0,1.4394888,1,0.0,0,0.0,0,0.0,0,3.4000916,1,2.006478,1,0.0,0,2.006478,1,1.4394888,1,1.4394888,1,2.006478,1,1.4394888,1,0.0,0,0.0,0,3.0111742,1,0.0,0,1.4394888,1
CACTTAACCGAATC-1,0,832,4.837994,0.0,0,0.0,0,0.0,0,2.2906132,1,0.0,0,0.0,0,0.0,0,3.8156216,1,1.6938705,1,0.0,0,2.931833,1,0.0,0,0.0,0,3.1442595,1,2.2906132,1,0.0,0,0.0,0,4.7574873,1,1.6938705,1,0.0,0
CACTTAACCGTACA-1,3,675,2.6938238,0.0,0,0.0,0,0.0,0,0.0,0,0.0,0,0.0,0,0.0,0,2.6496613,1,2.6496613,1,0.0,0,3.8506231,1,0.0,0,0.0,0,0.0,0,3.031286,1,0.0,0,0.0,0,2.0248034,1,0.0,0,0.0,0
CACTTTGACTCTAT-1,2,652,2.1907215,0.0,0,0.0,0,2.007872,1,2.007872,1,0.0,0,3.0127053,1,0.0,0,3.0127053,1,0.0,0,0.0,0,2.007872,1,0.0,0,0.0,0,0.0,0,2.007872,1,0.0,0,0.0,0,2.007872,1,0.0,0,0.0,0
CACTTTGAGCTGTA-1,2,418,1.4962593,0.0,0,0.0,0,0.0,0,2.600378,1,0.0,0,2.600378,1,0.0,0,4.1485825,1,3.6482263,1,0.0,0,2.600378,1,0.0,0,2.600378,1,0.0,0,2.600378,1,0.0,0,0.0,0,0.0,0,0.0,0,0.0,0
CAGAAGCTCTCAAG-1,0,727,1.7730497,0.0,0,0.0,0,0.0,0,0.0,0,0.0,0,0.0,0,0.0,0,3.1442595,1,0.0,0,0.0,0,3.4683414,1,1.6938705,1,1.6938705,1,0.0,0,2.2906132,1,0.0,0,1.6938705,1,1.6938705,1,0.0,0,0.0,0
CAGACATGAACGGG-1,0,745,1.2892135,0.0,0,0.0,0,0.0,0,1.667212,1,0.0,0,0.0,0,0.0,0,4.8669295,1,0.0,0,0.0,0,2.2612169,1,0.0,0,0.0,0,0.0,0,0.0,0,0.0,0,0.0,0,3.1129327,1,0.0,0,0.0,0
CAGACATGTCGACA-1,0,872,1.905518,0.0,0,0.0,0,0.0,0,2.1912029,1,0.0,0,2.1912029,1,0.0,0,3.8000367,1,0.0,0,0.0,0,3.4899366,1,0.0,0,1.60402,1,1.60402,1,3.0380692,1,0.0,0,0.0,0,3.3607533,1,2.5586953,1,0.0,0
CAGACCCTAAGGTA-1,4,1336,2.9764762,3.7335212,1,3.3111598,1,2.7349663,1,3.9859018,1,3.4725869,1,3.2194905,1,1.2242274,1,5.7391443,1,3.1185617,1,2.7349663,1,5.7468414,1,2.8798027,1,3.6115408,1,3.0062912,1,4.071364,1,1.7583878,1,2.5655403,1,3.940266,1,2.8798027,1,4.150094,1
CAGACCCTAATGCC-1,0,863,4.886562,1.679879,1,0.0,0,0.0,0,2.2751946,1,0.0,0,2.2751946,1,0.0,0,3.4517112,1,0.0,0,0.0,0,3.8921053,1,1.679879,1,1.679879,1,1.679879,1,2.2751946,1,0.0,0,0.0,0,2.915586,1,0.0,0,0.0,0
CAGACCCTAGGAGC-1,0,934,2.1723123,0.0,0,1.5437008,1,0.0,0,0.0,0,2.1239092,1,0.0,0,0.0,0,2.9657588,1,0.0,0,0.0,0,2.488704,1,0.0,0,1.5437008,1,0.0,0,2.488704,1,0.0,0,0.0,0,1.5437008,1,0.0,0,0.0,0
CAGACTGAGTATGC-1,0,844,2.0280237,0.0,0,0.0,0,0.0,0,0.0,0,0.0,0,0.0,0,0.0,0,2.757139,1,1.5451502,1,0.0,0,2.4903939,1,0.0,0,2.1255317,1,1.5451502,1,1.5451502,1,0.0,0,0.0,0,2.757139,1,0.0,0,1.5451502,1
CAGATCGAATGTCG-1,3,721,4.379562,0.0,0,0.0,0,0.0,0,1.71634,1,0.0,0,2.6873288,1,1.71634,1,2.3153288,1,0.0,0,0.0,0,3.4949572,1,1.71634,1,0.0,0,0.0,0,3.170552,1,0.0,0,0.0,0,2.3153288,1,0.0,0,0.0,0
CAGATCGACCTGAA-1,0,432,3.4744844,0.0,0,0.0,0,0.0,0,0.0,0,0.0,0,3.1240873,1,0.0,0,3.7950006,1,0.0,0,0.0,0,3.7950006,1,0.0,0,0.0,0,0.0,0,3.1240873,1,0.0,0,0.0,0,4.192943,1,0.0,0,0.0,0
CAGATCGATATGGC-1,0,782,0.9819324,0.0,0,0.0,0,0.0,0,0.0,0,2.181034,1,2.548131,1,0.0,0,2.548131,1,0.0,0,0.0,0,3.0271654,1,0.0,0,2.181034,1,0.0,0,1.5948784,1,0.0,0,0.0,0,2.181034,1,0.0,0,1.5948784,1
CAGATGACATTCTC-1,2,1006,2.6380067,0.0,0,2.377688,1,3.4124622,1,0.0,0,0.0,0,3.0233426,1,0.0,0,3.0233426,1,1.7732519,1,0.0,0,2.377688,1,1.7732519,1,0.0,0,2.377688,1,1.7732519,1,0.0,0,0.0,0,4.003503,1,0.0,0,0.0,0
CAGCAATGCCTTCG-1,0,834,1.4820592,0.0,0,0.0,0,0.0,0,1.5895776,1,1.5895776,1,0.0,0,1.5895776,1,2.8098068,1,1.5895776,1,0.0,0,2.5419981,1,0.0,0,0.0,0,0.0,0,0.0,0,0.0,0,1.5895776,1,2.175133,1,0.0,0,0.0,0
CAGCAATGGAGGGT-1,2,840,1.8256773,0.0,0,2.5488553,1,0.0,0,1.9309744,1,0.0,0,1.9309744,1,0.0,0,2.5488553,1,0.0,0,0.0,0,3.2021327,1,1.9309744,1,0.0,0,0.0,0,1.9309744,1,0.0,0,0.0,0,3.7441626,1,1.9309744,1,1.9309744,1
CAGCAATGGTGCTA-1,0,840,1.5720524,0.0,0,0.0,0,0.0,0,2.6470175,1,0.0,0,2.9168253,1,0.0,0,3.3040907,1,0.0,0,0.0,0,3.3040907,1,1.6809452,1,0.0,0,0.0,0,3.1290889,1,0.0,0,0.0,0,1.6809452,1,1.6809452,1,0.0,0
CAGCAATGTCTACT-1,1,819,2.653749,2.2440767,1,3.0946386,1,0.0,0,2.6135604,1,2.6135604,1,0.0,0,1.6517023,1,5.1336436,1,2.8827543,1,1.6517023,1,5.5204015,1,2.8827543,1,2.6135604,1,2.6135604,1,3.418086,1,0.0,0,2.6135604,1,3.9433322,1,0.0,0,3.6620905,1
CAGCAATGTGACCA-1,0,699,1.1512297,0.0,0,0.0,0,0.0,0,1.830275,1,0.0,0,0.0,0,0.0,0,3.628312,1,3.088421,1,0.0,0,3.7585177,1,1.830275,1,1.830275,1,1.830275,1,2.8158162,1,0.0,0,0.0,0,1.830275,1,0.0,0,0.0,0
CAGCAATGTGAGGG-1,1,489,2.4118738,0.0,0,4.323054,1,0.0,0,3.364083,1,3.643079,1,2.975767,1,0.0,0,5.699354,1,3.643079,1,2.975767,1,6.257534,1,2.3323696,1,2.3323696,1,3.364083,1,3.364083,1,0.0,0,0.0,0,3.643079,1,0.0,0,3.364083,1
CAGCACCTAAGCCT-1,0,665,2.3783185,0.0,0,0.0,0,0.0,0,0.0,0,0.0,0,2.8685405,1,0.0,0,2.4910707,1,1.8774934,1,0.0,0,3.1419253,1,1.8774934,1,0.0,0,0.0,0,2.8685405,1,0.0,0,0.0,0,3.1419253,1,0.0,0,0.0,0
CAGCACCTAGGCGA-1,0,576,2.349689,0.0,0,0.0,0,0.0,0,2.0682352,1,0.0,0,2.0682352,1,0.0,0,3.0788112,1,2.0682352,1,0.0,0,3.7486825,1,0.0,0,0.0,0,2.0682352,1,0.0,0,0.0,0,0.0,0,2.0682352,1,2.0682352,1,0.0,0
CAGCACCTGTAGGG-1,1,1291,2.9183886,3.0760136,1,3.1886563,1,0.0,0,2.6333194,1,2.8035953,1,2.8035953,1,2.4279761,1,5.2719655,1,3.8609746,1,2.169275,1,5.0826874,1,3.6828537,1,2.8035953,1,3.381803,1,3.6156557,1,1.2764738,1,2.4279761,1,3.4659781,1,0.0,0,3.8050535,1
CAGCATGACAACCA-1,1,1102,3.1696706,2.8059287,1,1.9764355,1,1.4130546,1,2.9781241,1,2.3346126,1,2.3346126,1,2.3346126,1,5.7121577,1,1.9764355,1,1.9764355,1,5.532549,1,2.8059287,1,3.1249783,1,2.8059287,1,3.1249783,1,0.0,0,1.4130546,1,4.4045296,1,1.9764355,1,4.145825,1
CAGCATGAGACGTT-1,2,826,4.0797405,0.0,0,0.0,0,0.0,0,0.0,0,0.0,0,2.7027771,1,0.0,0,3.7556813,1,0.0,0,0.0,0,3.7556813,1,0.0,0,0.0,0,2.9735627,1,2.7027771,1,0.0,0,0.0,0,3.3618405,1,0.0,0,1.72995,1
CAGCCTACCCAACA-1,0,880,0.8922199,0.0,0,0.0,0,0.0,0,1.5195469,1,0.0,0,2.096828,1,0.0,0,2.726585,1,0.0,0,0.0,0,3.3864636,1,2.096828,1,0.0,0,1.5195469,1,2.096828,1,0.0,0,1.5195469,1,3.9314756,1,1.5195469,1,0.0,0
CAGCCTTGCTACCC-1,1,738,2.605863,2.850446,1,3.1235678,1,0.0,0,3.1235678,1,3.3378725,1,0.0,0,1.8612592,1,4.8779716,1,3.1235678,1,0.0,0,5.899713,1,2.850446,1,2.850446,1,2.850446,1,4.106769,1,0.0,0,0.0,0,4.412525,1,0.0,0,4.271288,1
CAGCCTTGGGGACA-1,0,904,0.97670925,1.5607154,1,0.0,0,0.0,0,1.5607154,1,0.0,0,1.5607154,1,0.0,0,3.4371376,1,0.0,0,0.0,0,3.3081896,1,1.5607154,1,0.0,0,1.5607154,1,2.142939,1,0.0,0,0.0,0,3.9828763,1,1.5607154,1,0.0,0
CAGCGGACACCCTC-1,0,686,2.3342175,1.8417958,1,0.0,0,0.0,0,0.0,0,0.0,0,0.0,0,0.0,0,3.4918644,1,1.8417958,1,0.0,0,3.6416566,1,1.8417958,1,0.0,0,0.0,0,2.4523587,1,0.0,0,0.0,0,0.0,0,0.0,0,0.0,0
CAGCGGACCTTTAC-1,2,874,2.529899,0.0,0,2.9868696,1,2.9868696,1,0.0,0,0.0,0,2.9868696,1,1.7414975,1,2.9868696,1,1.7414975,1,0.0,0,3.6544707,1,0.0,0,2.3429363,1,0.0,0,2.3429363,1,0.0,0,0.0,0,2.9868696,1,0.0,0,1.7414975,1
CAGCGTCTAAAGCA-1,0,887,2.5947423,0.0,0,0.0,0,0.0,0,1.4850758,1,0.0,0,3.0676715,1,0.0,0,2.8946128,1,2.4200037,1,0.0,0,3.0676715,1,0.0,0,0.0,0,0.0,0,2.0580392,1,0.0,0,1.4850758,1,3.55971,1,2.0580392,1,0.0,0
CAGCGTCTTATCGG-1,0,873,3.8704581,0.0,0,0.0,0,0.0,0,0.0,0,0.0,0,0.0,0,0.0,0,3.032789,1,1.599591,1,0.0,0,3.3553996,1,0.0,0,1.599591,1,1.599591,1,2.1862776,1,0.0,0,0.0,0,3.3553996,1,1.599591,1,0.0,0
CAGCTAGATGTGAC-1,1,560,4.1963577,3.705799,1,3.2112277,1,0.0,0,3.2112277,1,3.705799,1,2.8257155,1,3.4887817,1,6.0810947,1,4.166542,1,2.1901448,1,6.1167326,1,2.1901448,1,3.705799,1,2.1901448,1,4.0352235,1,0.0,0,0.0,0,2.1901448,1,0.0,0,2.8257155,1
CAGCTCTGAGGCGA-1,0,766,1.123022,1.8090501,1,0.0,0,0.0,0,1.8090501,1,0.0,0,1.8090501,1,0.0,0,3.733785,1,1.8090501,1,0.0,0,3.2780209,1,1.8090501,1,0.0,0,1.8090501,1,0.0,0,0.0,0,0.0,0,3.8489087,1,0.0,0,0.0,0
CAGCTCTGCAAGCT-1,2,710,1.1464968,0.0,0,0.0,0,0.0,0,1.99734,1,0.0,0,2.6202278,1,0.0,0,3.669099,1,0.0,0,0.0,0,2.6202278,1,0.0,0,0.0,0,0.0,0,0.0,0,0.0,0,0.0,0,3.4918644,1,0.0,0,0.0,0
CAGCTCTGTCGTAG-1,1,1135,2.2713506,2.7817297,1,2.5739503,1,0.0,0,2.9536757,1,2.9536757,1,1.9542708,1,3.5358226,1,5.915083,1,3.2282352,1,2.311362,1,5.347239,1,3.100349,1,3.3416054,1,1.9542708,1,4.1204624,1,0.0,0,1.9542708,1,3.620403,1,0.0,0,4.070023,1
CAGCTCTGTGTGGT-1,2,1054,1.843318,0.0,0,2.970047,1,2.3269281,1,0.0,0,0.0,0,2.970047,1,0.0,0,1.7269025,1,2.3269281,1,0.0,0,2.6993206,1,1.7269025,1,0.0,0,2.6993206,1,2.3269281,1,0.0,0,0.0,0,3.358264,1,1.7269025,1,0.0,0
CAGGAACTAACTGC-1,2,805,2.407318,0.0,0,0.0,0,0.0,0,1.7603784,1,0.0,0,1.7603784,1,0.0,0,3.221799,1,0.0,0,0.0,0,3.397451,1,1.7603784,1,0.0,0,1.7603784,1,2.7372148,1,0.0,0,0.0,0,4.526972,1,0.0,0,0.0,0
CAGGAACTCTCAGA-1,1,724,1.5981736,3.5623684,1,3.385705,1,0.0,0,2.5189478,1,5.5523753,1,2.8971977,1,0.0,0,5.384013,1,1.9032655,1,2.5189478,1,6.1007795,1,2.5189478,1,2.8971977,1,2.8971977,1,3.8429322,1,0.0,0,2.5189478,1,4.6418853,1,2.8971977,1,4.3201632,1
CAGGCCGAACACCA-1,0,973,2.1158128,1.5503948,1,0.0,0,0.0,0,0.0,0,0.0,0,2.1314006,1,0.0,0,2.496505,1,0.0,0,0.0,0,3.147594,1,1.5503948,1,0.0,0,0.0,0,1.5503948,1,0.0,0,0.0,0,0.0,0,0.0,0,1.5503948,1
CAGGCCGAACACGT-1,0,1201,1.0977789,0.0,0,0.0,0,0.0,0,2.6221197,1,0.0,0,2.1585903,1,0.0,0,2.7922592,1,0.0,0,1.2677851,1,2.4169755,1,1.8092635,1,0.0,0,1.2677851,1,2.1585903,1,0.0,0,0.0,0,3.0645022,1,1.8092635,1,0.0,0
CAGGCCGAACGACT-1,0,575,2.7638192,0.0,0,2.2388175,1,0.0,0,0.0,0,2.2388175,1,2.2388175,1,0.0,0,3.2637227,1,2.2388175,1,0.0,0,2.8772,1,0.0,0,0.0,0,2.2388175,1,0.0,0,0.0,0,0.0,0,3.2637227,1,0.0,0,0.0,0
CAGGCCGAATCTCT-1,4,838,1.2684125,3.914419,1,3.0665002,1,2.586258,1,3.7360797,1,3.7360797,1,3.6333654,1,2.8549352,1,5.5404253,1,3.7360797,1,1.6279315,1,6.5228167,1,3.3895733,1,2.217752,1,0.0,0,4.0657153,1,1.6279315,1,1.6279315,1,4.25684,1,1.6279315,1,4.511444,1
CAGGCCGACTAGCA-1,3,865,2.4296675,0.0,0,0.0,0,0.0,0,2.254699,1,0.0,0,2.6245697,1,0.0,0,3.4295738,1,1.6613111,1,0.0,0,3.5590467,1,1.6613111,1,1.6613111,1,0.0,0,2.254699,1,0.0,0,0.0,0,2.254699,1,0.0,0,0.0,0
CAGGGCACCATACG-1,3,546,2.8072839,0.0,0,0.0,0,0.0,0,0.0,0,0.0,0,0.0,0,0.0,0,3.4459176,1,2.1509497,1,0.0,0,2.7841485,1,0.0,0,2.1509497,1,0.0,0,2.1509497,1,0.0,0,2.1509497,1,0.0,0,0.0,0,0.0,0
CAGGGCACCCAACA-1,0,811,2.2757697,0.0,0,0.0,0,1.6982334,1,1.6982334,1,1.6982334,1,2.2954166,1,0.0,0,3.1493726,1,0.0,0,0.0,0,3.717918,1,0.0,0,0.0,0,2.2954166,1,2.2954166,1,0.0,0,0.0,0,1.6982334,1,0.0,0,0.0,0
CAGGGCACTCCCGT-1,0,884,1.2211077,1.6791689,1,0.0,0,0.0,0,2.6449895,1,0.0,0,2.6449895,1,0.0,0,3.3019881,1,2.2744117,1,0.0,0,3.3019881,1,0.0,0,0.0,0,0.0,0,2.9147606,1,0.0,0,0.0,0,3.6951072,1,0.0,0,0.0,0
CAGGTAACAGACTC-1,1,886,2.10356,3.8180726,1,3.9032514,1,0.0,0,3.3785636,1,3.5078237,1,2.8441987,1,2.5757244,1,5.314915,1,2.5757244,1,2.2076027,1,6.4035654,1,2.8441987,1,2.2076027,1,3.724957,1,3.3785636,1,0.0,0,0.0,0,3.9032514,1,1.618783,1,3.9032514,1
CAGGTATGAGTCGT-1,0,791,1.3583138,0.0,0,0.0,0,0.0,0,1.7391728,1,0.0,0,2.340388,1,0.0,0,2.340388,1,0.0,0,0.0,0,2.71323,1,0.0,0,0.0,0,0.0,0,0.0,0,0.0,0,0.0,0,5.018367,1,0.0,0,1.7391728,1
CAGGTATGTGCTTT-1,0,1026,1.8450184,0.0,0,0.0,0,0.0,0,2.4910707,1,0.0,0,1.5457308,1,0.0,0,3.2898855,1,0.0,0,0.0,0,3.1419253,1,0.0,0,0.0,0,2.4910707,1,3.1419253,1,1.5457308,1,0.0,0,3.532886,1,1.5457308,1,0.0,0
CAGGTTGAGGATCT-1,3,2000,2.694947,0.0,0,0.0,0,0.0,0,2.1388538,1,0.0,0,1.2517817,1,0.0,0,3.2567754,1,2.276034,1,0.0,0,2.276034,1,1.2517817,1,1.55706,1,0.0,0,2.7713006,1,0.0,0,0.0,0,1.55706,1,0.0,0,0.8101671,1
CAGTGATGGACGGA-1,3,644,1.2418301,0.0,0,0.0,0,0.0,0,0.0,0,0.0,0,2.644787,1,0.0,0,3.6948948,1,2.0202518,1,0.0,0,3.026294,1,0.0,0,0.0,0,0.0,0,2.0202518,1,0.0,0,0.0,0,0.0,0,0.0,0,2.0202518,1
CAGTGATGGCTAAC-1,2,763,3.0342157,0.0,0,0.0,0,2.0089893,1,0.0,0,0.0,0,2.63272,1,0.0,0,3.0139325,1,0.0,0,0.0,0,3.5049233,1,2.63272,1,0.0,0,2.63272,1,2.63272,1,0.0,0,0.0,0,3.9635944,1,0.0,0,0.0,0
CAGTGATGGGACAG-1,0,969,2.6355195,0.0,0,0.0,0,0.0,0,2.301326,1,0.0,0,1.3852453,1,0.0,0,3.0897071,1,0.0,0,0.0,0,2.7712772,1,0.0,0,1.9447111,1,0.0,0,2.9431138,1,0.0,0,0.0,0,1.9447111,1,0.0,0,0.0,0
CAGTGATGTAAGGA-1,3,800,1.7188189,0.0,0,0.0,0,0.0,0,0.0,0,0.0,0,2.2838564,1,0.0,0,3.705369,1,1.6877365,1,0.0,0,3.590655,1,1.6877365,1,2.6547678,1,0.0,0,2.2838564,1,0.0,0,0.0,0,0.0,0,0.0,0,0.0,0
CAGTGATGTACGCA-1,3,359,3.1527095,0.0,0,0.0,0,0.0,0,0.0,0,0.0,0,2.3861601,1,0.0,0,3.0322251,1,2.3861601,1,0.0,0,2.3861601,1,0.0,0,0.0,0,0.0,0,2.3861601,1,0.0,0,0.0,0,0.0,0,0.0,0,0.0,0
CAGTGTGAACACGT-1,0,307,6.569343,0.0,0,0.0,0,0.0,0,0.0,0,0.0,0,0.0,0,0.0,0,2.960883,1,0.0,0,0.0,0,2.960883,1,0.0,0,0.0,0,0.0,0,0.0,0,0.0,0,0.0,0,0.0,0,0.0,0,0.0,0
CAGTGTGATGTCAG-1,0,624,1.4634147,0.0,0,0.0,0,0.0,0,0.0,0,0.0,0,0.0,0,1.7716298,1,2.3759155,1,0.0,0,0.0,0,3.4105725,1,0.0,0,0.0,0,0.0,0,1.7716298,1,0.0,0,0.0,0,0.0,0,0.0,0,0.0,0
CAGTTACTAAGGTA-1,3,993,2.8011205,0.0,0,0.0,0,0.0,0,1.5046611,1,0.0,0,0.0,0,0.0,0,3.677032,1,1.5046611,1,1.5046611,1,2.443032,1,1.5046611,1,2.7087505,1,0.0,0,2.7087505,1,0.0,0,0.0,0,0.0,0,0.0,0,0.0,0
CAGTTACTGATAGA-1,0,800,1.5510949,0.0,0,1.717089,1,0.0,0,1.717089,1,0.0,0,0.0,0,0.0,0,3.6255767,1,0.0,0,0.0,0,3.171427,1,0.0,0,1.717089,1,1.717089,1,0.0,0,0.0,0,0.0,0,3.171427,1,1.717089,1,0.0,0
CAGTTGGAAAGAGT-1,1,1167,1.5997831,3.2354069,1,2.995271,1,1.8603423,1,3.4288983,1,3.2354069,1,2.4724858,1,2.4724858,1,5.3970327,1,3.2354069,1,2.2125404,1,5.949414,1,3.3368251,1,3.513204,1,2.995271,1,3.3368251,1,0.0,0,2.2125404,1,4.0120378,1,1.3118315,1,2.849423,1
CAGTTGGACATACG-1,0,833,1.7995911,1.6282605,1,0.0,0,0.0,0,0.0,0,0.0,0,3.5192776,1,0.0,0,3.2414207,1,1.6282605,1,0.0,0,3.7364793,1,1.6282605,1,0.0,0,0.0,0,2.2181168,1,0.0,0,0.0,0,2.5866365,1,0.0,0,0.0,0
CAGTTTACACACGT-1,2,1871,1.3093902,1.054872,1,0.0,0,2.3377628,1,1.889313,1,0.0,0,2.3377628,1,0.0,0,3.4322348,1,0.0,0,0.0,0,2.8816936,1,0.0,0,0.0,0,1.5567153,1,1.889313,1,0.0,0,0.0,0,2.1384685,1,1.5567153,1,0.0,0
CAGTTTACCCCAAA-1,0,616,2.0103092,0.0,0,0.0,0,0.0,0,0.0,0,0.0,0,0.0,0,0.0,0,2.4256234,1,1.8172061,1,0.0,0,2.4256234,1,0.0,0,0.0,0,0.0,0,0.0,0,0.0,0,0.0,0,0.0,0,0.0,0,1.8172061,1
CATAAAACGGAGCA-1,1,822,3.3602722,2.8911512,1,1.6588962,1,0.0,0,2.8911512,1,3.4266884,1,0.0,0,1.6588962,1,4.9513507,1,3.2779388,1,2.6218042,1,5.5624647,1,2.8911512,1,2.2520304,1,2.8911512,1,3.7735672,1,0.0,0,1.6588962,1,4.351093,1,0.0,0,3.7735672,1
CATAAATGAACTGC-1,0,647,2.7144935,0.0,0,0.0,0,0.0,0,0.0,0,0.0,0,1.7659817,1,0.0,0,3.0150073,1,1.7659817,1,0.0,0,3.2282932,1,0.0,0,1.7659817,1,0.0,0,1.7659817,1,0.0,0,0.0,0,0.0,0,0.0,0,0.0,0
CATAACCTTCTCCG-1,0,1000,1.077727,0.0,0,0.0,0,0.0,0,2.019401,1,0.0,0,2.019401,1,0.0,0,3.5165794,1,1.450889,1,0.0,0,3.4145136,1,1.450889,1,0.0,0,1.450889,1,2.019401,1,0.0,0,0.0,0,2.8527005,1,2.019401,1,0.0,0
CATACTACCTCGAA-1,0,618,1.743532,0.0,0,0.0,0,0.0,0,0.0,0,0.0,0,1.8917,1,0.0,0,2.506445,1,1.8917,1,1.8917,1,3.5491512,1,0.0,0,0.0,0,0.0,0,0.0,0,0.0,0,0.0,0,0.0,0,0.0,0,0.0,0
CATACTACCTGAAC-1,0,734,0.6993007,0.0,0,0.0,0,0.0,0,2.5911927,1,0.0,0,0.0,0,0.0,0,2.5911927,1,1.6322217,1,0.0,0,3.2461548,1,0.0,0,1.6322217,1,0.0,0,2.8599644,1,0.0,0,0.0,0,0.0,0,0.0,0,0.0,0
CATACTACGTACCA-1,1,618,0.98887515,3.247342,1,2.9725358,1,0.0,0,3.247342,1,3.7901556,1,3.247342,1,1.9713649,1,6.34494,1,3.247342,1,2.5923355,1,5.7947345,1,0.0,0,2.9725358,1,3.639763,1,5.159361,1,0.0,0,1.9713649,1,4.319694,1,0.0,0,3.639763,1
CATACTTGGGTTAC-1,4,1938,2.3567145,3.2076056,1,3.4111795,1,3.4561982,1,3.8803186,1,3.4111795,1,2.951712,1,2.2376947,1,4.760536,1,2.876014,1,2.2376947,1,4.818546,1,3.0878217,1,3.364038,1,2.951712,1,3.4111795,1,1.3325158,1,1.3325158,1,4.087688,1,2.0764897,1,2.951712,1
CATAGTCTAATCGC-1,0,861,1.8194301,0.0,0,0.0,0,0.0,0,1.4903817,1,0.0,0,0.0,0,0.0,0,3.7439704,1,0.0,0,0.0,0,3.350266,1,1.4903817,1,4.5776563,1,0.0,0,0.0,0,0.0,0,0.0,0,3.2217329,1,0.0,0,1.4903817,1
CATAGTCTCACTTT-1,0,945,3.649097,0.0,0,0.0,0,0.0,0,0.0,0,0.0,0,2.1258566,1,0.0,0,3.2895303,1,2.1258566,1,0.0,0,2.4907322,1,0.0,0,0.0,0,1.5454404,1,1.5454404,1,0.0,0,0.0,0,2.1258566,1,0.0,0,0.0,0
CATATAGACTAAGC-1,5,1032,1.6387846,3.2161372,1,2.4209378,1,0.0,0,3.4584982,1,1.4858689,1,2.6861598,1,2.0589335,1,4.7041254,1,2.8955812,1,0.0,0,4.820902,1,1.4858689,1,1.4858689,1,2.8955812,1,3.5607061,1,0.0,0,0.0,0,3.6534295,1,1.4858689,1,4.4597983,1
CATATAGATCAGGT-1,3,723,2.4585783,0.0,0,1.8476255,1,0.0,0,0.0,0,0.0,0,0.0,0,1.8476255,1,3.6483998,1,0.0,0,0.0,0,3.6483998,1,1.8476255,1,0.0,0,0.0,0,2.8352234,1,0.0,0,0.0,0,1.8476255,1,0.0,0,1.8476255,1
CATCAACTAGAAGT-1,0,984,1.8946122,0.0,0,0.0,0,0.0,0,1.376549,1,0.0,0,1.376549,1,0.0,0,3.3196573,1,0.0,0,0.0,0,3.4213948,1,0.0,0,0.0,0,0.0,0,2.2908792,1,0.0,0,0.0,0,2.7603922,1,0.0,0,0.0,0
CATCAACTCCCTCA-1,0,994,0.73509395,0.0,0,0.0,0,0.0,0,1.8635565,1,1.3146135,1,0.0,0,0.0,0,2.9988863,1,1.3146135,1,1.3146135,1,3.5946527,1,0.0,0,0.0,0,0.0,0,2.682155,1,0.0,0,0.0,0,3.239063,1,1.8635565,1,0.0,0
CATCAGGACTTCCG-1,2,771,2.552356,0.0,0,3.0275393,1,0.0,0,0.0,0,0.0,0,2.021387,1,0.0,0,2.6460028,1,2.021387,1,0.0,0,3.518801,1,2.021387,1,0.0,0,0.0,0,0.0,0,0.0,0,0.0,0,3.0275393,1,0.0,0,0.0,0
CATCAGGATAGCCA-1,2,738,1.8654231,0.0,0,2.036882,1,2.662588,1,0.0,0,0.0,0,2.662588,1,0.0,0,3.995138,1,0.0,0,0.0,0,3.3202283,1,0.0,0,0.0,0,2.036882,1,2.036882,1,0.0,0,0.0,0,3.0445225,1,0.0,0,0.0,0
CATCAGGATCCTAT-1,4,1583,2.4233243,3.838289,1,3.9166741,1,3.502275,1,3.7078285,1,4.180243,1,3.753233,1,0.0,0,5.098939,1,3.381121,1,2.7818363,1,6.6085267,1,3.4435315,1,3.502275,1,3.0832572,1,3.9893591,1,2.3483138,1,2.6571124,1,4.6732073,1,2.5145855,1,3.502275,1
CATCAGGATGCACA-1,1,1113,2.9627268,3.7478006,1,3.2769163,1,1.4319232,1,4.1703,1,3.66972,1,3.001737,1,3.1487625,1,5.844032,1,4.066654,1,2.357095,1,6.1515646,1,2.6208186,1,3.1487625,1,3.001737,1,3.9510107,1,1.4319232,1,2.357095,1,4.4663916,1,0.0,0,4.066654,1
CATCAGGATTTCGT-1,1,614,4.142857,2.097141,1,3.1103356,1,0.0,0,0.0,0,2.7269187,1,2.097141,1,2.7269187,1,4.7474136,1,3.3868086,1,2.097141,1,5.819235,1,3.6031659,1,3.7809377,1,3.3868086,1,3.7809377,1,0.0,0,0.0,0,4.541774,1,2.7269187,1,3.1103356,1
CATCATACCGCATA-1,1,1146,1.6353724,2.782014,1,2.9539628,1,0.0,0,3.5361166,1,3.1006382,1,2.9539628,1,1.9545308,1,5.5783567,1,2.5742302,1,1.9545308,1,5.907177,1,2.5742302,1,3.620698,1,3.228526,1,3.8384743,1,0.0,0,1.3938415,1,4.965807,1,3.228526,1,4.1207604,1
CATCATACGGAGCA-1,3,615,3.230148,2.0450408,1,0.0,0,0.0,0,0.0,0,0.0,0,2.6713135,1,0.0,0,3.053455,1,0.0,0,0.0,0,3.8734138,1,0.0,0,0.0,0,0.0,0,3.329268,1,0.0,0,0.0,0,0.0,0,0.0,0,2.0450408,1
CATCATACTCAAGC-1,0,848,1.5879478,0.0,0,0.0,0,0.0,0,1.6239954,1,1.6239954,1,0.0,0,0.0,0,5.2598157,1,1.6239954,1,0.0,0,2.2133865,1,0.0,0,0.0,0,0.0,0,0.0,0,1.6239954,1,0.0,0,0.0,0,0.0,0,0.0,0
CATCGCTGGGATCT-1,0,983,1.9635845,0.0,0,0.0,0,0.0,0,1.5195469,1,1.5195469,1,2.4604826,1,0.0,0,2.726585,1,2.096828,1,0.0,0,3.6028187,1,0.0,0,1.5195469,1,2.4604826,1,1.5195469,1,0.0,0,0.0,0,2.4604826,1,2.096828,1,0.0,0
CATCGCTGTGGCAT-1,3,677,1.1207336,0.0,0,0.0,0,0.0,0,0.0,0,0.0,0,2.4158137,1,1.8081968,1,3.6026697,1,0.0,0,0.0,0,3.277039,1,0.0,0,1.8081968,1,0.0,0,2.7910619,1,0.0,0,0.0,0,0.0,0,0.0,0,0.0,0
CATCGGCTATGCTG-1,0,972,1.0853181,0.0,0,1.3906602,1,0.0,0,0.0,0,0.0,0,1.3906602,1,0.0,0,2.9499505,1,1.950898,1,0.0,0,2.3078218,1,1.950898,1,0.0,0,0.0,0,2.778043,1,0.0,0,0.0,0,2.3078218,1,0.0,0,0.0,0
CATCGGCTTTGGCA-1,0,791,2.2790883,0.0,0,0.0,0,0.0,0,0.0,0,0.0,0,1.609758,1,0.0,0,2.83359,1,0.0,0,0.0,0,3.4968956,1,1.609758,1,1.609758,1,1.609758,1,2.5653186,1,0.0,0,0.0,0,3.4968956,1,0.0,0,0.0,0
CATCTCCTATGTGC-1,3,827,2.6381283,0.0,0,1.7880193,1,0.0,0,1.7880193,1,0.0,0,1.7880193,1,0.0,0,3.7091918,1,0.0,0,0.0,0,3.4296424,1,0.0,0,0.0,0,0.0,0,3.4296424,1,0.0,0,0.0,0,0.0,0,0.0,0,0.0,0
CATCTCCTCGAACT-1,4,804,2.4219592,3.6557157,1,2.842295,1,1.8539562,1,3.7860117,1,2.465559,1,2.465559,1,1.8539562,1,6.1284566,1,2.842295,1,2.842295,1,5.7299266,1,3.1152968,1,1.8539562,1,4.262756,1,4.262756,1,1.8539562,1,0.0,0,4.7830706,1,0.0,0,4.5277004,1
CATGAGACACGGGA-1,3,395,3.7433155,0.0,0,0.0,0,0.0,0,0.0,0,0.0,0,0.0,0,0.0,0,3.3240917,1,0.0,0,0.0,0,0.0,0,0.0,0,0.0,0,0.0,0,3.3240917,1,0.0,0,0.0,0,0.0,0,0.0,0,0.0,0
CATGAGACGTTGAC-1,2,843,3.4659092,0.0,0,2.8939679,1,3.1677144,1,0.0,0,0.0,0,3.5590467,1,0.0,0,2.8939679,1,0.0,0,1.9003571,1,3.3824022,1,1.9003571,1,0.0,0,0.0,0,2.5158048,1,0.0,0,0.0,0,2.8939679,1,0.0,0,0.0,0
CATGAGACTCGCCT-1,0,493,0.43290043,0.0,0,0.0,0,0.0,0,2.9077759,1,0.0,0,2.2677875,1,0.0,0,3.7907598,1,0.0,0,0.0,0,3.573245,1,0.0,0,0.0,0,2.2677875,1,0.0,0,0.0,0,0.0,0,2.2677875,1,0.0,0,0.0,0
CATGCCACGGGTGA-1,0,741,3.7587774,0.0,0,0.0,0,0.0,0,1.6355405,1,0.0,0,1.6355405,1,0.0,0,3.398715,1,0.0,0,0.0,0,3.642576,1,0.0,0,1.6355405,1,0.0,0,2.595008,1,0.0,0,0.0,0,3.5280604,1,2.2261858,1,0.0,0
CATGCCACTGCCAA-1,0,941,2.54591,0.0,0,0.0,0,0.0,0,2.6042342,1,0.0,0,1.6435732,1,0.0,0,3.2597005,1,2.6042342,1,0.0,0,1.6435732,1,0.0,0,0.0,0,1.6435732,1,2.2350817,1,0.0,0,0.0,0,3.2597005,1,2.2350817,1,1.6435732,1
CATGCGCTAGTCAC-1,4,1659,2.3952098,3.9420469,1,4.0454645,1,3.0719447,1,3.5462391,1,4.0121665,1,3.5987878,1,2.9812567,1,5.3587165,1,3.7416537,1,2.5036912,1,5.9473467,1,2.9812567,1,3.4907753,1,3.2318454,1,3.3696675,1,2.1383035,1,2.7707157,1,4.6789937,1,2.3375938,1,3.8666372,1
CATGCGCTCAGATC-1,1,742,2.8210115,3.687114,1,2.7471774,1,0.0,0,3.4077451,1,3.4077451,1,0.0,0,0.0,0,5.1987658,1,3.232025,1,0.0,0,6.1591363,1,3.232025,1,2.7471774,1,3.232025,1,3.557154,1,0.0,0,1.7692037,1,4.588264,1,0.0,0,3.4077451,1
CATGCGCTTTGCAG-1,4,1517,1.7946577,4.0494766,1,4.0494766,1,3.3371875,1,3.6526897,1,3.408754,1,3.7053916,1,2.8736472,1,5.844899,1,3.8031304,1,3.085428,1,5.897859,1,3.7554548,1,3.085428,1,3.085428,1,3.6526897,1,2.2354546,1,2.7481537,1,5.0330544,1,2.2354546,1,3.5381415,1
CATGGCCTAGGGTG-1,1,559,2.5241277,2.7637272,1,0.0,0,0.0,0,0.0,0,3.64145,1,2.131728,1,2.7637272,1,5.7463174,1,3.4248385,1,2.7637272,1,6.150717,1,2.7637272,1,2.131728,1,3.1479495,1,2.7637272,1,0.0,0,0.0,0,3.4248385,1,2.131728,1,4.1015744,1
CATGGCCTGTGCAT-1,0,937,2.254315,0.0,0,0.0,0,0.0,0,0.0,0,0.0,0,0.0,0,0.0,0,2.0859437,1,1.5098591,1,0.0,0,3.4884398,1,0.0,0,1.5098591,1,0.0,0,3.0981336,1,0.0,0,0.0,0,2.0859437,1,0.0,0,0.0,0
CATGTACTATCGTG-1,2,740,1.9765288,1.971897,1,0.0,0,2.9731224,1,2.5929074,1,0.0,0,2.9731224,1,0.0,0,4.3203044,1,1.971897,1,0.0,0,3.7907598,1,1.971897,1,1.971897,1,0.0,0,3.2479362,1,0.0,0,0.0,0,3.4632785,1,0.0,0,0.0,0
CATGTTACAGTCGT-1,2,781,1.9195613,1.7182144,1,0.0,0,0.0,0,0.0,0,0.0,0,2.317388,1,0.0,0,3.4971728,1,0.0,0,0.0,0,2.960015,1,0.0,0,0.0,0,0.0,0,2.960015,1,0.0,0,0.0,0,2.317388,1,0.0,0,0.0,0
CATGTTACCTGAGT-1,0,819,1.770695,0.0,0,0.0,0,0.0,0,0.0,0,0.0,0,0.0,0,0.0,0,0.0,0,0.0,0,0.0,0,3.1417136,1,1.6916993,1,0.0,0,0.0,0,2.288222,1,0.0,0,0.0,0,3.1417136,1,1.6916993,1,0.0,0
CATGTTTGGGGATG-1,1,813,2.0975833,2.9569838,1,3.4940727,1,0.0,0,1.7155915,1,2.9569838,1,1.7155915,1,0.0,0,5.160655,1,3.7386138,1,0.0,0,6.094284,1,3.344972,1,1.7155915,1,2.6864786,1,3.8415928,1,0.0,0,2.3145065,1,4.4732294,1,1.7155915,1,4.9257956,1
CATTACACACGGAG-1,3,578,3.9864864,0.0,0,0.0,0,0.0,0,0.0,0,0.0,0,0.0,0,0.0,0,4.1240783,1,2.0485642,1,0.0,0,3.5491512,1,0.0,0,2.0485642,1,0.0,0,2.6750803,1,0.0,0,0.0,0,0.0,0,0.0,0,0.0,0
CATTACACCAACTG-1,2,1022,3.4745765,0.0,0,3.2754865,1,3.2754865,1,0.0,0,0.0,0,2.24975,1,0.0,0,2.6194408,1,1.656833,1,0.0,0,3.4242227,1,0.0,0,2.888744,1,0.0,0,2.6194408,1,0.0,0,0.0,0,3.7710772,1,0.0,0,0.0,0
CATTACACGGAGTG-1,0,1191,1.5112704,0.0,0,0.0,0,1.2710968,1,1.2710968,1,0.0,0,1.8131166,1,0.0,0,2.626392,1,0.0,0,1.2710968,1,3.5363657,1,0.0,0,1.2710968,1,0.0,0,1.2710968,1,0.0,0,0.0,0,0.0,0,0.0,0,0.0,0
CATTACACTACTCT-1,0,824,1.8852459,0.0,0,0.0,0,0.0,0,0.0,0,0.0,0,1.6292486,1,0.0,0,2.2192123,1,0.0,0,0.0,0,2.2192123,1,0.0,0,1.6292486,1,0.0,0,2.2192123,1,0.0,0,0.0,0,1.6292486,1,1.6292486,1,0.0,0
CATTAGCTCCACAA-1,1,1146,3.6888764,2.2598066,1,2.8993576,1,0.0,0,2.7279875,1,3.4801483,1,1.9052109,1,2.5210495,1,5.576547,1,3.1731794,1,2.7279875,1,5.669542,1,2.7279875,1,3.3879135,1,3.1731794,1,3.2862992,1,0.0,0,1.3507739,1,3.2862992,1,1.9052109,1,3.642452,1
CATTGACTAGCGGA-1,1,757,2.8198433,3.4770575,1,0.0,0,0.0,0,2.4384074,1,2.8143408,1,1.8289576,1,2.4384074,1,4.6591644,1,2.4384074,1,1.8289576,1,5.8907876,1,3.4770575,1,1.8289576,1,1.8289576,1,3.0869234,1,0.0,0,2.4384074,1,4.069049,1,0.0,0,4.154635,1
CATTGGGACTCGAA-1,0,638,3.1496062,0.0,0,0.0,0,2.0996513,1,2.0996513,1,0.0,0,2.729593,1,0.0,0,3.9346309,1,0.0,0,0.0,0,3.1130695,1,0.0,0,0.0,0,0.0,0,2.0996513,1,0.0,0,0.0,0,3.1130695,1,2.729593,1,0.0,0
CATTGTACAGCGTT-1,0,830,2.23914,0.0,0,0.0,0,0.0,0,0.0,0,2.299441,1,0.0,0,0.0,0,2.299441,1,2.299441,1,0.0,0,3.3288355,1,0.0,0,0.0,0,0.0,0,1.7018903,1,0.0,0,0.0,0,0.0,0,0.0,0,0.0,0
CATTGTACTCGATG-1,3,713,1.6155088,1.8544104,1,0.0,0,0.0,0,1.8544104,1,0.0,0,1.8544104,1,0.0,0,3.3300471,1,2.4660518,1,0.0,0,2.842802,1,0.0,0,0.0,0,0.0,0,3.3300471,1,0.0,0,0.0,0,2.4660518,1,0.0,0,0.0,0
CATTGTACTTATCC-1,0,609,2.9066172,0.0,0,0.0,0,0.0,0,0.0,0,0.0,0,4.2351108,1,0.0,0,4.037652,1,0.0,0,1.9724295,1,3.2485309,1,1.9724295,1,0.0,0,0.0,0,0.0,0,0.0,0,0.0,0,0.0,0,0.0,0,0.0,0
CATTGTACTTTGCT-1,4,1271,2.974774,3.6036294,1,3.1107907,1,2.3540711,1,3.83427,1,4.021559,1,3.3033257,1,2.9985628,1,5.874737,1,4.3771253,1,2.3540711,1,5.776356,1,3.2116847,1,3.3033257,1,3.884482,1,3.6664648,1,1.2184929,1,2.5580359,1,4.021559,1,2.097559,1,3.83427,1
CATTGTTGCTAGTG-1,0,680,1.4746544,0.0,0,1.7242467,1,0.0,0,0.0,0,0.0,0,2.3240128,1,0.0,0,2.966982,1,0.0,0,0.0,0,3.7489076,1,0.0,0,0.0,0,0.0,0,0.0,0,0.0,0,0.0,0,2.3240128,1,0.0,0,0.0,0
CATTTCGACTCTAT-1,2,769,2.9017856,0.0,0,0.0,0,0.0,0,1.8850361,1,0.0,0,0.0,0,0.0,0,3.8219395,1,1.8850361,1,0.0,0,3.8219395,1,0.0,0,0.0,0,0.0,0,3.5415258,1,0.0,0,0.0,0,3.5415258,1,0.0,0,1.8850361,1
CATTTCGAGATACC-1,2,1119,1.0914565,0.0,0,3.4378662,1,3.308915,1,0.0,0,0.0,0,3.1608384,1,0.0,0,2.1436036,1,2.5092075,1,0.0,0,2.5092075,1,1.5613102,1,2.1436036,1,2.1436036,1,2.1436036,1,0.0,0,0.0,0,3.8325624,1,0.0,0,1.5613102,1
CATTTGACCACACA-1,2,731,2.9028437,0.0,0,0.0,0,0.0,0,1.9365404,1,0.0,0,0.0,0,1.9365404,1,2.554855,1,2.554855,1,0.0,0,1.9365404,1,0.0,0,0.0,0,0.0,0,3.2083757,1,0.0,0,0.0,0,3.750516,1,0.0,0,0.0,0
CATTTGACCCTGAA-1,2,804,1.3880856,0.0,0,0.0,0,1.9150145,1,2.5316372,1,0.0,0,0.0,0,0.0,0,3.3990345,1,1.9150145,1,0.0,0,3.3990345,1,0.0,0,0.0,0,1.9150145,1,2.5316372,1,0.0,0,0.0,0,3.7259164,1,0.0,0,0.0,0
CATTTGTGACGACT-1,3,781,1.7100977,1.6243225,1,0.0,0,0.0,0,1.6243225,1,0.0,0,0.0,0,0.0,0,2.5821044,1,2.2137494,1,0.0,0,3.6289918,1,1.6243225,1,1.6243225,1,0.0,0,2.5821044,1,0.0,0,0.0,0,0.0,0,0.0,0,2.2137494,1
CATTTGTGCATTGG-1,0,916,2.3141124,0.0,0,0.0,0,0.0,0,1.567888,1,0.0,0,1.567888,1,0.0,0,3.75564,1,2.1509497,1,0.0,0,3.4459176,1,0.0,0,0.0,0,0.0,0,2.1509497,1,0.0,0,0.0,0,0.0,0,0.0,0,0.0,0
CATTTGTGCGGAGA-1,0,735,3.7643209,0.0,0,0.0,0,0.0,0,0.0,0,0.0,0,1.6282605,1,0.0,0,2.8553212,1,0.0,0,0.0,0,2.8553212,1,1.6282605,1,0.0,0,1.6282605,1,1.6282605,1,0.0,0,0.0,0,2.2181168,1,0.0,0,0.0,0
CATTTGTGGGATCT-1,3,835,1.6253555,0.0,0,0.0,0,0.0,0,0.0,0,0.0,0,1.6223621,1,0.0,0,3.3828733,1,1.6223621,1,0.0,0,3.907623,1,0.0,0,1.6223621,1,0.0,0,2.579847,1,0.0,0,0.0,0,0.0,0,0.0,0,1.6223621,1
CCAAAGTGCTACGA-1,1,1257,2.614759,2.5364447,1,2.915173,1,0.0,0,2.915173,1,2.5364447,1,1.9194688,1,1.9194688,1,4.813517,1,3.0615516,1,1.9194688,1,5.603985,1,2.743632,1,5.044453,1,3.3024082,1,3.189214,1,1.3631966,1,1.9194688,1,3.5808492,1,1.3631966,1,3.9209304,1
CCAAAGTGTGAGAA-1,1,472,2.0932446,4.0619674,1,3.385889,1,0.0,0,3.385889,1,3.385889,1,2.352779,1,0.0,0,5.919096,1,2.997206,1,2.352779,1,6.4884715,1,2.352779,1,3.385889,1,3.385889,1,2.997206,1,0.0,0,0.0,0,5.6237564,1,0.0,0,3.385889,1
CCAACCTGAAGTAG-1,2,879,0.74766356,0.0,0,0.0,0,1.7360849,1,0.0,0,0.0,0,1.7360849,1,0.0,0,2.3370023,1,0.0,0,0.0,0,3.9594007,1,0.0,0,0.0,0,0.0,0,2.3370023,1,0.0,0,0.0,0,2.9806352,1,1.7360849,1,0.0,0
CCAACCTGACGTAC-1,1,851,1.8404908,3.4566374,1,3.0053785,1,0.0,0,3.1794124,1,3.4566374,1,1.5766609,1,1.5766609,1,4.963086,1,5.4270954,1,1.5766609,1,6.237458,1,2.794539,1,3.327601,1,2.794539,1,3.0053785,1,1.5766609,1,1.5766609,1,4.574394,1,0.0,0,4.2498927,1
CCAACCTGTTCGCC-1,1,1023,1.8979466,1.9780439,1,0.0,0,1.4144673,1,2.3362987,1,0.0,0,2.3362987,1,0.0,0,4.443662,1,3.2547972,1,0.0,0,5.389075,1,2.979896,1,2.5995126,1,2.5995126,1,2.979896,1,0.0,0,1.4144673,1,3.562671,1,0.0,0,2.979896,1
CCAAGAACCCAATG-1,0,661,1.6647531,1.9091167,1,0.0,0,0.0,0,0.0,0,0.0,0,2.5252688,1,0.0,0,3.8496585,1,0.0,0,0.0,0,3.3923461,1,1.9091167,1,0.0,0,3.3923461,1,1.9091167,1,0.0,0,0.0,0,4.2480025,1,0.0,0,0.0,0
CCAAGAACGTAGCT-1,0,1008,1.2693498,0.0,0,1.4100049,1,0.0,0,2.330971,1,0.0,0,1.4100049,1,0.0,0,2.9742968,1,0.0,0,0.0,0,3.2491257,1,0.0,0,1.4100049,1,2.330971,1,1.9729624,1,0.0,0,0.0,0,3.3625875,1,1.4100049,1,0.0,0
CCAAGAACGTGTCA-1,0,748,1.285898,0.0,0,0.0,0,0.0,0,0.0,0,0.0,0,1.6665152,1,0.0,0,3.1121118,1,0.0,0,0.0,0,3.4357862,1,0.0,0,0.0,0,0.0,0,2.6305256,1,0.0,0,0.0,0,3.1121118,1,0.0,0,0.0,0
CCAAGAACTACTGG-1,2,845,2.320317,0.0,0,0.0,0,1.8969784,1,0.0,0,0.0,0,2.5121527,1,0.0,0,2.5121527,1,2.5121527,1,0.0,0,2.5121527,1,0.0,0,0.0,0,0.0,0,3.7052462,1,0.0,0,0.0,0,3.163908,1,0.0,0,0.0,0
CCAAGAACTCCTAT-1,3,393,0.71428573,2.5597956,1,0.0,0,0.0,0,0.0,0,0.0,0,0.0,0,0.0,0,3.605485,1,2.5597956,1,0.0,0,4.1053815,1,2.5597956,1,2.5597956,1,0.0,0,2.5597956,1,0.0,0,0.0,0,0.0,0,0.0,0,0.0,0
CCAAGATGTCATTC-1,0,675,0.9895227,0.0,0,1.9224532,1,0.0,0,0.0,0,0.0,0,1.9224532,1,0.0,0,3.5842485,1,0.0,0,0.0,0,3.407463,1,0.0,0,0.0,0,2.539665,1,1.9224532,1,0.0,0,0.0,0,1.9224532,1,0.0,0,0.0,0
CCAAGATGTTTCAC-1,0,843,1.9533111,0.0,0,0.0,0,0.0,0,2.3566625,1,0.0,0,2.3566625,1,0.0,0,3.6692543,1,0.0,0,0.0,0,3.2144322,1,1.7540283,1,0.0,0,0.0,0,2.3566625,1,0.0,0,0.0,0,3.5393586,1,0.0,0,0.0,0
CCAAGTGAGGAACG-1,0,876,2.461743,0.0,0,0.0,0,0.0,0,2.035434,1,0.0,0,2.035434,1,0.0,0,2.8701086,1,0.0,0,0.0,0,3.4323757,1,1.4650563,1,1.4650563,1,0.0,0,1.4650563,1,0.0,0,0.0,0,1.4650563,1,0.0,0,0.0,0
CCAAGTGATCAAGC-1,0,939,1.7330384,0.0,0,0.0,0,1.5451502,1,1.5451502,1,0.0,0,1.5451502,1,0.0,0,3.6346016,1,1.5451502,1,0.0,0,2.9675066,1,1.5451502,1,0.0,0,1.5451502,1,2.1255317,1,0.0,0,0.0,0,2.9675066,1,0.0,0,0.0,0
CCAATGGAACAGCT-1,1,653,5.344585,3.372427,1,2.0840929,1,0.0,0,0.0,0,3.5886858,1,0.0,0,0.0,0,5.048705,1,3.7663908,1,0.0,0,6.257208,1,3.0961156,1,3.5886858,1,2.0840929,1,3.372427,1,0.0,0,0.0,0,3.917231,1,0.0,0,3.372427,1
CCAATTTGAACGTC-1,1,932,1.0482965,3.1554458,1,1.556863,1,0.0,0,2.981612,1,3.1554458,1,2.504035,1,2.7710667,1,5.7541237,1,2.504035,1,3.3034894,1,5.7178736,1,2.981612,1,2.981612,1,2.1386337,1,3.6490767,1,0.0,0,2.504035,1,3.9054193,1,0.0,0,4.109277,1
CCACCATGAACGTC-1,0,760,1.9213176,1.7182144,1,2.317388,1,0.0,0,1.7182144,1,0.0,0,0.0,0,0.0,0,2.317388,1,0.0,0,0.0,0,3.172741,1,1.7182144,1,0.0,0,0.0,0,2.6894581,1,0.0,0,0.0,0,0.0,0,0.0,0,0.0,0
CCACCATGATCGGT-1,0,735,1.4817781,0.0,0,0.0,0,0.0,0,2.1993608,1,1.6113607,1,1.6113607,1,0.0,0,3.7159164,1,0.0,0,0.0,0,2.835475,1,0.0,0,0.0,0,0.0,0,2.5671675,1,0.0,0,0.0,0,1.6113607,1,0.0,0,0.0,0
CCACCATGGACGAG-1,4,1561,2.7394395,3.4109771,1,3.1787772,1,3.5403738,1,3.7076342,1,3.339405,1,3.262313,1,3.262313,1,5.5704837,1,3.7076342,1,2.4390755,1,5.75217,1,2.8758166,1,3.7076342,1,3.262313,1,3.7076342,1,0.0,0,1.9847825,1,4.3621054,1,1.9847825,1,4.014664,1
CCACCATGGGGAGT-1,0,752,1.1707317,0.0,0,1.772035,1,0.0,0,0.0,0,0.0,0,1.772035,1,0.0,0,3.4110446,1,2.750371,1,0.0,0,3.2353027,1,0.0,0,1.772035,1,0.0,0,1.772035,1,0.0,0,0.0,0,1.772035,1,1.772035,1,0.0,0
CCACCATGTCCTGC-1,2,940,1.7145505,0.0,0,0.0,0,1.7288055,1,0.0,0,0.0,0,2.7014794,1,1.7288055,1,2.3290167,1,1.7288055,1,0.0,0,3.7543228,1,0.0,0,0.0,0,2.3290167,1,2.3290167,1,0.0,0,0.0,0,2.7014794,1,0.0,0,0.0,0
CCACTGACCCGCTT-1,1,705,1.843318,3.0671833,1,1.8116157,1,0.0,0,1.8116157,1,3.6066465,1,0.0,0,0.0,0,5.275931,1,2.419537,1,0.0,0,6.2201767,1,3.0671833,1,3.2809727,1,3.6066465,1,3.6066465,1,0.0,0,0.0,0,4.4179397,1,1.8116157,1,3.4570093,1
CCACTGTGGGAAGC-1,1,405,4.272517,0.0,0,3.1830988,1,0.0,0,3.1830988,1,3.8552997,1,2.5305724,1,0.0,0,5.2858996,1,4.4058022,1,3.5746486,1,6.3613625,1,2.5305724,1,2.5305724,1,0.0,0,3.5746486,1,0.0,0,2.5305724,1,5.1614113,1,0.0,0,4.074201,1
CCACTGTGTGTAGC-1,0,690,2.6886382,0.0,0,0.0,0,0.0,0,0.0,0,1.674925,1,1.674925,1,0.0,0,2.9098246,1,0.0,0,0.0,0,3.6900177,1,0.0,0,0.0,0,1.674925,1,2.26973,1,0.0,0,0.0,0,3.296961,1,0.0,0,1.674925,1
CCACTTCTCGGGAA-1,1,1071,3.6353145,3.1817148,1,3.4887817,1,1.3573811,1,3.6511266,1,3.3965206,1,2.9077759,1,2.5292435,1,5.2547636,1,3.3965206,1,1.9127973,1,5.745207,1,2.7363145,1,2.9077759,1,3.1817148,1,3.4887817,1,0.0,0,1.9127973,1,4.022384,1,0.0,0,4.8057585,1
CCAGAAACCCTGTC-1,3,544,1.1666666,0.0,0,0.0,0,0.0,0,2.2335923,1,0.0,0,0.0,0,0.0,0,4.0831714,1,0.0,0,0.0,0,4.4347773,1,0.0,0,2.2335923,1,0.0,0,2.2335923,1,0.0,0,0.0,0,0.0,0,2.2335923,1,0.0,0
CCAGAAACGAACTC-1,0,927,1.3910356,0.0,0,0.0,0,0.0,0,1.5818586,1,0.0,0,2.1665335,1,1.5818586,1,2.800687,1,1.5818586,1,0.0,0,1.5818586,1,1.5818586,1,1.5818586,1,1.5818586,1,2.1665335,1,0.0,0,0.0,0,1.5818586,1,2.1665335,1,0.0,0
CCAGAAACGGTCTA-1,0,817,1.182372,0.0,0,0.0,0,0.0,0,0.0,0,0.0,0,2.1002803,1,0.0,0,3.3902657,1,0.0,0,0.0,0,2.9402802,1,0.0,0,1.522622,1,0.0,0,2.1002803,1,0.0,0,0.0,0,1.522622,1,0.0,0,0.0,0
CCAGACCTCTGAGT-1,1,388,2.3899372,0.0,0,2.6096623,1,0.0,0,2.6096623,1,0.0,0,0.0,0,3.2653363,1,5.1042953,1,3.2653363,1,0.0,0,6.1463184,1,2.6096623,1,0.0,0,2.6096623,1,4.15845,1,0.0,0,0.0,0,3.2653363,1,0.0,0,3.2653363,1
CCAGACCTTGTGGT-1,0,560,2.0547945,0.0,0,0.0,0,0.0,0,0.0,0,0.0,0,2.0610242,1,0.0,0,4.0223484,1,2.6883929,1,0.0,0,3.3469536,1,2.6883929,1,0.0,0,2.0610242,1,2.0610242,1,0.0,0,0.0,0,3.3469536,1,0.0,0,0.0,0
CCAGCACTGCGATT-1,4,1322,2.420538,3.751505,1,3.9104955,1,2.5825565,1,4.275823,1,3.692347,1,3.4904404,1,4.4328413,1,5.726108,1,3.629468,1,0.0,0,5.6936927,1,3.1361747,1,2.5825565,1,2.7522013,1,3.9104955,1,0.0,0,1.7736579,1,3.629468,1,1.7736579,1,3.8602557,1
CCAGCGGAAAGGCG-1,1,640,2.226463,3.4906301,1,1.9962397,1,0.0,0,3.8183553,1,0.0,0,0.0,0,0.0,0,5.114361,1,2.6190474,1,0.0,0,5.74526,1,1.9962397,1,3.6678586,1,1.9962397,1,4.064777,1,0.0,0,0.0,0,3.4906301,1,0.0,0,3.2750783,1
CCAGCGGACGACTA-1,1,886,2.0782397,2.2137494,1,1.6243225,1,0.0,0,3.236711,1,2.5821044,1,0.0,0,0.0,0,5.43459,1,3.236711,1,1.6243225,1,5.9923344,1,2.8507018,1,2.8507018,1,3.3852327,1,3.6289918,1,1.6243225,1,0.0,0,4.2524114,1,1.6243225,1,3.7316947,1
CCAGCGGATGGGAG-1,0,1075,1.1187073,0.0,0,0.0,0,0.0,0,1.9764355,1,0.0,0,0.0,0,0.0,0,3.3664808,1,0.0,0,0.0,0,3.2530024,1,0.0,0,0.0,0,0.0,0,0.0,0,0.0,0,0.0,0,3.9266315,1,0.0,0,0.0,0
CCAGCTACACAGTC-1,0,689,1.592719,1.9003571,1,0.0,0,0.0,0,1.9003571,1,0.0,0,0.0,0,0.0,0,3.1677144,1,0.0,0,0.0,0,3.5590467,1,1.9003571,1,0.0,0,0.0,0,3.3824022,1,0.0,0,0.0,0,1.9003571,1,1.9003571,1,0.0,0
CCAGCTACCAGCTA-1,3,524,1.9108281,0.0,0,0.0,0,0.0,0,0.0,0,0.0,0,2.954825,1,0.0,0,4.018095,1,0.0,0,0.0,0,0.0,0,0.0,0,2.3124545,1,0.0,0,2.954825,1,0.0,0,0.0,0,0.0,0,0.0,0,0.0,0
CCAGGTCTACACCA-1,3,606,2.9218407,0.0,0,0.0,0,0.0,0,2.1180959,1,0.0,0,0.0,0,0.0,0,3.409865,1,3.1331377,1,0.0,0,3.409865,1,0.0,0,0.0,0,0.0,0,3.409865,1,0.0,0,0.0,0,0.0,0,0.0,0,0.0,0
CCAGGTCTAGCATC-1,1,802,1.7174516,2.4925957,1,2.8701086,1,0.0,0,3.814862,1,3.1435163,1,1.8789018,1,1.8789018,1,5.301648,1,3.5345,1,1.8789018,1,5.741699,1,3.5345,1,3.1435163,1,3.930193,1,3.5345,1,2.4925957,1,0.0,0,4.0335875,1,0.0,0,3.6844742,1
CCAGGTCTATGGTC-1,0,868,1.860302,0.0,0,1.507118,1,0.0,0,2.7116978,1,0.0,0,0.0,0,0.0,0,3.0947728,1,0.0,0,0.0,0,3.0947728,1,0.0,0,2.4459155,1,1.507118,1,2.0828617,1,0.0,0,0.0,0,2.4459155,1,0.0,0,0.0,0
CCAGTCACACTGGT-1,1,939,3.691172,1.9676502,1,2.96844,1,0.0,0,1.9676502,1,2.7963428,1,0.0,0,1.9676502,1,4.0853295,1,2.5883422,1,0.0,0,5.318497,1,2.5883422,1,2.5883422,1,3.3566291,1,2.96844,1,0.0,0,0.0,0,4.273456,1,2.3253999,1,4.135782,1
CCAGTCACACTGTG-1,3,753,1.3053348,0.0,0,0.0,0,0.0,0,0.0,0,0.0,0,0.0,0,0.0,0,3.166081,1,1.8989072,1,0.0,0,2.5142376,1,0.0,0,0.0,0,0.0,0,1.8989072,1,0.0,0,0.0,0,0.0,0,0.0,0,0.0,0
CCAGTCACGTTGTG-1,0,770,1.16171,1.7310961,1,0.0,0,0.0,0,1.7310961,1,0.0,0,0.0,0,0.0,0,3.5123775,1,0.0,0,0.0,0,4.0388684,1,0.0,0,0.0,0,0.0,0,0.0,0,0.0,0,0.0,0,2.704077,1,0.0,0,1.7310961,1
CCAGTCTGCGGAGA-1,7,3422,1.7924767,0.4899234,1,0.4899234,1,0.4899234,1,2.613287,1,0.0,0,0.4899234,1,0.0,0,3.5771239,1,0.81730205,1,0.0,0,3.4246855,1,1.2609478,1,0.4899234,1,0.4899234,1,3.2690992,1,0.0,0,0.0,0,1.5671872,1,0.0,0,0.0,0
CCAGTGCTAACCAC-1,0,1105,1.5,0.0,0,1.3716989,1,0.0,0,2.546955,1,1.3716989,1,2.2850447,1,0.0,0,3.5074313,1,1.3716989,1,0.0,0,2.546955,1,0.0,0,0.0,0,1.9292121,1,2.7543108,1,0.0,0,0.0,0,3.5074313,1,0.0,0,0.0,0
CCAGTGCTCGTAGT-1,0,841,2.1467605,1.5898882,1,0.0,0,0.0,0,1.5898882,1,0.0,0,2.175479,1,0.0,0,3.4727614,1,1.5898882,1,0.0,0,3.8678288,1,1.5898882,1,1.5898882,1,0.0,0,3.0212054,1,0.0,0,0.0,0,3.3436532,1,0.0,0,1.5898882,1
CCATCCGAAAGCAA-1,0,786,3.663004,0.0,0,0.0,0,0.0,0,1.6236684,1,1.6236684,1,1.6236684,1,1.6236684,1,3.2359283,1,0.0,0,0.0,0,3.3844454,1,3.0614407,1,0.0,0,1.6236684,1,2.213024,1,0.0,0,0.0,0,2.5813513,1,0.0,0,2.213024,1
CCATCCGAACGACT-1,0,445,2.580645,0.0,0,0.0,0,0.0,0,0.0,0,0.0,0,0.0,0,0.0,0,3.1147823,1,0.0,0,0.0,0,4.004079,1,0.0,0,0.0,0,0.0,0,0.0,0,0.0,0,0.0,0,0.0,0,0.0,0,0.0,0
CCATCCGAAGGTTC-1,3,703,1.2735326,0.0,0,0.0,0,0.0,0,0.0,0,0.0,0,0.0,0,0.0,0,3.3563914,1,1.8774934,1,0.0,0,3.6828537,1,0.0,0,1.8774934,1,0.0,0,2.8685405,1,0.0,0,0.0,0,0.0,0,0.0,0,0.0,0
CCATCCGATTCGCC-1,1,593,3.1202435,0.0,0,3.4481254,1,0.0,0,0.0,0,2.7862883,1,2.1529648,1,2.1529648,1,6.425579,1,2.7862883,1,0.0,0,6.0022774,1,2.1529648,1,3.4481254,1,3.8429322,1,3.9940166,1,0.0,0,0.0,0,4.439279,1,0.0,0,3.6648877,1
CCATCGTGAACGGG-1,0,875,1.6764839,0.0,0,0.0,0,0.0,0,0.0,0,1.7107468,1,0.0,0,0.0,0,3.8358095,1,0.0,0,0.0,0,4.0145273,1,1.7107468,1,0.0,0,2.9513814,1,2.3091817,1,0.0,0,0.0,0,3.4883423,1,0.0,0,0.0,0
CCATCGTGCTAGAC-1,4,901,2.188355,4.020139,1,3.3447835,1,2.8112748,1,3.1964936,1,3.0223198,1,3.6908216,1,3.58823,1,6.270137,1,3.3447835,1,2.5434372,1,5.9403143,1,3.0223198,1,2.5434372,1,3.783861,1,4.087935,1,1.590821,1,2.5434372,1,3.9474113,1,2.8112748,1,5.427814,1
CCCAACACCTCGCT-1,3,927,1.6399162,1.5024849,1,0.0,0,0.0,0,2.4404774,1,0.0,0,2.0776498,1,0.0,0,2.4404774,1,1.5024849,1,0.0,0,3.3653185,1,0.0,0,0.0,0,1.5024849,1,2.4404774,1,0.0,0,1.5024849,1,1.5024849,1,0.0,0,0.0,0
CCCAACACGCATCA-1,0,798,1.4084507,0.0,0,1.7129786,1,0.0,0,0.0,0,0.0,0,0.0,0,0.0,0,3.9318256,1,0.0,0,0.0,0,3.4909828,1,0.0,0,1.7129786,1,0.0,0,0.0,0,0.0,0,0.0,0,1.7129786,1,0.0,0,0.0,0
CCCAACACTTTGTC-1,1,1221,2.0627542,0.0,0,3.0612745,1,0.0,0,2.74336,1,3.4960845,1,2.274542,1,0.0,0,5.3208003,1,2.274542,1,1.3629802,1,5.7150965,1,3.730729,1,4.21774,1,3.730729,1,4.0801854,1,0.0,0,2.536177,1,4.603829,1,3.0612745,1,4.2999425,1
CCCAACTGCAATCG-1,1,415,1.6412661,3.58823,1,3.1964936,1,0.0,0,3.58823,1,3.58823,1,2.5434372,1,3.1964936,1,4.867201,1,3.1964936,1,0.0,0,6.3551407,1,3.1964936,1,3.58823,1,3.1964936,1,3.868976,1,0.0,0,0.0,0,4.087935,1,2.5434372,1,4.419603,1
CCCAGACTGCCTTC-1,1,1381,1.9550138,2.443864,1,3.4160495,1,0.0,0,3.604393,1,3.3444645,1,1.6500007,1,2.443864,1,5.2919383,1,3.4828503,1,2.2421944,1,5.858446,1,3.604393,1,3.604393,1,3.604393,1,3.8995519,1,0.0,0,2.9922976,1,4.665085,1,2.8807666,1,4.1605186,1
CCCAGACTGGTTTG-1,3,949,1.5240328,0.0,0,0.0,0,0.0,0,1.5917552,1,0.0,0,0.0,0,0.0,0,4.0212913,1,2.8123772,1,1.5917552,1,3.8701246,1,0.0,0,2.8123772,1,0.0,0,0.0,0,0.0,0,0.0,0,0.0,0,0.0,0,0.0,0
CCCAGACTTTCGCC-1,4,1322,2.6065278,3.677534,1,3.9296,1,2.5126731,1,4.093626,1,3.9296,1,3.7332869,1,2.681394,1,5.408168,1,3.3397079,1,2.681394,1,5.8585224,1,2.8257155,1,3.41702,1,2.681394,1,3.8840153,1,1.7111182,1,2.3095899,1,4.1307487,1,2.0544724,1,3.7332869,1
CCCAGTTGCAGTTG-1,1,1169,1.8735362,2.921246,1,2.921246,1,0.0,0,3.3085923,1,3.6650019,1,2.921246,1,2.74964,1,5.6315813,1,4.086783,1,2.2805645,1,5.9892783,1,3.6650019,1,3.8678288,1,3.1953697,1,3.0676718,1,0.0,0,2.921246,1,3.927223,1,1.9249493,1,3.9832864,1
CCCAGTTGGGTACT-1,0,745,2.561184,0.0,0,1.9013252,1,0.0,0,0.0,0,0.0,0,2.5168512,1,0.0,0,3.8407006,1,0.0,0,0.0,0,2.8950431,1,0.0,0,0.0,0,1.9013252,1,2.5168512,1,0.0,0,0.0,0,3.9560943,1,0.0,0,0.0,0
CCCAGTTGTCTATC-1,3,727,1.6623375,0.0,0,0.0,0,0.0,0,0.0,0,0.0,0,3.2953749,1,0.0,0,4.1489916,1,0.0,0,0.0,0,3.866556,1,2.8089519,1,1.8241469,1,1.8241469,1,3.2953749,1,0.0,0,0.0,0,0.0,0,0.0,0,0.0,0
CCCGATTGTGTTTC-1,0,799,3.2116146,0.0,0,0.0,0,0.0,0,2.283065,1,0.0,0,2.6539488,1,0.0,0,3.3112755,1,1.6870185,1,0.0,0,3.1362214,1,3.1362214,1,0.0,0,2.283065,1,3.1362214,1,0.0,0,0.0,0,2.283065,1,1.6870185,1,0.0,0
CCCGGAGAAGGGTG-1,1,490,1.6683023,2.3807993,1,2.3807993,1,0.0,0,3.9133763,1,2.3807993,1,0.0,0,0.0,0,5.122953,1,2.3807993,1,0.0,0,6.3963065,1,2.3807993,1,2.3807993,1,0.0,0,3.6952138,1,0.0,0,3.0266051,1,4.375862,1,0.0,0,4.4922466,1
CCCTACGAATTGGC-1,1,767,1.3404826,1.8503319,1,2.461626,1,0.0,0,3.3253832,1,3.8970592,1,1.8503319,1,1.8503319,1,5.7600174,1,3.1111891,1,2.461626,1,5.93048,1,2.838247,1,3.3253832,1,3.3253832,1,3.7818105,1,0.0,0,2.461626,1,4.094032,1,0.0,0,4.2585177,1
CCCTAGTGCAAAGA-1,0,943,2.1241832,0.0,0,0.0,0,0.0,0,2.2159302,1,0.0,0,0.0,0,0.0,0,3.2390628,1,0.0,0,0.0,0,3.3875976,1,2.5843675,1,1.6262885,1,0.0,0,2.2159302,1,0.0,0,0.0,0,2.5843675,1,0.0,0,0.0,0
CCCTCAGACACTTT-1,3,808,1.7391304,0.0,0,1.7631744,1,0.0,0,0.0,0,0.0,0,1.7631744,1,0.0,0,3.0117862,1,0.0,0,0.0,0,3.680024,1,1.7631744,1,1.7631744,1,0.0,0,2.3666706,1,0.0,0,0.0,0,2.7403724,1,1.7631744,1,1.7631744,1
CCCTCAGACGAGAG-1,0,926,1.7429938,0.0,0,0.0,0,0.0,0,1.4858689,1,0.0,0,1.4858689,1,0.0,0,3.6534295,1,1.4858689,1,0.0,0,2.4209378,1,0.0,0,1.4858689,1,0.0,0,0.0,0,0.0,0,0.0,0,1.4858689,1,1.4858689,1,0.0,0
CCCTCAGAGGTCAT-1,0,664,1.6304348,0.0,0,0.0,0,0.0,0,0.0,0,0.0,0,1.7834744,1,0.0,0,2.7632632,1,0.0,0,0.0,0,1.7834744,1,0.0,0,0.0,0,0.0,0,3.2485306,1,0.0,0,0.0,0,2.3888535,1,0.0,0,0.0,0
CCCTGAACTAAAGG-1,3,569,1.9569471,0.0,0,0.0,0,0.0,0,2.0196846,1,0.0,0,2.0196846,1,2.0196846,1,3.0256717,1,0.0,0,0.0,0,3.9757032,1,2.0196846,1,2.0196846,1,0.0,0,3.0256717,1,0.0,0,0.0,0,2.0196846,1,0.0,0,0.0,0
CCCTGATGCAACCA-1,0,843,1.7501715,0.0,0,0.0,0,1.4887853,1,2.0622213,1,1.4887853,1,0.0,0,0.0,0,2.6896715,1,0.0,0,0.0,0,3.7419584,1,1.4887853,1,1.4887853,1,1.4887853,1,2.4243715,1,0.0,0,0.0,0,2.0622213,1,0.0,0,0.0,0
CCCTGATGCAAGCT-1,3,727,1.8959913,0.0,0,0.0,0,1.8589691,1,0.0,0,0.0,0,1.8589691,1,0.0,0,3.7918184,1,1.8589691,1,0.0,0,3.3352566,1,1.8589691,1,1.8589691,1,0.0,0,1.8589691,1,0.0,0,0.0,0,1.8589691,1,0.0,0,0.0,0
CCCTTACTAACCAC-1,1,1222,2.52738,2.2438254,1,2.2438254,1,0.0,0,3.2691128,1,3.5472393,1,3.0286083,1,2.882489,1,4.825351,1,2.7113042,1,1.337571,1,5.558755,1,2.5046368,1,3.9430566,1,2.882489,1,2.882489,1,0.0,0,0.0,0,3.1560736,1,0.0,0,3.7646053,1
CCCTTACTGCAGTT-1,2,457,1.8499486,0.0,0,0.0,0,0.0,0,0.0,0,0.0,0,0.0,0,0.0,0,3.0706072,1,0.0,0,0.0,0,2.422809,1,0.0,0,0.0,0,0.0,0,2.422809,1,0.0,0,0.0,0,3.4604871,1,0.0,0,0.0,0
CCGAAAACCTTGTT-1,1,1515,2.5646007,4.437846,1,3.4689867,1,1.5867883,1,3.8640149,1,3.8640149,1,2.9175606,1,3.0175,1,5.0655336,1,3.4065228,1,3.0175,1,6.078694,1,3.4065228,1,3.0175,1,3.1083524,1,3.8640149,1,0.0,0,2.1720264,1,4.2061305,1,2.5387692,1,4.3907943,1
CCGACACTGGTTTG-1,0,1138,1.6837041,1.948314,1,0.0,0,0.0,0,1.948314,1,0.0,0,2.305109,1,0.0,0,3.4367008,1,0.0,0,0.0,0,2.7752175,1,1.388398,1,1.948314,1,1.948314,1,2.5675378,1,0.0,0,0.0,0,1.388398,1,0.0,0,1.388398,1
CCGACTACCCAGTA-1,1,1174,2.1343377,2.6079137,1,3.263521,1,0.0,0,2.81621,1,2.81621,1,2.3444977,1,1.4213424,1,5.0433683,1,3.8066065,1,1.9858662,1,5.439884,1,2.6079137,1,3.3770447,1,1.4213424,1,3.656153,1,0.0,0,2.3444977,1,4.3363004,1,1.4213424,1,4.1565924,1
CCGACTACCGTGTA-1,0,525,1.923077,0.0,0,0.0,0,0.0,0,2.0634203,1,0.0,0,0.0,0,0.0,0,3.5657017,1,0.0,0,0.0,0,2.6909518,1,0.0,0,0.0,0,0.0,0,2.0634203,1,0.0,0,0.0,0,0.0,0,0.0,0,0.0,0
CCGACTACTGAGGG-1,0,878,1.7284992,0.0,0,0.0,0,0.0,0,2.6143422,1,1.6523842,1,1.6523842,1,1.6523842,1,2.8835506,1,0.0,0,0.0,0,2.8835506,1,0.0,0,1.6523842,1,0.0,0,2.6143422,1,0.0,0,0.0,0,2.6143422,1,0.0,0,0.0,0
CCGATAGACCTAAG-1,0,525,2.5030525,0.0,0,0.0,0,0.0,0,0.0,0,0.0,0,1.9618496,1,0.0,0,2.9620414,1,0.0,0,0.0,0,1.9618496,1,0.0,0,1.9618496,1,0.0,0,0.0,0,0.0,0,0.0,0,0.0,0,0.0,0,0.0,0
CCGATAGAGTTGGT-1,1,999,2.0622041,3.8055198,1,3.5498078,1,1.4772,1,3.333821,1,3.6425028,1,3.333821,1,2.8849857,1,5.498838,1,3.7273295,1,2.049153,1,5.8261957,1,2.4107206,1,2.8849857,1,3.5498078,1,3.333821,1,2.049153,1,0.0,0,4.1247435,1,2.049153,1,4.177959,1
CCGCGAGACACACA-1,1,778,3.4139402,3.383135,1,2.7233655,1,0.0,0,2.9944983,1,2.3502,1,0.0,0,0.0,0,5.2755456,1,2.9944983,1,2.3502,1,5.5497255,1,2.9944983,1,1.7481267,1,3.5324254,1,4.1378803,1,0.0,0,0.0,0,4.1378803,1,1.7481267,1,4.512318,1
CCGCGAGAGGTTCA-1,2,772,1.9847327,0.0,0,0.0,0,0.0,0,0.0,0,0.0,0,0.0,0,0.0,0,3.0613437,1,1.8064935,1,0.0,0,3.275078,1,0.0,0,1.8064935,1,2.413958,1,2.413958,1,0.0,0,0.0,0,3.9491374,1,0.0,0,0.0,0
CCGCTATGGGACGA-1,3,819,2.5,0.0,0,0.0,0,1.7930106,1,0.0,0,0.0,0,1.7930106,1,0.0,0,3.5849783,1,0.0,0,0.0,0,3.7150366,1,0.0,0,0.0,0,0.0,0,3.5849783,1,0.0,0,0.0,0,0.0,0,0.0,0,0.0,0
CCGCTATGTGCAAC-1,1,1015,2.4177566,1.6021183,1,2.8245964,1,1.6021183,1,3.4876285,1,3.0358026,1,0.0,0,3.0358026,1,5.2740927,1,2.556499,1,2.556499,1,5.4069834,1,3.0358026,1,3.9613075,1,2.1890883,1,4.1018667,1,0.0,0,2.556499,1,3.8828502,1,1.6021183,1,3.7046385,1
CCGCTATGTGCACA-1,1,939,2.1723895,3.2397358,1,2.9188118,1,0.0,0,4.1599665,1,2.443352,1,0.0,0,1.5049336,1,4.845279,1,0.0,0,1.5049336,1,5.7344384,1,3.584589,1,3.584589,1,2.7090776,1,2.9188118,1,0.0,0,1.5049336,1,3.9131017,1,2.443352,1,3.9131017,1
CCGGTACTGTCCTC-1,0,856,2.4038463,0.0,0,0.0,0,0.0,0,1.6110399,1,0.0,0,1.6110399,1,0.0,0,2.5667975,1,0.0,0,0.0,0,3.498449,1,0.0,0,1.6110399,1,1.6110399,1,2.8350978,1,0.0,0,0.0,0,3.3692288,1,0.0,0,2.5667975,1
CCGTACACAAGCAA-1,0,715,1.5472779,0.0,0,0.0,0,0.0,0,1.9071611,1,0.0,0,2.5231566,1,0.0,0,2.9015224,1,0.0,0,1.9071611,1,2.9015224,1,0.0,0,0.0,0,1.9071611,1,0.0,0,0.0,0,0.0,0,2.5231566,1,0.0,0,0.0,0
CCGTACACAGCGTT-1,3,793,1.2954658,0.0,0,0.0,0,0.0,0,2.7693136,1,0.0,0,0.0,0,0.0,0,4.1074376,1,0.0,0,1.7888488,1,3.7101636,1,0.0,0,0.0,0,0.0,0,2.3947196,1,0.0,0,0.0,0,1.7888488,1,0.0,0,0.0,0
CCGTACACGTCATG-1,2,837,2.938343,0.0,0,0.0,0,0.0,0,0.0,0,0.0,0,1.760777,1,0.0,0,2.7376652,1,0.0,0,1.760777,1,3.2222612,1,0.0,0,1.760777,1,0.0,0,3.2222612,1,0.0,0,0.0,0,3.5472782,1,0.0,0,0.0,0
CCGTACACGTTGGT-1,1,1193,2.1838036,2.954825,1,2.7828672,1,0.0,0,1.9553117,1,3.1015067,1,1.9553117,1,0.0,0,3.6215832,1,2.7828672,1,2.5750704,1,5.1926823,1,2.7828672,1,3.1015067,1,3.1015067,1,3.1015067,1,0.0,0,1.3945255,1,3.961994,1,1.9553117,1,3.5369997,1
CCGTACACTAACGC-1,2,764,3.9177277,2.3794644,1,0.0,0,0.0,0,0.0,0,0.0,0,1.7748775,1,0.0,0,3.9119349,1,2.3794644,1,0.0,0,3.6937792,1,2.3794644,1,2.3794644,1,0.0,0,2.3794644,1,0.0,0,1.7748775,1,3.6937792,1,0.0,0,0.0,0
CCTAAACTTTCGTT-1,0,834,0.93497664,0.0,0,0.0,0,0.0,0,1.6588962,1,0.0,0,2.2520304,1,0.0,0,2.2520304,1,0.0,0,0.0,0,4.103455,1,0.0,0,0.0,0,0.0,0,2.6218042,1,0.0,0,0.0,0,1.6588962,1,0.0,0,0.0,0
CCTAAGGACCCAAA-1,0,677,1.7509726,0.0,0,0.0,0,0.0,0,0.0,0,0.0,0,2.7480886,1,0.0,0,3.0196285,1,0.0,0,0.0,0,3.5580997,1,0.0,0,0.0,0,0.0,0,3.0196285,1,0.0,0,0.0,0,2.3741465,1,0.0,0,0.0,0
CCTAAGGACTAGCA-1,1,625,3.6939316,3.0356767,1,2.6539488,1,2.0288086,1,3.0356767,1,2.6539488,1,0.0,0,0.0,0,5.0298853,1,2.0288086,1,2.0288086,1,6.15264,1,2.0288086,1,3.0356767,1,2.0288086,1,5.1127434,1,0.0,0,0.0,0,4.2054415,1,3.0356767,1,4.4643583,1
CCTAAGGAGGGCAA-1,0,420,2.5125628,0.0,0,0.0,0,0.0,0,0.0,0,0.0,0,2.6073318,1,0.0,0,2.6073318,1,0.0,0,0.0,0,3.9367402,1,0.0,0,0.0,0,0.0,0,0.0,0,0.0,0,0.0,0,3.655541,1,0.0,0,0.0,0
CCTAAGGATGATGC-1,0,837,1.2698413,1.60402,1,0.0,0,0.0,0,1.60402,1,0.0,0,2.8268363,1,0.0,0,2.8268363,1,0.0,0,0.0,0,2.1912029,1,0.0,0,0.0,0,0.0,0,0.0,0,0.0,0,0.0,0,2.5586953,1,1.60402,1,1.60402,1
CCTAAGGATGTCAG-1,0,874,1.7349062,0.0,0,0.0,0,0.0,0,1.4973465,1,0.0,0,0.0,0,1.4973465,1,2.9095786,1,0.0,0,0.0,0,3.5750983,1,0.0,0,0.0,0,0.0,0,1.4973465,1,0.0,0,0.0,0,0.0,0,1.4973465,1,0.0,0
CCTACCGACTCTTA-1,0,679,1.5847859,0.0,0,0.0,0,0.0,0,0.0,0,0.0,0,2.448004,1,0.0,0,3.0969558,1,0.0,0,0.0,0,3.0969558,1,0.0,0,0.0,0,0.0,0,2.448004,1,0.0,0,0.0,0,0.0,0,0.0,0,1.8377872,1
CCTACCGAGGGATG-1,3,811,1.6638225,0.0,0,0.0,0,1.661657,1,2.894371,1,0.0,0,2.255081,1,0.0,0,3.1063862,1,0.0,0,0.0,0,4.033965,1,1.661657,1,0.0,0,0.0,0,1.661657,1,0.0,0,0.0,0,0.0,0,0.0,0,0.0,0
CCTAGAGAGGTGAG-1,3,546,1.4409221,0.0,0,0.0,0,0.0,0,0.0,0,0.0,0,2.73564,1,0.0,0,3.790055,1,0.0,0,0.0,0,4.0720725,1,0.0,0,2.1053293,1,0.0,0,2.1053293,1,0.0,0,0.0,0,0.0,0,0.0,0,0.0,0
CCTATAACCAAAGA-1,0,787,2.3419204,0.0,0,0.0,0,0.0,0,0.0,0,2.176171,1,0.0,0,0.0,0,3.021948,1,1.5905099,1,0.0,0,2.5430772,1,0.0,0,0.0,0,0.0,0,1.5905099,1,0.0,0,0.0,0,1.5905099,1,0.0,0,0.0,0
CCTATAACGAGACG-1,4,587,2.3904383,3.9918716,1,2.6594925,1,2.033989,1,4.1076007,1,3.8609746,1,2.033989,1,3.3170211,1,6.3144445,1,3.7103257,1,2.033989,1,6.1725464,1,3.7103257,1,3.8609746,1,2.033989,1,3.7103257,1,0.0,0,2.033989,1,3.8609746,1,2.033989,1,3.8609746,1
CCTATAACTCAGAC-1,0,821,1.2392039,1.5598245,1,0.0,0,0.0,0,2.1419435,1,0.0,0,0.0,0,0.0,0,1.5598245,1,0.0,0,0.0,0,1.5598245,1,1.5598245,1,0.0,0,0.0,0,2.5074797,1,0.0,0,0.0,0,2.1419435,1,0.0,0,0.0,0
CCTATAACTGCATG-1,4,669,2.0918071,4.0793285,1,3.4029584,1,1.9184766,1,4.2588263,1,3.7298782,1,3.4029584,1,1.9184766,1,5.9367113,1,4.173099,1,3.1880991,1,7.1357546,1,3.5797188,1,3.4029584,1,2.9140735,1,3.8604054,1,0.0,0,2.5353742,1,4.602966,1,0.0,0,3.9758458,1
CCTCGAACACTTTC-1,2,813,1.946472,0.0,0,1.9576588,1,1.9576588,1,0.0,0,0.0,0,0.0,0,0.0,0,3.4472418,1,0.0,0,0.0,0,3.4472418,1,1.9576588,1,1.9576588,1,0.0,0,1.9576588,1,0.0,0,0.0,0,3.6242435,1,1.9576588,1,0.0,0
CCTCGAACCCGTAA-1,1,780,2.1844661,3.6847448,1,3.4053957,1,2.744903,1,3.5547931,1,3.4053957,1,4.1605506,1,3.0163913,1,6.2262487,1,3.229691,1,1.7671883,1,6.4866786,1,3.0163913,1,3.0163913,1,3.6847448,1,4.1605506,1,1.7671883,1,0.0,0,4.3015695,1,2.3710601,1,4.1605506,1
CCTCGAACGTATCG-1,0,649,2.594194,0.0,0,0.0,0,0.0,0,1.971897,1,0.0,0,0.0,0,0.0,0,3.2479362,1,0.0,0,1.971897,1,3.2479362,1,0.0,0,1.971897,1,1.971897,1,2.5929074,1,0.0,0,0.0,0,3.6403651,1,1.971897,1,0.0,0
CCTCGAACTTACTC-1,0,924,1.9786432,1.421104,1,1.421104,1,0.0,0,0.0,0,1.421104,1,2.3442135,1,0.0,0,3.7339,1,0.0,0,1.421104,1,3.2632189,1,1.421104,1,1.421104,1,1.421104,1,1.9855951,1,0.0,0,0.0,0,3.7339,1,1.9855951,1,0.0,0
CCTCTACTCTTCGC-1,1,1322,2.2625449,2.6700618,1,2.2986348,1,0.0,0,3.4769852,1,3.0521736,1,0.0,0,1.1756177,1,4.8037567,1,3.1527972,1,1.7011575,1,5.4358797,1,2.8142707,1,2.5014946,1,3.0521736,1,3.721409,1,1.1756177,1,1.1756177,1,4.316484,1,0.0,0,4.2225075,1
CCTCTACTGGCATT-1,0,701,1.5165441,0.0,0,0.0,0,0.0,0,0.0,0,2.3223517,1,2.3223517,1,0.0,0,2.3223517,1,0.0,0,0.0,0,3.353368,1,0.0,0,1.7227337,1,0.0,0,1.7227337,1,0.0,0,0.0,0,1.7227337,1,0.0,0,1.7227337,1
CCTGACTGAAGTAG-1,2,792,3.2424812,0.0,0,0.0,0,0.0,0,0.0,0,1.7407218,1,0.0,0,0.0,0,2.7149844,1,0.0,0,0.0,0,3.523716,1,0.0,0,0.0,0,1.7407218,1,0.0,0,0.0,0,0.0,0,2.7149844,1,0.0,0,0.0,0
CCTGACTGGGGAGT-1,0,817,1.3763272,0.0,0,0.0,0,0.0,0,1.5961318,1,0.0,0,2.182429,1,0.0,0,2.5495803,1,0.0,0,0.0,0,3.202887,1,1.5961318,1,0.0,0,1.5961318,1,1.5961318,1,0.0,0,0.0,0,0.0,0,0.0,0,0.0,0
CCTGACTGTGTCTT-1,3,667,3.8912911,0.0,0,0.0,0,0.0,0,0.0,0,1.9713649,1,1.9713649,1,0.0,0,3.7901556,1,1.9713649,1,0.0,0,3.639763,1,2.5923355,1,2.9725358,1,0.0,0,1.9713649,1,0.0,0,0.0,0,1.9713649,1,0.0,0,0.0,0
CCTGCAACACGTTG-1,1,804,2.2900765,3.2144322,1,1.7540283,1,0.0,0,2.3566625,1,1.7540283,1,0.0,0,0.0,0,5.036242,1,3.2144322,1,1.7540283,1,5.352922,1,2.7300396,1,2.7300396,1,3.0012832,1,3.6692543,1,1.7540283,1,2.3566625,1,4.285894,1,0.0,0,2.7300396,1
CCTGGACTCGTGAT-1,0,593,1.4032496,0.0,0,0.0,0,0.0,0,0.0,0,0.0,0,0.0,0,0.0,0,3.4198205,1,0.0,0,0.0,0,2.1271577,1,0.0,0,2.1271577,1,3.1429856,1,3.1429856,1,0.0,0,0.0,0,3.8143196,1,0.0,0,2.1271577,1
CCTTAATGCCCAAA-1,3,740,1.9967619,0.0,0,0.0,0,0.0,0,1.8562305,1,1.8562305,1,1.8562305,1,0.0,0,3.6583424,1,0.0,0,0.0,0,3.9039125,1,0.0,0,0.0,0,0.0,0,2.844834,1,0.0,0,0.0,0,0.0,0,0.0,0,0.0,0
CCTTAATGTTCTAC-1,4,1243,3.781951,3.6924744,1,4.021804,1,1.8276424,1,3.7554548,1,3.085428,1,3.5531983,1,2.1780202,1,5.1394634,1,2.9584055,1,2.6424813,1,5.8819723,1,3.1981192,1,2.8128679,1,3.2993875,1,3.7554548,1,2.4369774,1,1.8276424,1,3.9739094,1,3.5531983,1,3.6924744,1
CCTTCACTACGACT-1,0,859,1.3837638,0.0,0,0.0,0,0.0,0,0.0,0,0.0,0,1.7250044,1,1.7250044,1,3.3560352,1,0.0,0,1.7250044,1,3.7498078,1,1.7250044,1,0.0,0,1.7250044,1,2.3248446,1,0.0,0,0.0,0,2.3248446,1,0.0,0,0.0,0
CCTTCACTCAGTCA-1,3,685,2.8169014,0.0,0,0.0,0,0.0,0,0.0,0,0.0,0,0.0,0,0.0,0,2.0859437,1,0.0,0,0.0,0,2.0859437,1,0.0,0,0.0,0,0.0,0,2.7149842,1,0.0,0,0.0,0,0.0,0,0.0,0,0.0,0
CCTTCACTGGAGTG-1,1,596,2.051901,3.6171656,1,2.5708776,1,0.0,0,3.2250404,1,0.0,0,0.0,0,0.0,0,4.9408484,1,2.9505227,1,1.951416,1,5.9903407,1,2.5708776,1,3.2250404,1,0.0,0,3.8981102,1,0.0,0,0.0,0,4.51721,1,0.0,0,2.5708776,1
CCTTTAGATTCATC-1,1,1193,2.1956089,2.5186853,1,3.170716,1,0.0,0,3.170716,1,2.896928,1,2.2575042,1,0.0,0,4.613707,1,3.2838244,1,1.9030226,1,5.329917,1,2.2575042,1,3.2838244,1,1.3488694,1,3.562091,1,1.9030226,1,0.0,0,3.562091,1,0.0,0,3.6399484,1
CGAACATGCCCTAC-1,1,859,2.4978466,3.2907152,1,3.4395335,1,2.263916,1,3.4395335,1,3.1158116,1,3.2907152,1,2.634119,1,5.712822,1,3.2907152,1,0.0,0,5.8705626,1,3.4395335,1,1.6696569,1,2.9036927,1,3.6836936,1,0.0,0,0.0,0,4.116511,1,2.263916,1,4.307786,1
CGAACATGTCAGAC-1,0,775,1.4473089,0.0,0,0.0,0,0.0,0,1.7092628,1,0.0,0,1.7092628,1,0.0,0,3.1622815,1,1.7092628,1,0.0,0,2.3075502,1,1.7092628,1,0.0,0,2.6792843,1,3.1622815,1,0.0,0,0.0,0,4.1643124,1,0.0,0,1.7092628,1
CGAAGACTGGAACG-1,2,947,2.782324,0.0,0,0.0,0,0.0,0,1.6282605,1,0.0,0,0.0,0,0.0,0,2.2181168,1,0.0,0,0.0,0,3.2414207,1,1.6282605,1,1.6282605,1,0.0,0,2.5866365,1,0.0,0,0.0,0,3.7364793,1,0.0,0,0.0,0
CGAAGACTGTTACG-1,0,689,2.8209555,1.9115684,1,0.0,0,0.0,0,0.0,0,0.0,0,1.9115684,1,0.0,0,3.1803327,1,0.0,0,0.0,0,2.9064126,1,0.0,0,0.0,0,2.5279164,1,0.0,0,0.0,0,0.0,0,4.071364,1,0.0,0,0.0,0
CGAAGGGAAACCTG-1,2,907,1.2048192,0.0,0,0.0,0,0.0,0,1.7303318,1,0.0,0,2.3306916,1,0.0,0,2.7032104,1,0.0,0,0.0,0,2.974003,1,0.0,0,2.3306916,1,0.0,0,2.7032104,1,0.0,0,0.0,0,3.1868744,1,0.0,0,0.0,0
CGAAGGGATCCGAA-1,3,734,1.9597169,0.0,0,0.0,0,0.0,0,2.476969,1,0.0,0,1.8644773,1,0.0,0,3.5179539,1,1.8644773,1,0.0,0,3.341547,1,1.8644773,1,2.8540354,1,0.0,0,3.12721,1,0.0,0,0.0,0,2.476969,1,0.0,0,0.0,0
CGAAGTACCAACTG-1,3,621,2.4920127,2.001757,1,2.001757,1,0.0,0,0.0,0,0.0,0,2.6249654,1,0.0,0,2.6249654,1,0.0,0,0.0,0,3.0059867,1,0.0,0,2.001757,1,0.0,0,2.6249654,1,0.0,0,0.0,0,0.0,0,0.0,0,0.0,0
CGAATCGAGGAGCA-1,1,336,3.2702236,2.9020646,1,2.9020646,1,0.0,0,4.2463045,1,0.0,0,0.0,0,0.0,0,6.248722,1,2.9020646,1,2.9020646,1,6.143576,1,0.0,0,3.5673728,1,3.9633834,1,4.4665804,1,0.0,0,0.0,0,3.9633834,1,0.0,0,0.0,0
CGAATCGAGGAGGT-1,0,922,1.9108281,1.6056089,1,0.0,0,0.0,0,2.1929693,1,1.6056089,1,0.0,0,1.6056089,1,2.56053,1,0.0,0,0.0,0,3.0399625,1,0.0,0,1.6056089,1,0.0,0,0.0,0,0.0,0,0.0,0,2.1929693,1,0.0,0,0.0,0
CGACAAACCCATAG-1,0,802,1.6022291,0.0,0,1.500587,1,0.0,0,0.0,0,0.0,0,1.500587,1,0.0,0,2.913524,1,0.0,0,0.0,0,3.4768887,1,1.500587,1,1.500587,1,1.500587,1,2.4382484,1,0.0,0,0.0,0,3.756815,1,1.500587,1,0.0,0
CGACAAACCGACAT-1,3,812,1.2869399,1.7528441,1,0.0,0,0.0,0,2.3553658,1,1.7528441,1,0.0,0,0.0,0,3.388651,1,0.0,0,0.0,0,3.388651,1,0.0,0,0.0,0,0.0,0,2.999922,1,0.0,0,0.0,0,1.7528441,1,0.0,0,0.0,0
CGACCACTAAAGTG-1,2,941,2.016546,0.0,0,3.077,1,2.4289193,1,0.0,0,0.0,0,2.4289193,1,0.0,0,3.2908812,1,1.8202345,1,0.0,0,3.077,1,0.0,0,1.8202345,1,2.4289193,1,1.8202345,1,0.0,0,0.0,0,2.8045669,1,0.0,0,0.0,0
CGACCACTGCCAAT-1,2,943,2.9729729,0.0,0,2.4695103,1,1.8575985,1,0.0,0,0.0,0,2.8463612,1,0.0,0,3.510051,1,0.0,0,0.0,0,3.659922,1,2.4695103,1,0.0,0,1.8575985,1,2.4695103,1,0.0,0,0.0,0,3.510051,1,0.0,0,2.4695103,1
CGACCGGAAGGTCT-1,0,868,2.016129,0.0,0,0.0,0,0.0,0,0.0,0,1.5405235,1,0.0,0,0.0,0,3.2835107,1,0.0,0,2.1203516,1,3.2835107,1,0.0,0,0.0,0,0.0,0,1.5405235,1,0.0,0,0.0,0,1.5405235,1,0.0,0,0.0,0
CGACCGGATGGAAA-1,0,947,2.3721275,0.0,0,0.0,0,0.0,0,2.1304195,1,0.0,0,2.762336,1,0.0,0,3.1465285,1,0.0,0,0.0,0,3.640004,1,1.5495178,1,0.0,0,2.4954834,1,2.762336,1,0.0,0,0.0,0,3.8962917,1,0.0,0,0.0,0
CGACCTTGCTAGTG-1,0,767,0.9104704,0.0,0,0.0,0,0.0,0,2.4084158,1,0.0,0,1.8014076,1,0.0,0,3.5947661,1,1.8014076,1,0.0,0,3.5947661,1,0.0,0,0.0,0,1.8014076,1,3.0555413,1,0.0,0,0.0,0,3.2692208,1,0.0,0,0.0,0
CGACCTTGGCAAGG-1,0,341,10.17341,0.0,0,0.0,0,0.0,0,0.0,0,0.0,0,0.0,0,0.0,0,2.5305724,1,0.0,0,0.0,0,2.5305724,1,0.0,0,0.0,0,2.5305724,1,0.0,0,0.0,0,0.0,0,3.8552997,1,0.0,0,0.0,0
CGACGTCTATCGTG-1,0,701,2.349486,0.0,0,1.7744708,1,0.0,0,0.0,0,0.0,0,1.7744708,1,0.0,0,2.37902,1,0.0,0,0.0,0,3.9114547,1,0.0,0,0.0,0,0.0,0,2.37902,1,0.0,0,0.0,0,3.2381213,1,0.0,0,0.0,0
CGACGTCTCGTGTA-1,0,692,2.2517912,0.0,0,0.0,0,0.0,0,1.8116157,1,0.0,0,2.7948995,1,0.0,0,3.6066465,1,0.0,0,0.0,0,1.8116157,1,1.8116157,1,0.0,0,2.419537,1,0.0,0,0.0,0,0.0,0,3.6066465,1,1.8116157,1,0.0,0
CGACGTCTGAGGCA-1,0,423,1.3245033,0.0,0,0.0,0,0.0,0,0.0,0,0.0,0,2.348485,1,0.0,0,2.348485,1,0.0,0,0.0,0,2.9926975,1,0.0,0,0.0,0,2.348485,1,0.0,0,0.0,0,0.0,0,3.6604488,1,0.0,0,0.0,0
CGACTCACGTCGTA-1,0,775,2.3148148,0.0,0,0.0,0,0.0,0,0.0,0,0.0,0,0.0,0,0.0,0,2.971803,1,0.0,0,0.0,0,3.6390111,1,1.7284245,1,0.0,0,0.0,0,2.3285985,1,0.0,0,0.0,0,1.7284245,1,0.0,0,0.0,0
CGACTCACGTTGCA-1,0,500,3.1107047,0.0,0,0.0,0,0.0,0,0.0,0,0.0,0,2.317388,1,0.0,0,0.0,0,0.0,0,0.0,0,2.960015,1,2.317388,1,0.0,0,0.0,0,2.317388,1,0.0,0,0.0,0,2.317388,1,0.0,0,0.0,0
CGACTCTGTGTGAC-1,0,1100,1.5011178,0.0,0,0.0,0,0.0,0,1.4338667,1,0.0,0,2.6231859,1,0.0,0,2.6231859,1,1.4338667,1,0.0,0,3.8227203,1,1.4338667,1,1.4338667,1,0.0,0,2.0000975,1,0.0,0,0.0,0,3.4949574,1,1.4338667,1,1.4338667,1
CGACTGCTTCCTCG-1,1,812,1.5880893,3.4286797,1,2.7674475,1,0.0,0,3.7082212,1,3.4286797,1,2.3929102,1,1.7871907,1,6.2308955,1,3.252823,1,3.0392992,1,5.869461,1,0.0,0,3.823276,1,3.0392992,1,3.9264486,1,1.7871907,1,0.0,0,3.9264486,1,0.0,0,3.7082212,1
CGAGAACTAAGGCG-1,2,728,2.6659698,0.0,0,0.0,0,0.0,0,0.0,0,0.0,0,1.8293965,1,0.0,0,3.0874224,1,0.0,0,0.0,0,2.8148322,1,0.0,0,1.8293965,1,0.0,0,2.8148322,1,0.0,0,0.0,0,2.4388847,1,0.0,0,1.8293965,1
CGAGAACTACGTTG-1,0,616,2.8230186,0.0,0,0.0,0,0.0,0,1.8608006,1,0.0,0,1.8608006,1,0.0,0,2.849934,1,0.0,0,0.0,0,3.9092178,1,2.472983,1,0.0,0,0.0,0,4.7911134,1,0.0,0,0.0,0,1.8608006,1,0.0,0,0.0,0
CGAGAACTTGTTCT-1,1,928,1.4896119,3.0264182,1,2.5474072,1,0.0,0,3.0264182,1,3.3489397,1,2.1803377,1,3.0264182,1,4.957848,1,2.5474072,1,1.5942526,1,6.1896105,1,2.815324,1,3.2006257,1,3.5924187,1,3.7880712,1,1.5942526,1,2.1803377,1,3.5924187,1,1.5942526,1,3.6950223,1
CGAGATTGGACACT-1,2,835,1.4925373,0.0,0,0.0,0,0.0,0,0.0,0,1.8163433,1,1.8163433,1,1.8163433,1,3.46248,1,1.8163433,1,0.0,0,2.4246843,1,2.4246843,1,1.8163433,1,0.0,0,2.4246843,1,0.0,0,0.0,0,3.7422934,1,0.0,0,0.0,0
CGAGATTGGCCATA-1,2,454,2.6871402,0.0,0,2.3605642,1,0.0,0,0.0,0,0.0,0,0.0,0,0.0,0,2.3605642,1,0.0,0,0.0,0,3.0053785,1,2.3605642,1,0.0,0,3.0053785,1,2.3605642,1,0.0,0,0.0,0,3.3941991,1,0.0,0,0.0,0
CGAGCCGAACACCA-1,0,812,3.1027253,0.0,0,0.0,0,0.0,0,2.239192,1,0.0,0,0.0,0,0.0,0,2.8775954,1,0.0,0,0.0,0,3.0894213,1,1.6472869,1,1.6472869,1,0.0,0,2.239192,1,0.0,0,0.0,0,4.1572113,1,0.0,0,0.0,0
CGAGCCGACGACAT-1,2,566,6.573117,2.7581758,1,0.0,0,0.0,0,0.0,0,0.0,0,2.126507,1,0.0,0,3.6356797,1,0.0,0,0.0,0,3.1422787,1,0.0,0,0.0,0,0.0,0,2.126507,1,0.0,0,0.0,0,4.095747,1,2.126507,1,0.0,0
CGAGCCGAGGCGAA-1,2,769,3.2693093,0.0,0,0.0,0,0.0,0,1.6272738,1,0.0,0,1.6272738,1,0.0,0,2.5855012,1,0.0,0,0.0,0,2.217023,1,1.6272738,1,0.0,0,0.0,0,1.6272738,1,0.0,0,0.0,0,3.240241,1,0.0,0,1.6272738,1
CGAGCGTGCTCCAC-1,0,1058,2.08901,1.3942974,1,0.0,0,1.3942974,1,1.3942974,1,0.0,0,2.3121812,1,0.0,0,3.4443018,1,1.3942974,1,0.0,0,3.3424823,1,1.3942974,1,1.3942974,1,1.9550512,1,2.7825825,1,0.0,0,0.0,0,2.3121812,1,1.3942974,1,0.0,0
CGAGCGTGGATACC-1,0,914,1.4285715,0.0,0,0.0,0,0.0,0,1.380547,1,0.0,0,2.557871,1,0.0,0,4.197137,1,1.939339,1,0.0,0,2.2956843,1,0.0,0,0.0,0,1.380547,1,1.939339,1,0.0,0,0.0,0,4.052905,1,1.939339,1,1.380547,1
CGAGCGTGTATGCG-1,1,628,3.660131,3.6948948,1,2.644787,1,0.0,0,3.026294,1,3.845489,1,2.644787,1,2.0202518,1,6.114291,1,3.6948948,1,2.0202518,1,6.02353,1,2.644787,1,2.644787,1,3.301778,1,4.3755393,1,0.0,0,0.0,0,3.9763448,1,0.0,0,3.6948948,1
CGAGGAGACCTCCA-1,3,649,2.2860875,0.0,0,0.0,0,0.0,0,2.0196846,1,0.0,0,2.0196846,1,0.0,0,3.5168965,1,0.0,0,0.0,0,3.3011484,1,0.0,0,0.0,0,0.0,0,2.6441796,1,0.0,0,0.0,0,2.6441796,1,0.0,0,0.0,0
CGAGGAGATGTCGA-1,0,452,3.3676333,0.0,0,0.0,0,0.0,0,0.0,0,0.0,0,2.339964,1,0.0,0,3.3722007,1,0.0,0,0.0,0,3.6512673,1,0.0,0,0.0,0,0.0,0,2.339964,1,0.0,0,0.0,0,0.0,0,2.339964,1,0.0,0
CGAGGCACCTATGG-1,2,754,1.8734177,1.8030989,1,0.0,0,1.8030989,1,0.0,0,1.8030989,1,1.8030989,1,0.0,0,3.5967357,1,0.0,0,0.0,0,3.4471436,1,1.8030989,1,0.0,0,2.4102592,1,3.5967357,1,0.0,0,0.0,0,3.7268348,1,0.0,0,0.0,0
CGAGGCACTATGCG-1,1,1327,2.896816,2.7324994,1,3.730946,1,1.2223655,1,3.0037837,1,2.877313,1,1.2223655,1,0.0,0,4.9747496,1,2.877313,1,1.2223655,1,4.7737756,1,2.5631053,1,3.3925776,1,2.3590446,1,3.608974,1,1.2223655,1,2.10238,1,3.730946,1,1.7562047,1,4.352169,1
CGAGGCACTCTTCA-1,0,776,1.9157088,2.4804726,1,0.0,0,0.0,0,0.0,0,0.0,0,0.0,0,0.0,0,3.345236,1,0.0,0,0.0,0,2.4804726,1,0.0,0,2.8576398,1,0.0,0,0.0,0,0.0,0,0.0,0,3.5216649,1,0.0,0,0.0,0
CGAGGCTGACGCTA-1,2,670,1.9664967,0.0,0,2.115526,1,2.115526,1,0.0,0,0.0,0,2.7464945,1,0.0,0,3.801397,1,0.0,0,0.0,0,3.1303434,1,0.0,0,0.0,0,2.115526,1,2.115526,1,0.0,0,0.0,0,3.1303434,1,0.0,0,0.0,0
CGAGGCTGGCAGTT-1,1,1017,2.2108843,1.4827027,1,2.0553627,1,0.0,0,3.5567284,1,3.454533,1,0.0,0,2.417208,1,6.6558294,1,2.0553627,1,0.0,0,5.8232784,1,3.2122073,1,2.8917139,1,2.6823452,1,3.8124866,1,0.0,0,1.4827027,1,3.8850152,1,0.0,0,3.8850152,1
CGAGGGCTACGACT-1,3,599,2.1046302,0.0,0,0.0,0,0.0,0,1.948314,1,0.0,0,1.948314,1,0.0,0,3.613646,1,0.0,0,0.0,0,3.4367008,1,1.948314,1,1.948314,1,0.0,0,2.5675378,1,0.0,0,0.0,0,0.0,0,0.0,0,0.0,0
CGAGGGCTCGAATC-1,0,431,2.8729281,0.0,0,0.0,0,0.0,0,0.0,0,0.0,0,0.0,0,0.0,0,3.8121538,1,0.0,0,0.0,0,3.5318115,1,0.0,0,0.0,0,0.0,0,0.0,0,0.0,0,0.0,0,0.0,0,0.0,0,0.0,0
CGAGTATGTCACCC-1,4,967,3.3515482,3.6238885,1,3.4073925,1,2.746836,1,3.521488,1,3.1306922,1,3.6238885,1,3.4073925,1,5.882023,1,2.1158466,1,2.746836,1,6.7634783,1,2.746836,1,3.521488,1,3.1306922,1,4.3036065,1,0.0,0,2.746836,1,4.7990417,1,3.6238885,1,3.1306922,1
CGATACGAACAGTC-1,1,1077,1.8050542,3.031286,1,2.6496613,1,0.0,0,2.0248034,1,3.7000105,1,0.0,0,0.0,0,5.202919,1,3.7781496,1,1.4556597,1,5.7882576,1,3.031286,1,2.6496613,1,3.1785195,1,3.4205358,1,0.0,0,2.0248034,1,3.8506231,1,2.6496613,1,4.4210405,1
CGATACGACAGGAG-1,7,2033,2.2129807,0.0,0,0.0,0,0.0,0,3.210942,1,1.3801014,1,1.3801014,1,0.0,0,3.0831537,1,1.9388294,1,0.0,0,1.6979903,1,0.91133946,1,0.0,0,2.4348028,1,2.4348028,1,0.0,0,0.0,0,2.5573218,1,0.0,0,0.91133946,1
CGATACGATTCACT-1,3,731,1.4335146,1.7834744,1,0.0,0,0.0,0,2.7632632,1,0.0,0,2.3888535,1,0.0,0,3.4243593,1,1.7834744,1,0.0,0,3.4243593,1,2.3888535,1,2.3888535,1,0.0,0,3.2485306,1,0.0,0,0.0,0,2.7632632,1,0.0,0,0.0,0
CGATAGACCCGTAA-1,1,533,3.6824877,3.5192776,1,3.2414207,1,0.0,0,2.8553212,1,3.2414207,1,2.2181168,1,2.8553212,1,5.540833,1,3.9148202,1,2.8553212,1,6.4864664,1,2.2181168,1,2.8553212,1,3.2414207,1,3.9148202,1,2.2181168,1,0.0,0,4.1975036,1,2.2181168,1,3.9148202,1
CGATAGACCGTACA-1,0,926,0.76555026,0.0,0,0.0,0,0.0,0,1.7552146,1,0.0,0,0.0,0,1.7552146,1,3.2158089,1,0.0,0,0.0,0,3.5407512,1,1.7552146,1,0.0,0,0.0,0,2.357961,1,0.0,0,0.0,0,4.2192965,1,0.0,0,0.0,0
CGATAGACGTAGGG-1,1,725,3.0054646,3.3441806,1,3.5206032,1,0.0,0,2.47947,1,3.6705189,1,1.8667848,1,1.8667848,1,5.4408307,1,4.0195255,1,3.1298206,1,5.392257,1,3.1298206,1,3.5206032,1,3.3441806,1,3.916159,1,0.0,0,1.8667848,1,4.277736,1,0.0,0,4.198849,1
CGATAGACTGTTCT-1,0,559,2.3094687,0.0,0,0.0,0,0.0,0,2.1631196,1,0.0,0,2.1631196,1,0.0,0,2.1631196,1,0.0,0,0.0,0,0.0,0,0.0,0,0.0,0,0.0,0,2.7970655,1,0.0,0,0.0,0,4.136539,1,2.1631196,1,0.0,0
CGATCAGAAGAACA-1,2,870,2.1828103,0.0,0,0.0,0,0.0,0,1.7137241,1,0.0,0,2.954825,1,0.0,0,2.954825,1,2.3124545,1,0.0,0,2.3124545,1,0.0,0,1.7137241,1,0.0,0,2.6843565,1,0.0,0,1.7137241,1,3.342775,1,2.6843565,1,0.0,0
CGATCAGAGAGGGT-1,0,964,2.019831,0.0,0,0.0,0,0.0,0,1.5422547,1,0.0,0,2.7536912,1,0.0,0,2.4870176,1,2.4870176,1,0.0,0,3.2856307,1,2.1222901,1,0.0,0,0.0,0,2.4870176,1,0.0,0,0.0,0,3.6310172,1,0.0,0,0.0,0
CGATCAGAGGTACT-1,0,1341,1.1474135,0.0,0,0.0,0,1.0804157,1,0.0,0,0.0,0,2.3729987,1,0.0,0,2.8074267,1,1.9224532,1,0.0,0,3.6868293,1,1.0804157,1,1.0804157,1,1.0804157,1,3.0184247,1,0.0,0,0.0,0,2.539665,1,1.587562,1,1.9224532,1
CGATCAGATGTGAC-1,5,1981,0.9832273,1.915508,1,2.8287072,1,0.0,0,2.4099298,1,1.3597435,1,2.1087558,1,0.0,0,4.3151846,1,1.3597435,1,0.8951067,1,3.399594,1,2.4099298,1,0.8951067,1,1.6757482,1,2.986629,1,0.0,0,1.915508,1,3.446793,1,0.0,0,3.2429497,1
CGATCCACCGGGAA-1,2,1103,2.2284122,0.0,0,1.4100049,1,0.0,0,0.0,0,0.0,0,2.330971,1,0.0,0,2.80214,1,1.9729624,1,0.0,0,1.9729624,1,0.0,0,0.0,0,1.4100049,1,2.5940526,1,0.0,0,0.0,0,3.6415703,1,0.0,0,0.0,0
CGATCCACTTCCAT-1,3,326,2.0304568,0.0,0,0.0,0,0.0,0,0.0,0,0.0,0,0.0,0,0.0,0,3.946645,1,2.885944,1,0.0,0,3.5507934,1,0.0,0,0.0,0,0.0,0,0.0,0,0.0,0,0.0,0,0.0,0,0.0,0,2.885944,1
CGCAAATGCTCGAA-1,0,428,4.644269,2.387955,1,0.0,0,0.0,0,0.0,0,0.0,0,0.0,0,0.0,0,3.0341063,1,0.0,0,0.0,0,2.387955,1,0.0,0,0.0,0,0.0,0,0.0,0,0.0,0,0.0,0,3.7029004,1,0.0,0,0.0,0
CGCAACCTCCTTGC-1,0,808,1.5138408,0.0,0,0.0,0,0.0,0,1.6731644,1,0.0,0,2.2677875,1,0.0,0,3.6879048,1,1.6731644,1,0.0,0,3.573245,1,2.2677875,1,0.0,0,0.0,0,2.9077759,1,0.0,0,0.0,0,3.573245,1,0.0,0,0.0,0
CGCAACCTGGACGA-1,0,821,1.9810508,1.669307,1,1.669307,1,0.0,0,2.633719,1,0.0,0,0.0,0,0.0,0,3.2903004,1,1.669307,1,0.0,0,3.1153996,1,0.0,0,1.669307,1,1.669307,1,3.1153996,1,0.0,0,0.0,0,0.0,0,1.669307,1,0.0,0
CGCACGGAGGACGA-1,3,554,2.4765158,0.0,0,0.0,0,0.0,0,2.2554631,1,0.0,0,2.2554631,1,0.0,0,4.1072273,1,0.0,0,0.0,0,3.777315,1,2.2554631,1,0.0,0,0.0,0,3.28163,1,0.0,0,0.0,0,2.2554631,1,0.0,0,0.0,0
CGCACGGATCTTTG-1,0,596,3.2091095,0.0,0,0.0,0,0.0,0,0.0,0,0.0,0,0.0,0,0.0,0,2.806026,1,1.8215362,1,0.0,0,3.8635073,1,0.0,0,0.0,0,0.0,0,1.8215362,1,0.0,0,0.0,0,1.8215362,1,0.0,0,0.0,0
CGCACTACAGAATG-1,0,680,1.2339056,0.0,0,0.0,0,0.0,0,0.0,0,0.0,0,1.850784,1,0.0,0,3.5022137,1,1.850784,1,0.0,0,3.5022137,1,1.850784,1,0.0,0,2.4621167,1,2.8387523,1,0.0,0,0.0,0,1.850784,1,0.0,0,0.0,0
CGCACTACAGCCAT-1,0,1034,1.0358094,0.0,0,0.0,0,0.0,0,1.376992,1,0.0,0,2.2914119,1,0.0,0,3.206953,1,0.0,0,0.0,0,2.5534878,1,0.0,0,0.0,0,2.2914119,1,1.9352717,1,0.0,0,0.0,0,3.3202283,1,3.6767693,1,0.0,0
CGCACTACATTGGC-1,0,849,1.8110795,1.515377,1,0.0,0,0.0,0,1.515377,1,0.0,0,2.4555988,1,0.0,0,3.2526183,1,0.0,0,0.0,0,3.2526183,1,1.515377,1,1.515377,1,0.0,0,2.0921447,1,0.0,0,1.515377,1,3.8536472,1,0.0,0,0.0,0
CGCACTACTCGCCT-1,3,566,2.0249221,2.175479,1,0.0,0,0.0,0,0.0,0,0.0,0,0.0,0,0.0,0,3.6896794,1,2.175479,1,0.0,0,3.19537,1,0.0,0,0.0,0,2.175479,1,3.4727614,1,0.0,0,2.175479,1,0.0,0,0.0,0,2.175479,1
CGCACTACTCGTGA-1,2,879,2.3660069,0.0,0,0.0,0,0.0,0,1.7627742,1,0.0,0,1.7627742,1,0.0,0,3.679553,1,1.7627742,1,0.0,0,3.5496202,1,0.0,0,0.0,0,0.0,0,3.011327,1,0.0,0,0.0,0,3.011327,1,0.0,0,0.0,0
CGCACTTGTCACGA-1,1,1091,1.749838,3.0182397,1,3.165382,1,0.0,0,4.3671794,1,2.3728223,1,0.0,0,0.0,0,5.114212,1,2.6369243,1,1.4451627,1,5.497949,1,2.6369243,1,3.6019034,1,3.2936246,1,3.165382,1,0.0,0,2.845648,1,4.235459,1,2.3728223,1,3.9680378,1
CGCAGGACAGATCC-1,2,823,3.3890646,0.0,0,0.0,0,0.0,0,2.3067355,1,0.0,0,1.708522,1,0.0,0,3.4857092,1,2.3067355,1,0.0,0,3.1614153,1,0.0,0,0.0,0,0.0,0,1.708522,1,0.0,0,0.0,0,3.3366508,1,0.0,0,1.708522,1
CGCAGGACCTACTT-1,0,447,1.8744143,0.0,0,0.0,0,0.0,0,0.0,0,0.0,0,0.0,0,0.0,0,3.8682876,1,0.0,0,0.0,0,0.0,0,2.3391168,1,0.0,0,0.0,0,2.3391168,1,0.0,0,0.0,0,0.0,0,0.0,0,0.0,0
CGCAGGACTTGTCT-1,4,1688,2.2080188,2.5355523,1,3.4656026,1,2.9142566,1,4.0117335,1,3.1882849,1,2.8032312,1,2.9142566,1,5.1215925,1,3.1050158,1,2.9142566,1,5.9109983,1,3.3365264,1,3.0141778,1,3.579907,1,3.8189507,1,1.5840108,1,2.8032312,1,4.5223317,1,2.8032312,1,4.659759,1
CGCAGGTGCACTGA-1,0,868,2.9774873,0.0,0,1.5336453,1,0.0,0,0.0,0,0.0,0,2.476969,1,0.0,0,2.9536183,1,2.1126447,1,0.0,0,3.4038718,1,0.0,0,2.1126447,1,0.0,0,2.476969,1,0.0,0,0.0,0,2.9536183,1,1.5336453,1,0.0,0
CGCAGGTGCCATAG-1,4,1254,2.9425395,3.9511814,1,2.8464339,1,2.9726825,1,3.360945,1,3.6399138,1,2.701912,1,1.7291868,1,5.9123335,1,3.9055767,1,1.1993725,1,6.3558865,1,3.1855402,1,2.5329165,1,3.2770834,1,3.8076098,1,2.0736878,1,1.7291868,1,4.515282,1,2.0736878,1,4.076704,1
CGCAGGTGGGAACG-1,0,942,2.8070176,0.0,0,0.0,0,0.0,0,2.2810905,1,0.0,0,2.6519043,1,0.0,0,3.8985407,1,3.1341178,1,0.0,0,1.6852267,1,1.6852267,1,2.6519043,1,2.2810905,1,3.3091567,1,0.0,0,0.0,0,3.7023647,1,0.0,0,0.0,0
CGCATAGATCACGA-1,1,462,1.1518325,2.4407964,1,0.0,0,0.0,0,3.759541,1,4.1572113,1,2.4407964,1,0.0,0,5.3501678,1,3.0894213,1,0.0,0,5.188486,1,0.0,0,2.4407964,1,0.0,0,3.4795938,1,0.0,0,0.0,0,4.440973,1,0.0,0,3.978015,1
CGCCATACTGCAAC-1,0,1055,1.537123,1.3614676,1,0.0,0,1.3614676,1,0.0,0,1.3614676,1,0.0,0,0.0,0,3.7287445,1,1.3614676,1,1.3614676,1,2.7414577,1,0.0,0,0.0,0,1.3614676,1,1.9174857,1,0.0,0,0.0,0,2.5343046,1,1.3614676,1,1.3614676,1
CGCCATTGAGAGGC-1,0,852,2.2077453,0.0,0,0.0,0,0.0,0,1.5302333,1,0.0,0,2.7393563,1,0.0,0,2.4729826,1,0.0,0,0.0,0,3.5137308,1,0.0,0,0.0,0,0.0,0,2.4729826,1,0.0,0,0.0,0,0.0,0,0.0,0,0.0,0
CGCCATTGCTATGG-1,0,738,1.7837236,0.0,0,0.0,0,0.0,0,2.4982107,1,0.0,0,0.0,0,0.0,0,2.8758824,1,2.8758824,1,0.0,0,3.6904407,1,0.0,0,0.0,0,0.0,0,1.8840891,1,0.0,0,0.0,0,0.0,0,0.0,0,0.0,0
CGCCATTGGAGACG-1,0,804,1.6608391,0.0,0,0.0,0,0.0,0,1.6813009,1,0.0,0,2.6474237,1,0.0,0,3.1295068,1,2.2767627,1,0.0,0,3.1295068,1,0.0,0,0.0,0,0.0,0,3.1295068,1,0.0,0,0.0,0,3.8005416,1,0.0,0,0.0,0
CGCCATTGGAGCAG-1,3,775,4.5948615,0.0,0,0.0,0,0.0,0,2.3884041,1,0.0,0,1.7830627,1,0.0,0,3.5733652,1,0.0,0,0.0,0,4.2523823,1,0.0,0,1.7830627,1,0.0,0,3.0345771,1,0.0,0,0.0,0,1.7830627,1,0.0,0,0.0,0
CGCCATTGTACTGG-1,3,726,1.8968585,0.0,0,0.0,0,0.0,0,0.0,0,0.0,0,0.0,0,0.0,0,2.93464,1,1.9370484,1,0.0,0,3.6008525,1,0.0,0,1.9370484,1,0.0,0,3.2089455,1,0.0,0,0.0,0,2.5554028,1,0.0,0,0.0,0
CGCCGAGAGCTTAG-1,2,993,1.6121153,0.0,0,0.0,0,3.235772,1,2.3768013,1,0.0,0,2.7508283,1,2.3768013,1,3.805924,1,0.0,0,0.0,0,3.690917,1,0.0,0,0.0,0,1.7724404,1,1.7724404,1,0.0,0,1.7724404,1,3.0224128,1,0.0,0,0.0,0
CGCCTAACGAATGA-1,5,1462,1.8245004,2.2722628,1,2.7866964,1,0.0,0,3.2160177,1,2.7866964,1,2.018363,1,1.1554122,1,4.7179804,1,2.7866964,1,3.024222,1,5.10078,1,2.018363,1,2.912495,1,2.7866964,1,3.2996807,1,1.1554122,1,1.1554122,1,3.6927712,1,2.018363,1,3.974208,1
CGCCTAACTGCTCC-1,0,1007,1.5759312,0.0,0,0.0,0,0.0,0,2.261602,1,0.0,0,0.0,0,0.0,0,2.7298608,1,0.0,0,0.0,0,2.7298608,1,1.3522594,1,1.9069171,1,1.3522594,1,0.0,0,0.0,0,0.0,0,3.2882285,1,1.9069171,1,0.0,0
CGCGAGACACAGCT-1,0,798,3.2502227,0.0,0,0.0,0,0.0,0,0.0,0,0.0,0,0.0,0,0.0,0,3.470926,1,0.0,0,0.0,0,3.8182309,1,0.0,0,0.0,0,0.0,0,2.6642432,1,0.0,0,1.6960485,1,3.470926,1,1.6960485,1,0.0,0
CGCGAGACAGGTCT-1,3,1036,3.1505988,0.0,0,0.0,0,0.0,0,2.347629,1,0.0,0,1.4239705,1,0.0,0,3.4823408,1,2.347629,1,0.0,0,3.6595266,1,1.4239705,1,0.0,0,0.0,0,3.1387522,1,0.0,0,0.0,0,1.4239705,1,0.0,0,1.4239705,1
CGCGAGACGCTACA-1,0,786,1.6759777,0.0,0,0.0,0,0.0,0,1.8052187,1,0.0,0,2.412569,1,0.0,0,3.4496005,1,2.412569,1,0.0,0,3.0598898,1,1.8052187,1,0.0,0,0.0,0,3.0598898,1,0.0,0,0.0,0,3.4496005,1,0.0,0,0.0,0
CGCGATCTCAGTCA-1,1,948,1.3302034,1.5926906,1,1.5926906,1,0.0,0,3.3470483,1,2.8134813,1,0.0,0,1.5926906,1,5.3214574,1,2.5456004,1,0.0,0,5.7751436,1,3.024553,1,2.8134813,1,2.178599,1,4.670564,1,0.0,0,0.0,0,4.2697716,1,2.178599,1,4.3737326,1
CGCGATCTGTTGAC-1,1,743,2.606635,1.7477351,1,1.7477351,1,0.0,0,3.531965,1,3.2071238,1,2.3497708,1,0.0,0,4.511849,1,2.7229226,1,1.7477351,1,5.863282,1,2.7229226,1,3.6618338,1,3.382677,1,3.7767587,1,0.0,0,0.0,0,4.401914,1,0.0,0,4.0587,1
CGCGATCTTTCTTG-1,3,761,2.3391814,0.0,0,0.0,0,0.0,0,2.874041,1,1.6442468,1,1.6442468,1,0.0,0,3.4091578,1,1.6442468,1,0.0,0,4.012817,1,1.6442468,1,1.6442468,1,0.0,0,2.6050076,1,0.0,0,0.0,0,2.2358274,1,0.0,0,0.0,0
CGCGGATGGCCAAT-1,0,838,1.2797881,0.0,0,0.0,0,0.0,0,2.287029,1,0.0,0,2.9280574,1,0.0,0,3.990351,1,1.6906164,1,0.0,0,3.7088144,1,1.6906164,1,0.0,0,0.0,0,1.6906164,1,0.0,0,0.0,0,2.9280574,1,0.0,0,1.6906164,1
CGCTAAGAATGTCG-1,0,1040,0.5549389,0.0,0,0.0,0,0.0,0,1.5474759,1,0.0,0,2.1281347,1,0.0,0,3.7303936,1,0.0,0,0.0,0,3.4208937,1,2.1281347,1,0.0,0,2.4931045,1,2.1281347,1,0.0,0,0.0,0,1.5474759,1,1.5474759,1,0.0,0
CGCTAAGACAACTG-1,0,859,2.0923522,0.0,0,0.0,0,0.0,0,1.5279686,1,0.0,0,5.139403,1,0.0,0,3.706151,1,2.1062796,1,0.0,0,3.120285,1,0.0,0,2.1062796,1,0.0,0,2.1062796,1,0.0,0,0.0,0,2.1062796,1,2.4703357,1,0.0,0
CGCTAAGACCCTTG-1,0,867,2.0229008,0.0,0,0.0,0,0.0,0,0.0,0,0.0,0,1.5721085,1,0.0,0,3.4510775,1,1.5721085,1,0.0,0,2.1556602,1,0.0,0,0.0,0,0.0,0,2.5217514,1,0.0,0,0.0,0,3.4510775,1,0.0,0,0.0,0
CGCTACTGAACAGA-1,1,1188,2.809874,2.9648612,1,3.0919259,1,0.0,0,3.0919259,1,3.305945,1,2.8192685,1,3.0919259,1,5.261666,1,3.0919259,1,1.8333589,1,5.61405,1,3.2046502,1,3.6991134,1,3.2046502,1,3.6991134,1,2.1840596,1,1.2885245,1,4.238635,1,1.2885245,1,4.503499,1
CGCTACTGAGAACA-1,0,846,1.0158472,0.0,0,0.0,0,0.0,0,0.0,0,0.0,0,1.6223621,1,0.0,0,2.579847,1,2.2115746,1,0.0,0,3.512152,1,1.6223621,1,1.6223621,1,0.0,0,2.579847,1,0.0,0,0.0,0,2.848401,1,1.6223621,1,0.0,0
CGCTACTGTGAGCT-1,0,687,0.8307373,0.0,0,0.0,0,0.0,0,0.0,0,0.0,0,0.0,0,0.0,0,3.620698,1,0.0,0,0.0,0,3.2948744,1,1.823711,1,1.823711,1,0.0,0,2.4327016,1,0.0,0,0.0,0,2.4327016,1,2.4327016,1,0.0,0
CGCTACTGTTCCCG-1,2,672,3.1432748,0.0,0,0.0,0,2.1187396,1,0.0,0,2.1187396,1,0.0,0,0.0,0,3.1338377,1,2.1187396,1,0.0,0,2.7499142,1,0.0,0,0.0,0,2.1187396,1,3.1338377,1,0.0,0,0.0,0,3.6270897,1,0.0,0,0.0,0
CGCTCATGCATTTC-1,1,629,2.2464263,3.7346158,1,3.0650704,1,0.0,0,2.6826625,1,2.0556595,1,2.0556595,1,2.0556595,1,5.4196305,1,3.341021,1,0.0,0,5.6358304,1,3.5570593,1,3.5570593,1,2.6826625,1,3.7346158,1,0.0,0,0.0,0,4.329837,1,0.0,0,4.132088,1
CGGAATTGCACTAG-1,0,426,5.8758316,0.0,0,0.0,0,0.0,0,0.0,0,0.0,0,2.4931047,1,0.0,0,3.144047,1,0.0,0,0.0,0,3.144047,1,0.0,0,0.0,0,0.0,0,0.0,0,0.0,0,0.0,0,2.4931047,1,0.0,0,2.4931047,1
CGGAATTGGTTTGG-1,0,725,2.266737,0.0,0,0.0,0,0.0,0,2.822734,1,0.0,0,3.095444,1,0.0,0,3.3094952,1,0.0,0,0.0,0,3.095444,1,1.8364558,1,0.0,0,0.0,0,3.095444,1,0.0,0,0.0,0,3.095444,1,0.0,0,0.0,0
CGGAATTGTGGAGG-1,0,660,0.71243525,0.0,0,0.0,0,0.0,0,2.0117893,1,0.0,0,2.0117893,1,0.0,0,3.0170069,1,2.0117893,1,0.0,0,2.635721,1,0.0,0,0.0,0,0.0,0,3.2923765,1,0.0,0,0.0,0,0.0,0,0.0,0,0.0,0
CGGACCGATGCGTA-1,2,809,1.307902,0.0,0,0.0,0,2.8540354,1,0.0,0,0.0,0,1.8644773,1,0.0,0,2.8540354,1,1.8644773,1,0.0,0,5.3119483,1,1.8644773,1,0.0,0,0.0,0,2.476969,1,0.0,0,0.0,0,3.12721,1,1.8644773,1,2.476969,1
CGGACCGATGGGAG-1,0,469,2.6395938,0.0,0,0.0,0,0.0,0,2.4116445,1,0.0,0,0.0,0,0.0,0,2.4116445,1,0.0,0,2.4116445,1,2.4116445,1,0.0,0,0.0,0,0.0,0,2.4116445,1,0.0,0,0.0,0,0.0,0,0.0,0,2.4116445,1
CGGACTCTAAACAG-1,3,600,1.98915,0.0,0,0.0,0,0.0,0,0.0,0,0.0,0,2.949379,1,1.9503806,1,4.012452,1,1.9503806,1,0.0,0,3.6159909,1,0.0,0,0.0,0,0.0,0,2.949379,1,0.0,0,0.0,0,1.9503806,1,0.0,0,0.0,0
CGGACTCTCCAATG-1,0,812,2.1967049,0.0,0,0.0,0,0.0,0,3.0449986,1,0.0,0,1.7921762,1,0.0,0,2.7730577,1,1.7921762,1,0.0,0,2.7730577,1,0.0,0,0.0,0,0.0,0,4.6639347,1,0.0,0,0.0,0,3.4344711,1,1.7921762,1,0.0,0
CGGACTCTCCTCGT-1,2,856,1.8133333,0.0,0,0.0,0,2.4577117,1,0.0,0,0.0,0,2.834218,1,0.0,0,3.4975426,1,2.4577117,1,0.0,0,3.1070998,1,0.0,0,0.0,0,2.4577117,1,1.8467255,1,0.0,0,0.0,0,4.254298,1,0.0,0,1.8467255,1
CGGAGGCTATTCCT-1,0,397,4.8349056,0.0,0,0.0,0,0.0,0,2.5488553,1,0.0,0,0.0,0,0.0,0,3.8747325,1,0.0,0,0.0,0,3.5939467,1,0.0,0,0.0,0,0.0,0,2.5488553,1,0.0,0,0.0,0,3.8747325,1,2.5488553,1,0.0,0
CGGAGGCTTGGATC-1,0,786,1.1988716,0.0,0,0.0,0,0.0,0,0.0,0,0.0,0,2.4497755,1,0.0,0,3.4891238,1,0.0,0,0.0,0,3.2464938,1,0.0,0,1.5104088,1,0.0,0,2.0865614,1,0.0,0,0.0,0,2.0865614,1,1.5104088,1,0.0,0
CGGATAACAACGAA-1,1,895,1.0085338,3.4678576,1,2.5376956,1,0.0,0,5.0010753,1,2.8054178,1,2.1709936,1,2.1709936,1,5.7786736,1,3.0163913,1,1.5858612,1,6.2858534,1,2.8054178,1,2.8054178,1,3.1905165,1,2.8054178,1,0.0,0,0.0,0,4.974589,1,1.5858612,1,4.14529,1
CGGATAACAGCTCA-1,0,882,1.3157895,0.0,0,0.0,0,0.0,0,0.0,0,0.0,0,0.0,0,0.0,0,3.8352451,1,1.6328841,1,0.0,0,2.8607407,1,2.2232423,1,0.0,0,2.2232423,1,1.6328841,1,0.0,0,0.0,0,3.639362,1,0.0,0,1.6328841,1
CGGATAACTCAGTG-1,1,449,2.3983316,3.7544358,1,3.474528,1,0.0,0,3.474528,1,3.474528,1,0.0,0,0.0,0,4.9167485,1,4.3039665,1,0.0,0,6.2975354,1,0.0,0,3.474528,1,3.0844324,1,3.7544358,1,0.0,0,0.0,0,4.435807,1,3.0844324,1,3.9728856,1
CGGCACGAACTCAG-1,2,890,3.6547775,0.0,0,0.0,0,0.0,0,0.0,0,0.0,0,2.9242978,1,0.0,0,2.9242978,1,0.0,0,0.0,0,2.9242978,1,1.6873775,1,0.0,0,1.6873775,1,1.6873775,1,0.0,0,0.0,0,3.7049394,1,0.0,0,1.6873775,1
CGGCACGAAGGGTG-1,0,823,3.0365202,0.0,0,0.0,0,0.0,0,2.2199435,1,0.0,0,0.0,0,0.0,0,3.3919494,1,1.6299082,1,0.0,0,2.2199435,1,0.0,0,2.2199435,1,0.0,0,1.6299082,1,0.0,0,1.6299082,1,0.0,0,0.0,0,0.0,0
CGGCACGACTACGA-1,4,1051,3.4871433,3.918957,1,3.590398,1,3.7681112,1,3.8463757,1,3.918957,1,4.363693,1,1.5095845,1,5.407466,1,4.0500026,1,2.085635,1,6.144787,1,3.4880981,1,1.5095845,1,4.823259,1,3.986625,1,1.5095845,1,2.9244647,1,4.109602,1,2.9244647,1,3.8463757,1
CGGCATCTTAGAAG-1,2,823,2.320888,0.0,0,0.0,0,0.0,0,0.0,0,0.0,0,2.4061174,1,0.0,0,3.8374865,1,1.7992991,1,0.0,0,3.0531344,1,0.0,0,1.7992991,1,1.7992991,1,1.7992991,1,0.0,0,0.0,0,3.4427376,1,0.0,0,1.7992991,1
CGGCATCTTCGTAG-1,1,1055,1.9927537,3.0977488,1,3.0977488,1,0.0,0,3.338979,1,3.5331793,1,1.3915675,1,0.0,0,6.0352864,1,4.0142307,1,0.0,0,5.6417894,1,3.0977488,1,1.3915675,1,3.5331793,1,3.8987021,1,1.9519342,1,2.3089094,1,3.8355138,1,1.9519342,1,3.6177533,1
CGGCCAGAAAGGTA-1,0,741,2.407318,1.760777,1,0.0,0,0.0,0,0.0,0,0.0,0,0.0,0,0.0,0,2.7376652,1,1.760777,1,0.0,0,3.9887342,1,1.760777,1,1.760777,1,0.0,0,1.760777,1,0.0,0,0.0,0,3.3979166,1,0.0,0,0.0,0
CGGCCAGAGAGGCA-1,2,999,2.3236516,0.0,0,0.0,0,0.0,0,1.639545,1,0.0,0,2.599609,1,0.0,0,3.2548969,1,0.0,0,0.0,0,2.8685405,1,0.0,0,1.639545,1,0.0,0,2.599609,1,0.0,0,0.0,0,3.2548969,1,0.0,0,0.0,0
CGGCGAACCAGTCA-1,1,1241,2.0982735,2.8297067,1,3.9411588,1,2.193913,1,3.215299,1,3.4928944,1,2.4533293,1,2.8297067,1,5.14185,1,3.408644,1,2.193913,1,6.1940823,1,3.3166368,1,3.408644,1,3.1025212,1,3.3166368,1,1.8426896,1,2.193913,1,4.12883,1,1.2965744,1,3.7729442,1
CGGCGAACGACAAA-1,2,790,0.88105726,0.0,0,1.9880383,1,1.9880383,1,0.0,0,1.9880383,1,1.9880383,1,0.0,0,2.6102457,1,0.0,0,0.0,0,2.9909003,1,0.0,0,1.9880383,1,1.9880383,1,2.9909003,1,0.0,0,0.0,0,4.15907,1,0.0,0,0.0,0
CGGCGAACGGTCTA-1,0,878,1.5612489,0.0,0,1.6100782,1,0.0,0,0.0,0,0.0,0,2.8339665,1,0.0,0,3.3680687,1,2.197936,1,0.0,0,3.4972837,1,1.6100782,1,0.0,0,2.197936,1,2.197936,1,0.0,0,1.6100782,1,2.8339665,1,0.0,0,0.0,0
CGGCGAACTACTTC-1,2,778,2.0242915,1.9145212,1,1.9145212,1,2.9096878,1,0.0,0,1.9145212,1,0.0,0,0.0,0,3.8558657,1,1.9145212,1,0.0,0,3.8558657,1,1.9145212,1,2.9096878,1,1.9145212,1,2.9096878,1,0.0,0,0.0,0,2.5311046,1,0.0,0,1.9145212,1
CGGGACTGCGTGTA-1,0,1066,2.5011687,0.0,0,0.0,0,0.0,0,1.7366629,1,1.2057257,1,2.5412796,1,0.0,0,2.8549902,1,0.0,0,0.0,0,3.2858236,1,0.0,0,1.7366629,1,1.2057257,1,2.0816321,1,0.0,0,0.0,0,2.0816321,1,0.0,0,0.0,0
CGGGACTGGAATAG-1,2,815,3.3780427,1.7867769,1,0.0,0,0.0,0,1.7867769,1,0.0,0,3.4281988,1,0.0,0,2.3924584,1,0.0,0,0.0,0,3.9259613,1,1.7867769,1,0.0,0,0.0,0,2.3924584,1,0.0,0,1.7867769,1,4.10499,1,0.0,0,0.0,0
CGGGCATGACCCAA-1,2,465,4.6511626,0.0,0,2.3710601,1,0.0,0,0.0,0,2.3710601,1,0.0,0,0.0,0,2.3710601,1,3.0163913,1,0.0,0,3.6847448,1,2.3710601,1,0.0,0,0.0,0,3.0163913,1,0.0,0,0.0,0,0.0,0,0.0,0,4.0818067,1
CGGGCATGTCTCTA-1,2,1079,2.0593367,0.0,0,2.0773444,1,1.5022135,1,2.9155033,1,0.0,0,2.9155033,1,0.0,0,3.3649814,1,2.7058132,1,0.0,0,3.2363756,1,0.0,0,0.0,0,1.5022135,1,2.9155033,1,0.0,0,0.0,0,0.0,0,0.0,0,0.0,0
CGGGCATGTTGTGG-1,0,743,1.6385982,0.0,0,0.0,0,0.0,0,1.7144704,1,1.7144704,1,2.3132746,1,0.0,0,3.1683683,1,0.0,0,0.0,0,3.7372792,1,1.7144704,1,1.7144704,1,0.0,0,2.6852047,1,0.0,0,1.7144704,1,0.0,0,0.0,0,0.0,0
CGGTAAACTCGCAA-1,0,1098,1.3672496,0.0,0,0.0,0,0.0,0,1.9967896,1,0.0,0,2.3559418,1,0.0,0,3.6684787,1,0.0,0,0.0,0,2.6196375,1,1.4309536,1,0.0,0,0.0,0,2.828108,1,0.0,0,0.0,0,3.3892655,1,1.4309536,1,1.4309536,1
CGGTCACTGTTTGG-1,0,807,1.8224299,0.0,0,0.0,0,1.7364702,1,2.3374248,1,0.0,0,1.7364702,1,0.0,0,3.9598594,1,1.7364702,1,0.0,0,2.981079,1,1.7364702,1,0.0,0,1.7364702,1,0.0,0,0.0,0,0.0,0,3.5187101,1,0.0,0,0.0,0
CGGTCACTTACTTC-1,0,1120,1.3238916,0.0,0,0.0,0,0.0,0,2.3262331,1,0.0,0,2.3262331,1,0.0,0,4.086238,1,1.4060396,1,0.0,0,2.3262331,1,0.0,0,0.0,0,2.5891964,1,1.9684446,1,0.0,0,1.4060396,1,3.1161058,1,0.0,0,0.0,0
CGTAACGAATCAGC-1,0,462,5.327869,0.0,0,0.0,0,0.0,0,0.0,0,0.0,0,2.219578,1,0.0,0,3.242996,1,0.0,0,0.0,0,3.242996,1,0.0,0,0.0,0,3.242996,1,0.0,0,0.0,0,0.0,0,3.242996,1,0.0,0,0.0,0
CGTAACGATCGCCT-1,0,1025,1.5515223,0.0,0,0.0,0,0.0,0,0.0,0,1.3686327,1,1.3686327,1,0.0,0,3.1962125,1,1.9256997,1,0.0,0,2.5431674,1,0.0,0,0.0,0,2.5431674,1,1.9256997,1,0.0,0,0.0,0,1.9256997,1,1.3686327,1,0.0,0
CGTACCACACACAC-1,0,805,1.7266188,1.7575932,1,0.0,0,0.0,0,2.3605642,1,0.0,0,1.7575932,1,0.0,0,3.673454,1,1.7575932,1,1.7575932,1,3.673454,1,1.7575932,1,1.7575932,1,0.0,0,0.0,0,0.0,0,0.0,0,3.543543,1,0.0,0,0.0,0
CGTACCACACGTTG-1,0,676,1.4821676,0.0,0,0.0,0,0.0,0,0.0,0,0.0,0,1.7291868,1,0.0,0,0.0,0,0.0,0,0.0,0,2.329435,1,0.0,0,0.0,0,0.0,0,3.1855402,1,0.0,0,1.7291868,1,0.0,0,1.7291868,1,0.0,0
CGTACCACCTCATT-1,0,828,2.225021,0.0,0,0.0,0,0.0,0,0.0,0,1.6483034,1,0.0,0,0.0,0,3.2653363,1,0.0,0,0.0,0,3.4140172,1,0.0,0,0.0,0,0.0,0,2.2403166,1,0.0,0,0.0,0,0.0,0,0.0,0,0.0,0
CGTACCACGCTACA-1,2,418,6.830907,0.0,0,0.0,0,0.0,0,0.0,0,0.0,0,0.0,0,0.0,0,3.1536555,1,0.0,0,0.0,0,4.043995,1,0.0,0,0.0,0,0.0,0,0.0,0,0.0,0,0.0,0,3.5447865,1,0.0,0,0.0,0
CGTACCACGGAGCA-1,0,763,1.9699812,0.0,0,0.0,0,1.7387861,1,0.0,0,0.0,0,0.0,0,0.0,0,3.5214372,1,2.339964,1,0.0,0,3.9626162,1,0.0,0,0.0,0,0.0,0,3.1967185,1,0.0,0,0.0,0,1.7387861,1,0.0,0,0.0,0
CGTACCTGGACGAG-1,4,407,22.569027,4.290854,1,4.290854,1,2.5653186,1,4.1112676,1,0.0,0,4.6917443,1,3.21926,1,2.5653186,1,3.8922122,1,2.5653186,1,4.4430466,1,3.6113071,1,2.5653186,1,4.1112676,1,3.6113071,1,2.5653186,1,0.0,0,4.290854,1,0.0,0,2.5653186,1
CGTACCTGGCATCA-1,2,997,2.5070765,0.0,0,2.2072425,1,1.6184586,1,1.6184586,1,0.0,0,3.3781726,1,0.0,0,4.4055743,1,1.6184586,1,0.0,0,3.7245622,1,0.0,0,0.0,0,2.2072425,1,1.6184586,1,0.0,0,1.6184586,1,1.6184586,1,0.0,0,2.5753508,1
CGTAGCCTCTCTCG-1,1,852,2.0337517,3.4437149,1,0.0,0,0.0,0,2.9077759,1,2.6381292,1,1.6731644,1,2.2677875,1,5.1599755,1,3.2948744,1,0.0,0,5.785901,1,3.4437149,1,3.4437149,1,2.2677875,1,3.6879048,1,0.0,0,1.6731644,1,4.1886706,1,0.0,0,3.8840153,1
CGTAGCCTGCGAAG-1,0,866,1.2042818,0.0,0,0.0,0,0.0,0,0.0,0,0.0,0,2.294614,1,0.0,0,2.9360466,1,0.0,0,0.0,0,0.0,0,1.6975043,1,1.6975043,1,1.6975043,1,2.294614,1,0.0,0,0.0,0,2.9360466,1,0.0,0,0.0,0
CGTAGCCTGTATGC-1,4,1118,4.1154613,3.7817755,1,3.5643115,1,0.0,0,3.2860239,1,3.045339,1,2.72772,1,2.72772,1,5.1171336,1,4.111717,1,1.9049673,1,5.965903,1,3.1729052,1,3.1729052,1,3.904255,1,3.5643115,1,0.0,0,2.8990872,1,4.4958844,1,1.9049673,1,3.8448892,1
CGTCAAGAAAGGTA-1,1,508,2.4236984,3.6110153,1,2.9445338,1,0.0,0,2.9445338,1,3.8287392,1,0.0,0,0.0,0,6.3886614,1,2.9445338,1,2.3026752,1,6.0708375,1,0.0,0,2.9445338,1,3.332301,1,4.0074315,1,0.0,0,2.3026752,1,4.0074315,1,0.0,0,3.6110153,1
CGTCAAGAACGTGT-1,0,928,1.5625,0.0,0,0.0,0,0.0,0,1.5156541,1,0.0,0,0.0,0,0.0,0,3.3816469,1,1.5156541,1,0.0,0,3.2529597,1,0.0,0,0.0,0,0.0,0,2.0924559,1,0.0,0,0.0,0,0.0,0,0.0,0,0.0,0
CGTCAAGACAGAGG-1,0,958,1.9272728,0.0,0,0.0,0,0.0,0,2.7444491,1,0.0,0,1.5345011,1,0.0,0,3.5190127,1,1.5345011,1,0.0,0,3.4049265,1,1.5345011,1,1.5345011,1,2.1136038,1,2.1136038,1,0.0,0,0.0,0,3.4049265,1,1.5345011,1,1.5345011,1
CGTCAAGACAGGAG-1,2,932,1.9879798,0.0,0,0.0,0,1.7272826,1,1.7272826,1,0.0,0,2.3273454,1,0.0,0,3.50788,1,1.7272826,1,0.0,0,3.3587103,1,0.0,0,0.0,0,0.0,0,3.1833205,1,0.0,0,0.0,0,3.3587103,1,0.0,0,0.0,0
CGTCCATGCTCTTA-1,0,892,1.3109978,0.0,0,0.0,0,0.0,0,1.5350722,1,0.0,0,2.4786355,1,0.0,0,2.4786355,1,1.5350722,1,0.0,0,3.6221147,1,1.5350722,1,0.0,0,1.5350722,1,2.114244,1,0.0,0,0.0,0,2.4786355,1,1.5350722,1,0.0,0
CGTCGACTTTCCGC-1,2,905,1.6438355,2.3165638,1,0.0,0,1.717464,1,0.0,0,0.0,0,0.0,0,1.717464,1,3.496286,1,0.0,0,1.717464,1,3.3471742,1,0.0,0,0.0,0,0.0,0,2.959148,1,0.0,0,0.0,0,3.740842,1,0.0,0,0.0,0
CGTGATGACGCTAA-1,0,494,1.870187,0.0,0,0.0,0,0.0,0,0.0,0,3.1355898,1,0.0,0,0.0,0,2.4849985,1,2.4849985,1,0.0,0,3.1355898,1,0.0,0,0.0,0,0.0,0,2.4849985,1,0.0,0,0.0,0,0.0,0,0.0,0,0.0,0
CGTGATGAGGTTCA-1,2,710,3.2018297,0.0,0,0.0,0,0.0,0,2.5215757,1,0.0,0,2.899898,1,0.0,0,2.899898,1,0.0,0,0.0,0,2.899898,1,0.0,0,0.0,0,0.0,0,1.9056978,1,0.0,0,0.0,0,3.9611347,1,0.0,0,0.0,0
CGTGCACTTATGGC-1,1,1068,1.530446,3.170677,1,1.44939,1,0.0,0,3.4126198,1,3.692029,1,2.6420572,1,3.0234978,1,5.749423,1,2.017703,1,1.44939,1,5.80986,1,3.0234978,1,3.0234978,1,3.2989476,1,4.032979,1,0.0,0,1.44939,1,3.9101758,1,1.44939,1,4.524984,1
CGTGTAGAAAAACG-1,0,795,2.1696253,1.7805973,1,0.0,0,0.0,0,1.7805973,1,0.0,0,0.0,0,0.0,0,3.2452059,1,2.3857121,1,0.0,0,1.7805973,1,1.7805973,1,2.3857121,1,2.3857121,1,1.7805973,1,1.7805973,1,0.0,0,3.5704842,1,0.0,0,2.3857121,1
CGTGTAGACGATAC-1,2,787,1.4510278,0.0,0,3.620698,1,0.0,0,1.9545308,1,0.0,0,2.5742302,1,1.9545308,1,2.5742302,1,1.9545308,1,0.0,0,2.9539628,1,0.0,0,0.0,0,0.0,0,2.5742302,1,0.0,0,0.0,0,1.9545308,1,0.0,0,0.0,0
CGTGTAGAGTTACG-1,2,951,1.7831326,1.7615753,1,2.7385666,1,3.5482142,1,1.7615753,1,0.0,0,1.7615753,1,0.0,0,3.7931135,1,0.0,0,0.0,0,3.6781423,1,1.7615753,1,1.7615753,1,1.7615753,1,3.0099509,1,0.0,0,0.0,0,3.896219,1,0.0,0,0.0,0
CGTGTAGAGTTCAG-1,1,720,1.7460319,2.8262136,1,2.4499366,1,0.0,0,2.8262136,1,3.3130593,1,2.4499366,1,0.0,0,5.3090825,1,3.6390758,1,1.8395661,1,6.2635636,1,2.4499366,1,3.6390758,1,3.0989757,1,5.477389,1,0.0,0,0.0,0,4.245913,1,1.8395661,1,3.9878364,1
CGTGTAGATTCGGA-1,2,842,1.6129031,0.0,0,2.5608974,1,2.9402802,1,0.0,0,0.0,0,1.9421482,1,0.0,0,2.9402802,1,1.9421482,1,0.0,0,1.9421482,1,0.0,0,0.0,0,1.9421482,1,2.5608974,1,0.0,0,0.0,0,3.7569122,1,0.0,0,2.5608974,1
CGTTAGGAAACCAC-1,0,890,2.0062418,0.0,0,0.0,0,0.0,0,1.6982334,1,0.0,0,0.0,0,0.0,0,3.324522,1,0.0,0,0.0,0,4.0781426,1,1.6982334,1,1.6982334,1,0.0,0,2.2954166,1,0.0,0,0.0,0,0.0,0,0.0,0,1.6982334,1
CGTTAGGATCATTC-1,1,1355,1.2242899,3.4148295,1,3.4923396,1,0.0,0,3.6942573,1,3.1380486,1,2.3799093,1,2.1226137,1,5.164898,1,3.330803,1,1.7752846,1,6.1508956,1,3.4923396,1,2.5843675,1,2.7540355,1,3.8621736,1,0.0,0,1.7752846,1,3.753418,1,2.5843675,1,4.277755,1
CGTTATACCCTGAA-1,2,1005,3.2649643,0.0,0,0.0,0,2.2388175,1,0.0,0,0.0,0,2.6081078,1,0.0,0,3.089021,1,2.2388175,1,0.0,0,3.656357,1,0.0,0,1.6469485,1,0.0,0,2.6081078,1,0.0,0,0.0,0,2.8772,1,0.0,0,0.0,0
CGTTTAACTGGTCA-1,0,872,1.4094687,0.0,0,0.0,0,0.0,0,0.0,0,1.5291001,1,1.5291001,1,0.0,0,2.9481223,1,1.5291001,1,0.0,0,3.5123274,1,0.0,0,2.1075485,1,0.0,0,2.738003,1,0.0,0,0.0,0,2.738003,1,0.0,0,1.5291001,1
CTAAACCTCTGACA-1,2,1185,3.6320567,0.0,0,3.4841766,1,3.206669,1,0.0,0,1.599276,1,3.4841766,1,0.0,0,3.598545,1,2.5532148,1,0.0,0,3.4841766,1,0.0,0,0.0,0,3.206669,1,1.599276,1,0.0,0,0.0,0,2.5532148,1,0.0,0,1.599276,1
CTAAACCTGTGCAT-1,3,912,1.4285715,0.0,0,1.6043375,1,0.0,0,1.6043375,1,0.0,0,0.0,0,0.0,0,4.036784,1,3.0384476,1,1.6043375,1,3.9640331,1,0.0,0,0.0,0,0.0,0,3.2127523,1,0.0,0,0.0,0,0.0,0,0.0,0,0.0,0
CTAACACTAACGTC-1,0,869,3.762663,0.0,0,0.0,0,0.0,0,0.0,0,1.5299498,1,2.1085014,1,1.5299498,1,3.8718941,1,1.5299498,1,0.0,0,3.2705424,1,1.5299498,1,0.0,0,0.0,0,1.5299498,1,0.0,0,0.0,0,3.2705424,1,2.4726515,1,0.0,0
CTAACACTAGTGCT-1,4,894,2.2929935,3.1015067,1,2.8895457,1,1.65752,1,3.4250438,1,3.5544984,1,2.6202278,1,2.6202278,1,5.5929103,1,2.2505093,1,1.65752,1,5.8433967,1,3.276303,1,3.5544984,1,3.276303,1,3.8651228,1,0.0,0,0.0,0,4.1696725,1,2.6202278,1,3.669099,1
CTAACGGAACCGAT-1,2,997,1.5507754,0.0,0,2.773996,1,2.39926,1,1.7930106,1,0.0,0,2.773996,1,0.0,0,3.045952,1,0.0,0,0.0,0,2.773996,1,2.39926,1,1.7930106,1,0.0,0,0.0,0,0.0,0,0.0,0,3.43544,1,0.0,0,0.0,0
CTAACGGATTTCTG-1,0,770,1.3735046,0.0,0,0.0,0,0.0,0,1.6924223,1,0.0,0,0.0,0,0.0,0,2.930153,1,0.0,0,0.0,0,3.1425614,1,0.0,0,1.6924223,1,0.0,0,2.930153,1,0.0,0,0.0,0,1.6924223,1,1.6924223,1,0.0,0
CTAACTACGGCAAG-1,0,554,1.2432013,0.0,0,0.0,0,0.0,0,2.8065128,1,0.0,0,2.1720264,1,0.0,0,3.6858811,1,2.1720264,1,0.0,0,3.4689867,1,0.0,0,0.0,0,0.0,0,3.1916342,1,0.0,0,0.0,0,0.0,0,0.0,0,0.0,0
CTAAGGACACCATG-1,0,806,2.6697893,0.0,0,0.0,0,0.0,0,0.0,0,0.0,0,0.0,0,0.0,0,3.1958191,1,0.0,0,0.0,0,2.982857,1,1.7380133,1,0.0,0,0.0,0,2.7119164,1,0.0,0,0.0,0,0.0,0,0.0,0,0.0,0
CTAAGGACCGTTAG-1,0,1426,1.7502278,0.0,0,1.0379725,1,0.0,0,1.8672471,1,0.0,0,1.8672471,1,0.0,0,3.2070189,1,0.0,0,0.0,0,3.2070189,1,0.0,0,0.0,0,0.0,0,1.8672471,1,0.0,0,0.0,0,0.0,0,0.0,0,1.0379725,1
CTAAGGACGCCATA-1,1,1012,1.9798541,2.435708,1,3.5764482,1,0.0,0,3.5764482,1,3.0841007,1,2.435708,1,1.4984248,1,5.0361986,1,3.360274,1,1.4984248,1,5.7595067,1,2.07308,1,3.360274,1,3.0841007,1,3.9048955,1,0.0,0,1.4984248,1,4.035906,1,0.0,0,4.0954905,1
CTAAGGTGCCTAAG-1,3,452,1.8001801,0.0,0,0.0,0,0.0,0,0.0,0,0.0,0,2.9445338,1,0.0,0,3.8287392,1,0.0,0,0.0,0,2.9445338,1,2.3026752,1,2.9445338,1,0.0,0,3.6110153,1,0.0,0,0.0,0,0.0,0,0.0,0,0.0,0
CTAAGGTGTTGCAG-1,0,896,3.8188577,0.0,0,0.0,0,0.0,0,1.4774609,1,1.4774609,1,0.0,0,0.0,0,2.4110284,1,2.0494475,1,0.0,0,2.4110284,1,0.0,0,1.4774609,1,2.0494475,1,2.0494475,1,0.0,0,0.0,0,3.550136,1,2.0494475,1,1.4774609,1
CTAAGGTGTTTCTG-1,0,426,0.89197224,0.0,0,0.0,0,0.0,0,0.0,0,0.0,0,0.0,0,0.0,0,3.4253178,1,2.3897533,1,0.0,0,0.0,0,2.3897533,1,0.0,0,0.0,0,2.3897533,1,0.0,0,0.0,0,3.4253178,1,0.0,0,0.0,0
CTAATAGAGCTATG-1,0,239,0.16666667,0.0,0,0.0,0,0.0,0,0.0,0,0.0,0,0.0,0,0.0,0,3.5361168,1,0.0,0,0.0,0,0.0,0,0.0,0,0.0,0,0.0,0,0.0,0,0.0,0,0.0,0,0.0,0,0.0,0,0.0,0
CTAATGCTTGTGGT-1,1,829,2.8543782,2.367985,1,1.7643762,1,1.7643762,1,1.7643762,1,2.7417293,1,0.0,0,0.0,0,5.587571,1,2.7417293,1,0.0,0,5.948548,1,2.367985,1,1.7643762,1,3.4021163,1,3.8995314,1,0.0,0,0.0,0,4.421786,1,1.7643762,1,4.2302003,1
CTACAACTCCCGTT-1,2,895,2.0510483,0.0,0,0.0,0,2.9565518,1,0.0,0,0.0,0,2.9565518,1,0.0,0,2.3140957,1,0.0,0,0.0,0,3.1692412,1,2.3140957,1,1.7152176,1,1.7152176,1,2.9565518,1,0.0,0,0.0,0,2.3140957,1,0.0,0,0.0,0
CTACCTCTCAACCA-1,0,787,0.8140531,0.0,0,0.0,0,0.0,0,1.6651236,1,0.0,0,2.898412,1,0.0,0,3.6782465,1,2.2589104,1,1.6651236,1,3.1104722,1,1.6651236,1,2.2589104,1,1.6651236,1,2.6289334,1,0.0,0,0.0,0,1.6651236,1,0.0,0,0.0,0
CTACGCACACCTAG-1,4,1139,2.504713,3.9023266,1,3.7870648,1,2.2067626,1,2.9891067,1,3.5069082,1,3.5069082,1,2.6725674,1,6.169797,1,3.9023266,1,1.8548651,1,6.129532,1,2.2067626,1,2.6725674,1,2.466545,1,3.7240357,1,2.466545,1,1.3070936,1,4.053588,1,1.8548651,1,3.9553304,1
CTACGCACTCTCCG-1,0,925,1.32626,0.0,0,0.0,0,0.0,0,0.0,0,0.0,0,3.167714,1,0.0,0,3.4448156,1,1.566987,1,0.0,0,3.6615565,1,0.0,0,0.0,0,1.566987,1,1.566987,1,0.0,0,0.0,0,3.167714,1,0.0,0,0.0,0
CTACGCACTGGTCA-1,2,1015,2.0639417,0.0,0,0.0,0,0.0,0,0.0,0,1.6197572,1,1.6197572,1,0.0,0,2.5768468,1,1.6197572,1,0.0,0,3.379737,1,1.6197572,1,0.0,0,0.0,0,3.0567954,1,0.0,0,0.0,0,3.7261424,1,1.6197572,1,0.0,0
CTACGGCTTTCTTG-1,1,1360,1.6607052,2.7936985,1,3.0659637,1,0.0,0,3.3716245,1,3.2797418,1,2.6235414,1,1.8105456,1,4.5331163,1,3.4557705,1,2.1599464,1,5.615269,1,3.2797418,1,2.9390686,1,3.0659637,1,3.0659637,1,0.0,0,2.6235414,1,4.4470816,1,3.0659637,1,4.2118187,1
CTACTATGAACCAC-1,1,1097,2.4153075,3.1348386,1,0.0,0,0.0,0,2.3439295,1,2.6073318,1,2.3439295,1,1.4208658,1,5.101795,1,2.3439295,1,0.0,0,4.95816,1,3.2629168,1,3.2629168,1,2.987913,1,3.8059921,1,0.0,0,0.0,0,3.9367402,1,2.3439295,1,4.204017,1
CTACTATGATGTGC-1,1,650,2.3451593,1.948314,1,2.5675378,1,0.0,0,3.613646,1,3.763939,1,1.948314,1,2.5675378,1,5.840526,1,3.763939,1,2.5675378,1,6.001734,1,0.0,0,0.0,0,2.9470954,1,4.2074547,1,1.948314,1,1.948314,1,3.763939,1,1.948314,1,3.613646,1
CTACTATGCTAAGC-1,2,853,2.4020693,1.5471848,1,0.0,0,0.0,0,1.5471848,1,0.0,0,2.7595606,1,0.0,0,3.2916644,1,0.0,0,0.0,0,3.5346794,1,0.0,0,0.0,0,0.0,0,2.4927654,1,0.0,0,0.0,0,2.4927654,1,0.0,0,0.0,0
CTACTATGTAAAGG-1,3,549,2.5296443,0.0,0,0.0,0,0.0,0,0.0,0,0.0,0,0.0,0,0.0,0,0.0,0,0.0,0,0.0,0,3.4857092,1,0.0,0,2.8227344,1,0.0,0,0.0,0,0.0,0,0.0,0,0.0,0,0.0,0,0.0,0
CTACTCCTATGTCG-1,2,1052,1.8340211,0.0,0,2.6915927,1,2.3194528,1,0.0,0,0.0,0,2.9621863,1,1.720094,1,3.4993935,1,0.0,0,0.0,0,3.174935,1,0.0,0,1.720094,1,1.720094,1,2.6915927,1,0.0,0,0.0,0,3.7439706,1,0.0,0,0.0,0
CTACTCCTGCCATA-1,1,307,3.7542663,3.5590467,1,3.5590467,1,0.0,0,2.8939679,1,3.5590467,1,2.8939679,1,0.0,0,5.5489697,1,3.5590467,1,0.0,0,6.1713157,1,0.0,0,3.5590467,1,3.954978,1,4.237859,1,0.0,0,2.8939679,1,4.237859,1,3.5590467,1,3.5590467,1
CTAGAGACACTTTC-1,0,1152,1.9056545,1.9812709,1,0.0,0,0.0,0,1.4173028,1,1.4173028,1,2.6029792,1,0.0,0,3.1303434,1,1.4173028,1,0.0,0,3.729006,1,1.9812709,1,0.0,0,0.0,0,1.4173028,1,0.0,0,1.4173028,1,2.8112013,1,1.4173028,1,1.4173028,1
CTAGAGACAGCATC-1,2,907,0.8159565,0.0,0,0.0,0,0.0,0,0.0,0,0.0,0,3.1640165,1,0.0,0,3.3392706,1,2.6809719,1,0.0,0,3.3392706,1,0.0,0,0.0,0,1.7107468,1,2.3091817,1,0.0,0,0.0,0,3.4883423,1,0.0,0,1.7107468,1
CTAGAGACTTTGGG-1,1,1628,3.3502355,3.8741996,1,3.8741996,1,2.4748075,1,3.946823,1,3.7958863,1,1.8624835,1,2.7412202,1,5.5263553,1,4.612424,1,2.1105702,1,5.734151,1,2.6168597,1,2.7412202,1,3.0419288,1,3.8741996,1,1.5317948,1,2.4748075,1,4.575757,1,1.8624835,1,3.9111705,1
CTAGATCTCTCTAT-1,0,731,1.8111964,0.0,0,0.0,0,0.0,0,2.4829838,1,0.0,0,2.4829838,1,0.0,0,2.860223,1,1.8700274,1,1.8700274,1,3.5243247,1,0.0,0,0.0,0,0.0,0,1.8700274,1,0.0,0,0.0,0,1.8700274,1,0.0,0,0.0,0
CTAGATCTTCGACA-1,0,897,1.4214047,0.0,0,0.0,0,0.0,0,2.236574,1,0.0,0,0.0,0,0.0,0,3.409966,1,1.6449213,1,0.0,0,3.409966,1,1.6449213,1,0.0,0,1.6449213,1,2.236574,1,0.0,0,0.0,0,2.236574,1,0.0,0,0.0,0
CTAGGATGAGCCTA-1,3,1749,1.5651581,0.0,0,0.0,0,0.0,0,2.2536304,1,0.0,0,0.9948981,1,0.0,0,3.4003847,1,2.0564024,1,0.0,0,3.455688,1,2.0564024,1,1.4836246,1,1.4836246,1,3.0658822,1,0.0,0,0.0,0,0.0,0,0.0,0,1.4836246,1
CTAGGATGATCGTG-1,3,762,1.7137563,0.0,0,0.0,0,0.0,0,1.7284245,1,1.7284245,1,0.0,0,0.0,0,3.3600504,1,1.7284245,1,0.0,0,4.255281,1,0.0,0,0.0,0,0.0,0,3.1846516,1,0.0,0,0.0,0,2.7010472,1,0.0,0,0.0,0
CTAGGCCTCTCAGA-1,0,712,0.2002002,1.7925932,1,0.0,0,0.0,0,1.7925932,1,0.0,0,2.7735267,1,0.0,0,3.8296201,1,0.0,0,0.0,0,3.2590585,1,1.7925932,1,0.0,0,0.0,0,2.398805,1,0.0,0,0.0,0,4.19064,1,0.0,0,0.0,0
CTAGGTGATGGTTG-1,4,1195,1.9360787,3.9748738,1,3.355442,1,3.355442,1,3.5497482,1,4.0841203,1,3.2420113,1,2.795188,1,5.7797546,1,3.8522117,1,2.795188,1,5.789204,1,3.2420113,1,4.0841203,1,3.2420113,1,3.5497482,1,1.9665922,1,2.5872047,1,3.9748738,1,2.795188,1,3.4573069,1
CTAGTTACCAGAGG-1,0,851,1.9336009,0.0,0,0.0,0,0.0,0,1.5367887,1,1.5367887,1,3.2789335,1,0.0,0,2.9574163,1,1.5367887,1,0.0,0,1.5367887,1,1.5367887,1,0.0,0,0.0,0,2.1161675,1,0.0,0,0.0,0,2.9574163,1,0.0,0,0.0,0
CTAGTTACCGCATA-1,0,864,2.20339,0.0,0,0.0,0,0.0,0,1.656833,1,0.0,0,2.24975,1,0.0,0,3.4242227,1,0.0,0,0.0,0,2.6194408,1,0.0,0,2.24975,1,0.0,0,2.24975,1,0.0,0,1.656833,1,0.0,0,0.0,0,0.0,0
CTAGTTACGAAACA-1,2,968,2.269693,1.6964121,1,2.2934117,1,3.9973216,1,0.0,0,0.0,0,3.8186665,1,0.0,0,2.6646574,1,2.2934117,1,0.0,0,3.3223727,1,0.0,0,0.0,0,0.0,0,2.9347804,1,0.0,0,0.0,0,2.2934117,1,0.0,0,1.6964121,1
CTAGTTTGAGTACC-1,2,742,5.6214867,0.0,0,0.0,0,1.9804629,1,0.0,0,0.0,0,0.0,0,0.0,0,4.150425,1,0.0,0,0.0,0,0.0,0,1.9804629,1,0.0,0,0.0,0,2.602111,1,0.0,0,0.0,0,1.9804629,1,0.0,0,0.0,0
CTATAAGATCGTTT-1,3,845,1.0599415,2.1184177,1,0.0,0,0.0,0,1.5387971,1,0.0,0,2.1184177,1,0.0,0,3.7196224,1,2.4829838,1,0.0,0,3.8046114,1,1.5387971,1,2.1184177,1,0.0,0,2.4829838,1,0.0,0,0.0,0,0.0,0,0.0,0,0.0,0
CTATACTGAGGTTC-1,1,331,0.40983605,4.0189886,1,3.3436532,1,0.0,0,2.6852047,1,0.0,0,0.0,0,2.6852047,1,5.50899,1,2.6852047,1,2.6852047,1,5.50899,1,0.0,0,3.3436532,1,0.0,0,3.7372792,1,0.0,0,2.6852047,1,4.0189886,1,0.0,0,4.4184456,1
CTATACTGCCAGTA-1,0,840,2.1173847,0.0,0,0.0,0,0.0,0,0.0,0,0.0,0,2.1320555,1,1.5509802,1,2.1320555,1,1.5509802,1,0.0,0,2.7640753,1,1.5509802,1,1.5509802,1,2.1320555,1,0.0,0,0.0,0,0.0,0,1.5509802,1,0.0,0,0.0,0
CTATACTGCGCTAA-1,1,734,1.6155088,3.3300471,1,3.1158116,1,0.0,0,3.1158116,1,2.842802,1,1.8544104,1,1.8544104,1,5.352471,1,2.842802,1,3.3300471,1,6.017334,1,1.8544104,1,3.1158116,1,2.842802,1,3.3300471,1,0.0,0,1.8544104,1,3.9017985,1,0.0,0,4.2632866,1
CTATACTGCTACGA-1,2,948,1.8779343,1.739947,1,3.198069,1,2.985084,1,0.0,0,0.0,0,3.3735604,1,0.0,0,3.5228038,1,0.0,0,0.0,0,3.8705845,1,0.0,0,0.0,0,1.739947,1,2.7141066,1,0.0,0,0.0,0,2.985084,1,0.0,0,0.0,0
CTATACTGTCTCAT-1,2,842,4.002255,0.0,0,0.0,0,2.5074797,1,0.0,0,0.0,0,3.7002854,1,0.0,0,2.5074797,1,0.0,0,0.0,0,3.5502458,1,0.0,0,1.8926568,1,2.5074797,1,1.8926568,1,0.0,0,0.0,0,3.7002854,1,2.8854115,1,0.0,0
CTATACTGTTCGTT-1,0,1543,1.23199,1.6489818,1,0.0,0,0.0,0,0.0,0,1.9882196,1,1.1316731,1,1.6489818,1,3.65881,1,1.1316731,1,0.0,0,3.1825953,1,0.0,0,0.0,0,1.1316731,1,2.2410672,1,0.0,0,0.0,0,2.6104405,1,0.0,0,1.1316731,1
CTATAGCTGTCACA-1,0,661,1.977401,0.0,0,0.0,0,0.0,0,0.0,0,0.0,0,1.7422743,1,0.0,0,3.376286,1,0.0,0,0.0,0,2.716742,1,1.7422743,1,0.0,0,0.0,0,1.7422743,1,0.0,0,0.0,0,2.3437877,1,0.0,0,0.0,0
CTATAGCTTCGCTC-1,1,981,2.7526543,2.8175406,1,3.0286617,1,0.0,0,2.8175406,1,3.480356,1,2.182429,1,1.5961318,1,5.621754,1,3.480356,1,2.8175406,1,6.006828,1,2.182429,1,3.8755026,1,1.5961318,1,4.0266857,1,0.0,0,1.5961318,1,3.7903752,1,0.0,0,3.3512144,1
CTATAGCTTGCCTC-1,1,912,3.4027224,3.6116967,1,3.0452847,1,0.0,0,2.197936,1,3.0452847,1,0.0,0,0.0,0,5.1306944,1,4.8606067,1,0.0,0,5.734139,1,3.0452847,1,3.0452847,1,2.8339665,1,4.175175,1,1.6100782,1,0.0,0,4.5333915,1,1.6100782,1,4.291249,1
CTATCAACGAACTC-1,0,912,2.1411576,0.0,0,0.0,0,0.0,0,0.0,0,1.6030685,1,1.6030685,1,0.0,0,2.5575964,1,1.6030685,1,0.0,0,3.036935,1,2.1901448,1,1.6030685,1,1.6030685,1,2.1901448,1,0.0,0,0.0,0,0.0,0,0.0,0,0.0,0
CTATCAACGCAGAG-1,0,1063,2.2447045,0.0,0,0.0,0,0.0,0,1.9918545,1,0.0,0,1.9918545,1,0.0,0,3.2701943,1,0.0,0,1.4266099,1,3.4857092,1,1.4266099,1,1.4266099,1,2.614342,1,1.4266099,1,0.0,0,0.0,0,3.3837464,1,0.0,0,0.0,0
CTATCAACTTTGGG-1,0,683,3.3543997,0.0,0,0.0,0,0.0,0,2.3741465,1,1.7700114,1,2.3741465,1,0.0,0,3.4086866,1,0.0,0,0.0,0,3.2329602,1,1.7700114,1,0.0,0,0.0,0,1.7700114,1,0.0,0,0.0,0,0.0,0,2.7480886,1,0.0,0
CTATCCCTCCACCT-1,1,823,2.2089279,3.6331663,1,2.966108,1,0.0,0,2.3231819,1,3.1788976,1,0.0,0,2.3231819,1,5.381695,1,2.966108,1,1.7234898,1,6.0180106,1,3.6331663,1,2.966108,1,1.7234898,1,4.0297813,1,0.0,0,0.0,0,4.249363,1,2.3231819,1,4.1084557,1
CTATGTACGAGAGC-1,0,996,1.1764706,0.0,0,0.0,0,0.0,0,1.4304695,1,1.9962397,1,0.0,0,0.0,0,2.999922,1,1.9962397,1,0.0,0,3.1469343,1,0.0,0,1.4304695,1,1.9962397,1,1.4304695,1,0.0,0,0.0,0,2.999922,1,0.0,0,0.0,0
CTATGTACGCTTAG-1,0,695,1.9286404,0.0,0,0.0,0,0.0,0,0.0,0,1.7623744,1,2.3657956,1,0.0,0,3.6790826,1,1.7623744,1,0.0,0,1.7623744,1,0.0,0,0.0,0,2.3657956,1,1.7623744,1,0.0,0,0.0,0,2.739469,1,0.0,0,0.0,0
CTATGTACTGTTTC-1,3,1483,1.2018235,1.1226441,1,1.1226441,1,0.0,0,1.6382074,1,0.0,0,1.1226441,1,0.0,0,2.978419,1,1.1226441,1,1.1226441,1,2.866975,1,1.1226441,1,1.1226441,1,1.1226441,1,2.4305246,1,0.0,0,0.0,0,1.6382074,1,0.0,0,0.0,0
CTATGTTGAAAGCA-1,0,927,1.9570706,0.0,0,0.0,0,0.0,0,0.0,0,1.4251689,1,2.3490562,1,0.0,0,3.6610641,1,0.0,0,0.0,0,2.3490562,1,0.0,0,0.0,0,1.9902167,1,2.8209503,1,0.0,0,0.0,0,3.5763867,1,0.0,0,1.4251689,1
CTATGTTGTCCTCG-1,0,574,1.4067278,0.0,0,0.0,0,0.0,0,1.962375,1,0.0,0,0.0,0,0.0,0,3.6295872,1,1.962375,1,0.0,0,1.962375,1,0.0,0,0.0,0,0.0,0,4.129745,1,0.0,0,0.0,0,0.0,0,0.0,0,0.0,0
CTATGTTGTCTCGC-1,0,1052,2.4327419,0.0,0,1.35141,1,0.0,0,1.35141,1,0.0,0,2.5218391,1,0.0,0,3.782894,1,0.0,0,0.0,0,3.0464292,1,1.9059415,1,0.0,0,1.9059415,1,1.9059415,1,0.0,0,0.0,0,3.9053764,1,1.35141,1,1.35141,1
CTATTGACAAACGA-1,1,571,4.2668734,2.8043237,1,3.1894,1,0.0,0,2.1699622,1,3.1894,1,0.0,0,0.0,0,5.4204493,1,2.8043237,1,2.1699622,1,5.922601,1,3.1894,1,2.1699622,1,2.8043237,1,3.6836095,1,0.0,0,2.1699622,1,4.364111,1,0.0,0,4.765325,1
CTATTGACACTGGT-1,1,1028,2.2108843,3.6487784,1,3.7336187,1,2.4165878,1,3.8843484,1,3.811821,1,2.6817112,1,2.4165878,1,5.2900133,1,3.5560672,1,2.4165878,1,6.175358,1,3.7336187,1,3.0640965,1,3.0640965,1,3.7336187,1,1.4821765,1,2.4165878,1,4.234836,1,2.6817112,1,4.8433456,1
CTATTGACGGTGAG-1,4,1263,1.6129031,3.8367462,1,3.2660635,1,2.9256089,1,4.0334888,1,3.357899,1,2.9256089,1,3.357899,1,5.5337043,1,4.8834186,1,3.2660635,1,6.1197333,1,3.357899,1,3.1649337,1,3.1649337,1,4.0334888,1,1.2586873,1,2.4054291,1,3.889678,1,2.4054291,1,5.5337043,1
CTATTGTGGCAAGG-1,0,671,3.6101084,0.0,0,0.0,0,0.0,0,0.0,0,0.0,0,0.0,0,0.0,0,3.288891,1,0.0,0,0.0,0,3.8599632,1,0.0,0,0.0,0,1.8185024,1,1.8185024,1,0.0,0,0.0,0,3.075028,1,0.0,0,0.0,0
CTCAATTGGTTCAG-1,0,958,1.3592833,0.0,0,0.0,0,0.0,0,1.4088359,1,1.4088359,1,1.9716308,1,0.0,0,2.5926213,1,2.3295746,1,0.0,0,2.972829,1,1.4088359,1,1.4088359,1,1.4088359,1,1.9716308,1,0.0,0,0.0,0,3.247639,1,0.0,0,0.0,0
CTCAATTGGTTGCA-1,1,747,3.1446543,3.480102,1,2.8172941,1,0.0,0,3.7600532,1,2.8172941,1,2.441275,1,0.0,0,5.1287313,1,3.480102,1,2.441275,1,5.4898324,1,2.441275,1,2.8172941,1,3.0899215,1,3.9785292,1,0.0,0,1.8315952,1,4.3096404,1,1.8315952,1,4.5014224,1
CTCAGAGATAGAAG-1,0,866,1.3629284,1.5889567,1,0.0,0,0.0,0,1.5889567,1,0.0,0,1.5889567,1,0.0,0,2.5412796,1,2.1744416,1,1.5889567,1,3.4716275,1,0.0,0,1.5889567,1,0.0,0,2.809074,1,0.0,0,0.0,0,0.0,0,0.0,0,1.5889567,1
CTCAGCACTCTAGG-1,0,896,2.0051193,0.0,0,0.0,0,0.0,0,0.0,0,0.0,0,2.255081,1,0.0,0,3.4299865,1,1.661657,1,0.0,0,3.6740777,1,0.0,0,1.661657,1,0.0,0,2.255081,1,0.0,0,0.0,0,2.255081,1,2.255081,1,0.0,0
CTCAGCACTGAACC-1,1,489,1.4744146,2.270898,1,3.7941508,1,0.0,0,2.911056,1,3.7941508,1,0.0,0,0.0,0,5.8025646,1,2.270898,1,2.270898,1,5.948756,1,3.7941508,1,0.0,0,3.2982152,1,4.8776484,1,0.0,0,2.911056,1,3.7941508,1,2.911056,1,3.7941508,1
CTCAGCACTTGCAG-1,0,643,1.5591397,0.0,0,1.8525949,1,0.0,0,2.464082,1,0.0,0,0.0,0,0.0,0,3.1137543,1,1.8525949,1,0.0,0,1.8525949,1,1.8525949,1,0.0,0,0.0,0,2.464082,1,0.0,0,0.0,0,1.8525949,1,0.0,0,0.0,0
CTCAGCTGAACCTG-1,1,923,2.5614753,2.685523,1,2.420315,1,0.0,0,2.0583372,1,1.4853401,1,0.0,0,0.0,0,4.973222,1,3.0679972,1,1.4853401,1,5.9760814,1,2.420315,1,1.4853401,1,2.0583372,1,3.7376127,1,0.0,0,1.4853401,1,3.215481,1,0.0,0,3.4578362,1
CTCAGCTGCAGTTG-1,0,820,2.4765158,1.6623489,1,1.6623489,1,0.0,0,1.6623489,1,0.0,0,0.0,0,0.0,0,3.4308128,1,0.0,0,0.0,0,3.1072018,1,0.0,0,0.0,0,0.0,0,1.6623489,1,0.0,0,0.0,0,3.4308128,1,0.0,0,1.6623489,1
CTCAGCTGTTTCTG-1,0,646,5.1696286,0.0,0,1.8539562,1,0.0,0,1.8539562,1,2.842295,1,0.0,0,0.0,0,3.505863,1,0.0,0,0.0,0,3.3295276,1,1.8539562,1,0.0,0,0.0,0,1.8539562,1,0.0,0,0.0,0,2.465559,1,0.0,0,0.0,0
CTCAGGCTCGTTGA-1,4,1466,2.463929,3.7659206,1,3.3198001,1,3.0440993,1,3.1446846,1,3.3970573,1,3.0440993,1,2.0364957,1,5.9365067,1,4.214156,1,2.9322534,1,5.9247036,1,3.1446846,1,3.1446846,1,3.0440993,1,3.7659206,1,2.2910125,1,2.2910125,1,4.073327,1,3.598401,1,4.073327,1
CTCAGGCTGCTAAC-1,0,550,1.6694492,0.0,0,0.0,0,0.0,0,2.2358274,1,0.0,0,2.874041,1,0.0,0,3.538547,1,0.0,0,0.0,0,3.538547,1,2.2358274,1,0.0,0,0.0,0,0.0,0,0.0,0,0.0,0,3.2605035,1,0.0,0,2.2358274,1
CTCATTGACCTTAT-1,0,1112,0.6767644,0.0,0,0.0,0,0.0,0,1.4404719,1,0.0,0,0.0,0,0.0,0,3.758754,1,0.0,0,1.4404719,1,2.839864,1,1.4404719,1,1.4404719,1,2.0075932,1,3.012399,1,0.0,0,0.0,0,3.1595001,1,1.4404719,1,1.4404719,1
CTCATTGATGCTTT-1,1,1006,2.1283672,2.8697948,1,3.711623,1,2.6607294,1,3.9298668,1,3.711623,1,3.4320538,1,2.6607294,1,6.3570023,1,3.0426197,1,2.0351448,1,5.940807,1,2.6607294,1,3.3183026,1,2.8697948,1,3.9931767,1,1.4648005,1,2.8697948,1,3.8622763,1,0.0,0,4.212625,1
CTCATTGATTGCTT-1,1,303,20.0,2.8843477,1,2.8843477,1,0.0,0,0.0,0,3.5491512,1,0.0,0,0.0,0,2.8843477,1,0.0,0,2.8843477,1,5.0306144,1,0.0,0,0.0,0,0.0,0,4.448042,1,0.0,0,0.0,0,3.944987,1,0.0,0,3.5491512,1
CTCCACGAGAGATA-1,5,1448,2.0262988,2.2652688,1,1.6708825,1,0.0,0,3.5705142,1,2.0116024,1,2.4674335,1,2.2652688,1,4.9039598,1,3.2921689,1,0.0,0,4.4941893,1,2.0116024,1,1.6708825,1,2.6355205,1,3.440995,1,0.0,0,1.1500747,1,3.7379112,1,1.1500747,1,4.7294946,1
CTCCATCTCTTAGG-1,0,727,1.185396,0.0,0,0.0,0,0.0,0,0.0,0,0.0,0,2.723809,1,0.0,0,2.350629,1,0.0,0,0.0,0,4.211315,1,1.7485186,1,0.0,0,0.0,0,2.350629,1,0.0,0,0.0,0,1.7485186,1,1.7485186,1,0.0,0
CTCCATCTGACGAG-1,0,899,1.5240735,1.49627,1,0.0,0,0.0,0,1.49627,1,0.0,0,1.49627,1,0.0,0,3.9021757,1,2.070654,1,1.49627,1,2.4331756,1,1.49627,1,1.49627,1,0.0,0,1.49627,1,0.0,0,0.0,0,2.070654,1,0.0,0,0.0,0
CTCCGAACAAGTGA-1,4,998,2.248569,3.634961,1,3.2426019,1,4.1987143,1,3.5204704,1,3.2426019,1,3.994534,1,3.5204704,1,5.327886,1,3.0680623,1,3.3911567,1,5.7960677,1,3.994534,1,4.4188504,1,3.0680623,1,4.314828,1,2.5877733,1,2.2192123,1,4.4188504,1,3.5204704,1,4.135176,1
CTCCTACTGCCTTC-1,1,563,3.7151701,3.187171,1,3.187171,1,0.0,0,2.80214,1,3.6813436,1,2.1679032,1,0.0,0,6.056073,1,3.859458,1,2.1679032,1,6.0377674,1,0.0,0,3.6813436,1,2.1679032,1,4.141856,1,0.0,0,2.1679032,1,3.859458,1,2.1679032,1,4.141856,1
CTCGAAGATGTGGT-1,0,870,2.303523,0.0,0,0.0,0,0.0,0,1.4790288,1,2.0512173,1,2.0512173,1,0.0,0,2.8872228,1,2.0512173,1,0.0,0,5.1962852,1,0.0,0,2.0512173,1,0.0,0,2.0512173,1,0.0,0,1.4790288,1,1.4790288,1,0.0,0,1.4790288,1
CTCGAAGATTAGGC-1,1,903,0.96923727,2.6131697,1,1.6513617,1,0.0,0,3.4176784,1,3.2689776,1,0.0,0,1.6513617,1,4.813875,1,2.2437,1,1.6513617,1,5.6903095,1,3.0942361,1,2.6131697,1,3.2689776,1,3.8576689,1,0.0,0,0.0,0,4.4459577,1,0.0,0,4.0942955,1
CTCGACTGCTCTAT-1,0,516,1.048951,0.0,0,0.0,0,0.0,0,2.2771552,1,0.0,0,2.9176524,1,0.0,0,3.304933,1,0.0,0,0.0,0,2.9176524,1,0.0,0,0.0,0,2.2771552,1,2.2771552,1,0.0,0,0.0,0,0.0,0,0.0,0,0.0,0
CTCGACTGGGTGAG-1,0,754,1.7301037,0.0,0,1.7834744,1,0.0,0,0.0,0,0.0,0,0.0,0,0.0,0,1.7834744,1,0.0,0,0.0,0,3.035048,1,0.0,0,0.0,0,0.0,0,2.7632632,1,0.0,0,0.0,0,2.7632632,1,1.7834744,1,0.0,0
CTCGACTGGTTGAC-1,2,879,2.2601984,1.8756199,1,2.4890418,1,3.3542564,1,1.8756199,1,1.8756199,1,2.4890418,1,0.0,0,3.5307384,1,0.0,0,0.0,0,3.680697,1,1.8756199,1,1.8756199,1,1.8756199,1,0.0,0,0.0,0,0.0,0,3.5307384,1,1.8756199,1,1.8756199,1
CTCGAGCTCTGGAT-1,2,588,0.9507347,0.0,0,0.0,0,2.9061403,1,0.0,0,0.0,0,0.0,0,0.0,0,3.5715637,1,0.0,0,0.0,0,3.2932086,1,0.0,0,0.0,0,2.2662368,1,2.2662368,1,0.0,0,2.2662368,1,3.2932086,1,0.0,0,0.0,0
CTCGCATGACTTTC-1,0,740,4.295813,0.0,0,0.0,0,0.0,0,0.0,0,0.0,0,0.0,0,0.0,0,2.85147,1,2.4744754,1,0.0,0,3.124607,1,0.0,0,0.0,0,2.4744754,1,3.124607,1,0.0,0,1.8621773,1,3.795532,1,0.0,0,0.0,0
CTCGCATGCTTAGG-1,0,798,3.5616438,0.0,0,1.717464,1,0.0,0,0.0,0,0.0,0,2.6886058,1,0.0,0,3.496286,1,1.717464,1,0.0,0,2.6886058,1,1.717464,1,0.0,0,1.717464,1,2.3165638,1,1.717464,1,0.0,0,2.959148,1,1.717464,1,0.0,0
CTCTAAACCTCGAA-1,0,798,1.056338,1.6870185,1,1.6870185,1,0.0,0,0.0,0,0.0,0,2.283065,1,0.0,0,2.923881,1,1.6870185,1,0.0,0,2.6539488,1,0.0,0,1.6870185,1,0.0,0,2.923881,1,0.0,0,0.0,0,1.6870185,1,1.6870185,1,1.6870185,1
CTCTAAACGGCGAA-1,0,653,1.747379,0.0,0,0.0,0,0.0,0,0.0,0,0.0,0,0.0,0,0.0,0,3.4335034,1,0.0,0,0.0,0,1.7913429,1,0.0,0,1.7913429,1,0.0,0,0.0,0,0.0,0,0.0,0,1.7913429,1,0.0,0,1.7913429,1
CTCTAATGTCCAAG-1,1,902,2.9927318,2.8963892,1,3.1084268,1,0.0,0,3.4320538,1,2.6269472,1,1.6633881,1,1.6633881,1,5.070506,1,3.8722162,1,3.1084268,1,5.4465938,1,3.2832754,1,3.6761599,1,2.2569935,1,3.8722162,1,0.0,0,0.0,0,3.4320538,1,2.2569935,1,3.8722162,1
CTGAACGACAGTCA-1,0,990,0.8784773,0.0,0,0.0,0,0.0,0,2.120029,1,0.0,0,0.0,0,0.0,0,3.628516,1,0.0,0,0.0,0,3.628516,1,0.0,0,0.0,0,1.5402355,1,2.120029,1,0.0,0,0.0,0,3.1352391,1,0.0,0,0.0,0
CTGAACGATGAGGG-1,0,724,2.340702,2.0157268,1,0.0,0,0.0,0,0.0,0,2.0157268,1,0.0,0,0.0,0,3.8403823,1,0.0,0,0.0,0,3.021329,1,2.0157268,1,2.63994,1,0.0,0,2.0157268,1,0.0,0,0.0,0,2.63994,1,0.0,0,0.0,0
CTGAAGACCCAACA-1,0,953,2.6879766,0.0,0,0.0,0,0.0,0,1.5333602,1,0.0,0,2.743088,1,0.0,0,4.5588827,1,0.0,0,0.0,0,3.2747285,1,1.5333602,1,0.0,0,0.0,0,1.5333602,1,0.0,0,0.0,0,3.7978382,1,0.0,0,0.0,0
CTGAAGACGTGCAT-1,3,891,2.5652175,0.0,0,0.0,0,0.0,0,1.6766901,1,0.0,0,2.9118779,1,0.0,0,3.692135,1,2.642158,1,0.0,0,3.2990522,1,0.0,0,1.6766901,1,1.6766901,1,2.642158,1,0.0,0,0.0,0,0.0,0,0.0,0,0.0,0
CTGAAGTGAAGCCT-1,4,1437,2.995335,3.9148202,1,4.2097406,1,4.0083156,1,3.6966503,1,3.417203,1,3.494719,1,3.140396,1,5.6980906,1,3.140396,1,2.1247742,1,5.814585,1,3.417203,1,3.96266,1,3.417203,1,4.245578,1,2.9013677,1,2.7563334,1,4.597945,1,3.0280068,1,3.8116732,1
CTGAAGTGCAGCTA-1,3,653,1.3395457,0.0,0,1.9219549,1,0.0,0,1.9219549,1,0.0,0,0.0,0,0.0,0,3.4068987,1,0.0,0,0.0,0,3.4068987,1,0.0,0,0.0,0,0.0,0,1.9219549,1,0.0,0,0.0,0,2.9179285,1,0.0,0,0.0,0
CTGAAGTGGCTATG-1,0,714,0.84611315,0.0,0,0.0,0,0.0,0,0.0,0,0.0,0,0.0,0,0.0,0,2.4499366,1,0.0,0,1.8395661,1,2.8262136,1,0.0,0,0.0,0,0.0,0,2.4499366,1,0.0,0,0.0,0,0.0,0,0.0,0,0.0,0
CTGAAGTGTCCAGA-1,0,956,0.60606056,0.0,0,0.0,0,0.0,0,1.3940694,1,0.0,0,1.9547911,1,0.0,0,3.34219,1,1.3940694,1,0.0,0,3.2288172,1,0.0,0,0.0,0,1.9547911,1,1.9547911,1,0.0,0,0.0,0,3.2288172,1,0.0,0,0.0,0
CTGAATCTGAATAG-1,0,877,1.8783984,0.0,0,0.0,0,0.0,0,1.7826512,1,0.0,0,0.0,0,0.0,0,3.5728846,1,1.7826512,1,0.0,0,3.0341063,1,1.7826512,1,0.0,0,1.7826512,1,3.2475796,1,0.0,0,0.0,0,2.762336,1,0.0,0,0.0,0
CTGACAGAATCGTG-1,2,1012,1.037037,0.0,0,1.5489337,1,1.5489337,1,0.0,0,0.0,0,1.5489337,1,0.0,0,2.9720666,1,0.0,0,1.5489337,1,2.9720666,1,0.0,0,0.0,0,2.4948032,1,2.129766,1,0.0,0,0.0,0,3.5368361,1,0.0,0,0.0,0
CTGACCACAGCAAA-1,0,824,0.8071025,0.0,0,0.0,0,0.0,0,2.2054443,1,0.0,0,2.2054443,1,0.0,0,3.0533268,1,1.6168388,1,0.0,0,3.3762212,1,0.0,0,1.6168388,1,0.0,0,2.573484,1,0.0,0,0.0,0,0.0,0,0.0,0,1.6168388,1
CTGAGAACCGGGAA-1,0,1077,2.0684373,0.0,0,0.0,0,0.0,0,1.8096905,1,0.0,0,1.268152,1,0.0,0,2.4174407,1,1.8096905,1,0.0,0,2.4174407,1,1.8096905,1,1.8096905,1,1.8096905,1,0.0,0,0.0,0,0.0,0,2.6225934,1,0.0,0,0.0,0
CTGAGAACGTAAAG-1,2,740,1.7605635,2.0859437,1,0.0,0,2.0859437,1,0.0,0,0.0,0,0.0,0,0.0,0,3.0981336,1,0.0,0,0.0,0,3.0981336,1,2.0859437,1,0.0,0,2.0859437,1,3.374468,1,0.0,0,0.0,0,3.374468,1,0.0,0,0.0,0
CTGATACTAGTAGA-1,0,692,1.615074,0.0,0,0.0,0,0.0,0,0.0,0,0.0,0,2.9419792,1,0.0,0,4.0834236,1,1.7026241,1,0.0,0,2.9419792,1,0.0,0,0.0,0,0.0,0,2.3002484,1,0.0,0,0.0,0,0.0,0,0.0,0,0.0,0
CTGATTTGGTGTTG-1,1,1063,1.1690047,2.0392044,1,2.665072,1,0.0,0,3.1944077,1,3.0470657,1,2.4003232,1,2.4003232,1,5.2722316,1,3.1944077,1,1.4683918,1,5.5281124,1,3.0470657,1,3.7161772,1,3.1944077,1,3.4365714,1,1.4683918,1,2.0392044,1,3.7161772,1,1.4683918,1,3.8668466,1
CTGCAGCTAACCGT-1,0,771,3.4031413,1.5559772,1,0.0,0,1.5559772,1,1.5559772,1,1.5559772,1,0.0,0,0.0,0,3.3024082,1,1.5559772,1,0.0,0,3.3024082,1,0.0,0,0.0,0,0.0,0,1.5559772,1,0.0,0,0.0,0,1.5559772,1,0.0,0,0.0,0
CTGCAGCTGACACT-1,0,808,0.7092198,0.0,0,0.0,0,0.0,0,2.0081513,1,0.0,0,2.0081513,1,0.0,0,2.840471,1,0.0,0,0.0,0,3.5965567,1,0.0,0,0.0,0,0.0,0,2.3678389,1,0.0,0,0.0,0,1.440964,1,0.0,0,1.440964,1
CTGCAGCTGGATTC-1,1,1389,1.5570934,3.3395886,1,3.1467652,1,1.782857,1,4.058518,1,3.3395886,1,1.782857,1,2.907659,1,5.6277003,1,3.2478173,1,2.592793,1,6.159986,1,3.3395886,1,2.3881795,1,3.6402447,1,3.7031417,1,1.2451371,1,1.782857,1,4.286739,1,3.7623155,1,4.286739,1
CTGCAGCTTGGCAT-1,2,1264,2.3076923,2.1624384,1,0.0,0,0.0,0,2.4209378,1,1.2709123,1,2.1624384,1,0.0,0,2.626154,1,1.812902,1,0.0,0,3.3743443,1,0.0,0,0.0,0,0.0,0,2.4209378,1,0.0,0,0.0,0,3.068649,1,1.2709123,1,0.0,0
CTGCCAACAGGAGC-1,2,952,2.9751487,0.0,0,0.0,0,0.0,0,2.917818,1,2.0794852,1,2.917818,1,0.0,0,3.761249,1,0.0,0,0.0,0,3.2387266,1,1.5041163,1,1.5041163,1,1.5041163,1,2.4423928,1,0.0,0,0.0,0,2.4423928,1,0.0,0,0.0,0
CTGCCAACCAGCTA-1,0,816,1.2663953,0.0,0,0.0,0,0.0,0,0.0,0,0.0,0,1.7096335,1,0.0,0,2.679706,1,1.7096335,1,0.0,0,2.9500935,1,0.0,0,0.0,0,2.3079576,1,1.7096335,1,0.0,0,0.0,0,0.0,0,0.0,0,0.0,0
CTGCCAACTAACCG-1,1,795,2.0318022,3.464049,1,3.8112888,1,0.0,0,4.332767,1,3.8112888,1,3.1400201,1,4.4933147,1,5.9316444,1,3.3151019,1,2.2866318,1,6.2068524,1,3.3151019,1,3.708383,1,1.6902556,1,4.2093534,1,2.927639,1,2.2866318,1,3.989917,1,2.2866318,1,4.0685353,1
CTGCCAACTGCTCC-1,2,795,2.7272727,0.0,0,1.8485265,1,0.0,0,0.0,0,0.0,0,2.4596667,1,1.8485265,1,3.3233178,1,1.8485265,1,0.0,0,1.8485265,1,0.0,0,0.0,0,2.4596667,1,0.0,0,0.0,0,1.8485265,1,3.779717,1,0.0,0,0.0,0
CTGCCAACTTGCAG-1,0,760,3.242321,0.0,0,0.0,0,0.0,0,1.6613111,1,0.0,0,0.0,0,0.0,0,2.254699,1,0.0,0,0.0,0,2.6245697,1,0.0,0,0.0,0,1.6613111,1,2.254699,1,0.0,0,0.0,0,1.6613111,1,0.0,0,0.0,0
CTGCCAACTTGCTT-1,2,886,2.2727273,0.0,0,0.0,0,0.0,0,1.667212,1,0.0,0,2.2612169,1,0.0,0,2.9008453,1,0.0,0,0.0,0,3.4366176,1,0.0,0,1.667212,1,2.2612169,1,2.2612169,1,0.0,0,0.0,0,2.2612169,1,1.667212,1,0.0,0
CTGCGACTCCACCT-1,2,349,3.4883723,0.0,0,0.0,0,0.0,0,0.0,0,2.7444491,1,0.0,0,0.0,0,3.4049265,1,0.0,0,0.0,0,3.7992601,1,0.0,0,0.0,0,0.0,0,2.7444491,1,0.0,0,0.0,0,4.3010902,1,0.0,0,0.0,0
CTGGAAACAAACGA-1,2,868,2.8728347,0.0,0,0.0,0,0.0,0,1.6534083,1,0.0,0,2.8847466,1,0.0,0,2.2459633,1,1.6534083,1,0.0,0,2.8847466,1,0.0,0,0.0,0,0.0,0,2.2459633,1,0.0,0,0.0,0,3.0966532,1,0.0,0,0.0,0
CTGGAAACATCGAC-1,0,842,1.3947002,0.0,0,0.0,0,0.0,0,2.3319497,1,0.0,0,0.0,0,0.0,0,4.039325,1,1.7314786,1,2.3319497,1,2.3319497,1,1.7314786,1,1.7314786,1,0.0,0,2.7045107,1,0.0,0,0.0,0,1.7314786,1,1.7314786,1,1.7314786,1
CTGGATGACTGGAT-1,2,819,2.7982326,0.0,0,0.0,0,0.0,0,1.7769151,1,1.7769151,1,1.7769151,1,0.0,0,3.0275393,1,0.0,0,0.0,0,3.696171,1,0.0,0,1.7769151,1,0.0,0,1.7769151,1,0.0,0,0.0,0,2.3816903,1,0.0,0,0.0,0
CTGGATGACTTGTT-1,0,626,4.1180506,0.0,0,2.0634203,1,0.0,0,0.0,0,0.0,0,3.0735521,1,0.0,0,3.0735521,1,2.6909518,1,0.0,0,3.3496025,1,0.0,0,2.0634203,1,0.0,0,2.6909518,1,0.0,0,0.0,0,2.6909518,1,2.0634203,1,0.0,0
CTGGATGATGTGAC-1,3,418,1.6110473,0.0,0,0.0,0,0.0,0,0.0,0,0.0,0,2.5273862,1,0.0,0,3.5712836,1,2.5273862,1,0.0,0,3.1797805,1,0.0,0,0.0,0,0.0,0,2.5273862,1,0.0,0,0.0,0,0.0,0,0.0,0,0.0,0
CTGGCACTCAAGCT-1,1,903,1.9493177,3.1949956,1,1.5895776,1,0.0,0,2.8098068,1,3.020834,1,0.0,0,0.0,0,4.9520197,1,2.5419981,1,2.175133,1,5.9387565,1,1.5895776,1,3.020834,1,1.5895776,1,4.265917,1,0.0,0,0.0,0,4.149887,1,0.0,0,3.1949956,1
CTGGCACTGGACAG-1,2,626,6.1736336,0.0,0,0.0,0,0.0,0,2.0061994,1,0.0,0,0.0,0,0.0,0,2.0061994,1,0.0,0,0.0,0,3.8296204,1,2.0061994,1,0.0,0,2.0061994,1,3.010868,1,0.0,0,0.0,0,3.8296204,1,2.0061994,1,0.0,0
CTGTAACTAACCAC-1,0,838,2.9533918,0.0,0,0.0,0,0.0,0,1.7261426,1,0.0,0,0.0,0,0.0,0,2.3260942,1,2.3260942,1,0.0,0,4.0329523,1,1.7261426,1,0.0,0,2.3260942,1,2.6984587,1,0.0,0,0.0,0,3.3573718,1,0.0,0,0.0,0
CTGTAACTAGCGTT-1,0,723,0.9581442,0.0,0,0.0,0,0.0,0,1.7992991,1,0.0,0,0.0,0,0.0,0,3.4427376,1,1.7992991,1,0.0,0,5.6111264,1,0.0,0,0.0,0,0.0,0,1.7992991,1,0.0,0,0.0,0,2.4061174,1,1.7992991,1,0.0,0
CTGTATACGTAAAG-1,0,436,2.042901,0.0,0,0.0,0,0.0,0,2.417208,1,0.0,0,0.0,0,0.0,0,3.454533,1,0.0,0,0.0,0,3.7342834,1,0.0,0,2.417208,1,0.0,0,3.0647454,1,0.0,0,0.0,0,3.454533,1,0.0,0,0.0,0
CTGTATACGTACGT-1,1,1112,3.4531963,3.2851985,1,1.9042375,1,1.3499267,1,3.713572,1,3.713572,1,1.9042375,1,2.519998,1,6.480702,1,3.7809377,1,2.8982768,1,6.23357,1,2.2587824,1,2.8982768,1,1.9042375,1,3.84405,1,0.0,0,3.0445225,1,3.84405,1,0.0,0,4.200419,1
CTGTATACGTTGGT-1,0,724,0.8752735,0.0,0,1.8677099,1,0.0,0,2.4804726,1,0.0,0,2.4804726,1,0.0,0,3.1308668,1,0.0,0,0.0,0,3.6715853,1,0.0,0,1.8677099,1,0.0,0,3.1308668,1,0.0,0,0.0,0,2.8576398,1,0.0,0,0.0,0
CTGTGAGACAACCA-1,4,1299,2.2912047,3.8145607,1,3.420059,1,3.336017,1,4.0112147,1,3.6995296,1,3.8674667,1,3.0308168,1,5.9152317,1,4.0548787,1,2.7590988,1,5.6328673,1,2.5893674,1,3.336017,1,3.5695257,1,3.2442582,1,3.0308168,1,2.3848166,1,3.6995296,1,2.7590988,1,3.1432214,1
CTGTGAGACCTTGC-1,2,719,4.211793,0.0,0,1.9493465,1,0.0,0,0.0,0,0.0,0,2.5686498,1,0.0,0,3.222724,1,1.9493465,1,0.0,0,3.6148179,1,0.0,0,1.9493465,1,0.0,0,3.6148179,1,0.0,0,0.0,0,1.9493465,1,0.0,0,0.0,0
CTGTGAGACGAACT-1,1,843,1.3614405,3.457647,1,2.280696,1,0.0,0,3.3087335,1,2.280696,1,2.6514962,1,2.6514962,1,5.5611157,1,2.9213843,1,0.0,0,5.83935,1,2.9213843,1,3.5872328,1,3.457647,1,3.8981104,1,0.0,0,2.9213843,1,4.326245,1,1.6848688,1,3.8981104,1
CTGTGAGACTGTAG-1,1,1090,2.3648648,1.9663279,1,2.966982,1,0.0,0,2.3240128,1,2.7948995,1,1.4041826,1,0.0,0,4.6582813,1,2.7948995,1,1.4041826,1,5.4308467,1,2.3240128,1,2.3240128,1,2.966982,1,3.7844338,1,1.4041826,1,1.4041826,1,4.134269,1,1.4041826,1,3.915121,1
CTTAAAGAACCTGA-1,0,696,1.5672617,0.0,0,0.0,0,0.0,0,1.6777514,1,0.0,0,0.0,0,0.0,0,3.3003094,1,0.0,0,0.0,0,3.4491787,1,0.0,0,0.0,0,0.0,0,2.2728481,1,0.0,0,0.0,0,0.0,0,0.0,0,0.0,0
CTTAACACCTGTAG-1,0,885,1.6924566,0.0,0,0.0,0,1.7639754,1,2.7412767,1,0.0,0,0.0,0,0.0,0,3.6809661,1,0.0,0,0.0,0,3.4016485,1,0.0,0,0.0,0,2.7412767,1,1.7639754,1,0.0,0,0.0,0,3.0127053,1,0.0,0,0.0,0
CTTAACACGAGCTT-1,0,1144,5.3254437,0.0,0,0.0,0,0.0,0,2.33658,1,1.4147031,1,1.9783123,1,0.0,0,2.8079753,1,1.4147031,1,0.0,0,2.8079753,1,0.0,0,0.0,0,1.4147031,1,0.0,0,0.0,0,0.0,0,1.9783123,1,1.4147031,1,0.0,0
CTTAACACTATCGG-1,3,627,2.2883296,1.9052109,1,0.0,0,0.0,0,0.0,0,0.0,0,1.9052109,1,0.0,0,2.5210495,1,0.0,0,0.0,0,5.618949,1,0.0,0,0.0,0,0.0,0,2.5210495,1,0.0,0,0.0,0,0.0,0,0.0,0,0.0,0
CTTAAGCTACCTAG-1,0,809,2.0745132,0.0,0,0.0,0,0.0,0,0.0,0,0.0,0,1.6558038,1,0.0,0,3.2742624,1,1.6558038,1,0.0,0,2.887543,1,0.0,0,0.0,0,0.0,0,1.6558038,1,0.0,0,0.0,0,1.6558038,1,0.0,0,0.0,0
CTTAAGCTAGTACC-1,0,423,1.7391304,0.0,0,0.0,0,0.0,0,0.0,0,0.0,0,3.1240873,1,0.0,0,3.1240873,1,0.0,0,0.0,0,3.5147848,1,2.4739776,1,2.4739776,1,0.0,0,2.4739776,1,0.0,0,0.0,0,3.1240873,1,0.0,0,0.0,0
CTTAAGCTCATCAG-1,0,729,3.064516,0.0,0,0.0,0,0.0,0,0.0,0,0.0,0,0.0,0,0.0,0,1.8525949,1,0.0,0,0.0,0,3.5042973,1,0.0,0,1.8525949,1,1.8525949,1,2.464082,1,0.0,0,0.0,0,0.0,0,0.0,0,0.0,0
CTTAAGCTCCGCTT-1,3,853,2.990733,0.0,0,0.0,0,0.0,0,1.6517023,1,0.0,0,0.0,0,0.0,0,3.9433322,1,2.2440767,1,0.0,0,3.547512,1,1.6517023,1,0.0,0,0.0,0,2.6135604,1,0.0,0,1.6517023,1,1.6517023,1,0.0,0,0.0,0
CTTAAGCTTCCTCG-1,2,713,5.2204175,0.0,0,0.0,0,0.0,0,1.9169909,1,0.0,0,2.5337706,1,0.0,0,2.5337706,1,0.0,0,0.0,0,3.8587005,1,0.0,0,1.9169909,1,1.9169909,1,2.5337706,1,0.0,0,1.9169909,1,2.9124262,1,0.0,0,1.9169909,1
CTTACAACTAACGC-1,0,855,1.7306881,0.0,0,0.0,0,0.0,0,1.6530668,1,2.2455857,1,2.2455857,1,1.6530668,1,3.4197185,1,1.6530668,1,0.0,0,2.6151245,1,0.0,0,0.0,0,1.6530668,1,2.2455857,1,0.0,0,0.0,0,2.8843477,1,0.0,0,0.0,0
CTTACAACTCCCGT-1,1,608,1.1960133,3.0419862,1,2.6601107,1,0.0,0,3.3176615,1,3.992524,1,0.0,0,0.0,0,5.5618677,1,2.6601107,1,2.6601107,1,6.240214,1,3.0419862,1,3.3176615,1,2.6601107,1,3.0419862,1,0.0,0,2.6601107,1,4.7364783,1,0.0,0,3.8616252,1
CTTACTGACGTACA-1,0,627,2.2078621,0.0,0,0.0,0,0.0,0,1.8539562,1,1.8539562,1,2.465559,1,0.0,0,3.1152968,1,1.8539562,1,0.0,0,3.505863,1,0.0,0,0.0,0,0.0,0,1.8539562,1,0.0,0,0.0,0,0.0,0,0.0,0,0.0,0
CTTAGACTAAACGA-1,0,823,1.293823,0.0,0,1.6435732,1,0.0,0,1.6435732,1,0.0,0,1.6435732,1,0.0,0,3.5377362,1,0.0,0,0.0,0,3.2597005,1,1.6435732,1,0.0,0,1.6435732,1,2.2350817,1,0.0,0,0.0,0,2.8732533,1,0.0,0,1.6435732,1
CTTAGGGACTTGCC-1,0,1063,0.6686727,0.0,0,0.0,0,0.0,0,2.4012353,1,1.4691639,1,2.4012353,1,0.0,0,3.0480213,1,2.4012353,1,0.0,0,3.5396833,1,4.6512294,1,2.040077,1,2.040077,1,2.4012353,1,0.0,0,0.0,0,3.8678288,1,2.040077,1,1.4691639,1
CTTAGGGAGAATCC-1,0,575,2.3199024,1.9618496,1,0.0,0,0.0,0,1.9618496,1,0.0,0,1.9618496,1,0.0,0,3.236711,1,0.0,0,0.0,0,2.9620414,1,0.0,0,0.0,0,0.0,0,1.9618496,1,0.0,0,0.0,0,2.5821044,1,0.0,0,0.0,0
CTTATCGACTCATT-1,0,743,1.9328587,0.0,0,0.0,0,0.0,0,0.0,0,1.8060682,1,2.4134946,1,1.8060682,1,3.6001928,1,0.0,0,0.0,0,3.2745886,1,1.8060682,1,2.4134946,1,0.0,0,2.4134946,1,0.0,0,0.0,0,2.4134946,1,0.0,0,0.0,0
CTTCACCTACCTGA-1,4,1528,2.3936172,3.5184834,1,3.5184834,1,2.965914,1,3.2406342,1,3.8723257,1,2.7292104,1,2.8545496,1,5.889059,1,4.0295806,1,2.8545496,1,5.9964075,1,3.3176615,1,3.5184834,1,2.7292104,1,4.065313,1,2.2173874,1,2.2173874,1,3.9140177,1,2.7292104,1,4.312807,1
CTTCATGAAGCATC-1,3,681,1.7644007,0.0,0,0.0,0,0.0,0,0.0,0,0.0,0,0.0,0,0.0,0,3.0799656,1,0.0,0,0.0,0,3.469992,1,0.0,0,0.0,0,0.0,0,3.0799656,1,0.0,0,0.0,0,1.8228403,1,0.0,0,0.0,0
CTTCATGAAGTACC-1,0,544,1.8882176,0.0,0,0.0,0,0.0,0,2.147602,1,0.0,0,2.7805936,1,0.0,0,3.988059,1,2.147602,1,0.0,0,2.147602,1,0.0,0,0.0,0,2.147602,1,2.147602,1,0.0,0,0.0,0,2.147602,1,2.7805936,1,0.0,0
CTTCATGACCGAAT-1,2,422,3.5218782,0.0,0,0.0,0,0.0,0,0.0,0,0.0,0,3.1086311,1,0.0,0,4.328973,1,0.0,0,0.0,0,4.1770163,1,0.0,0,0.0,0,0.0,0,0.0,0,0.0,0,0.0,0,3.1086311,1,0.0,0,0.0,0
CTTGAACTACGCAT-1,0,731,1.6369764,0.0,0,0.0,0,0.0,0,1.7603784,1,0.0,0,1.7603784,1,0.0,0,3.0085769,1,0.0,0,1.7603784,1,4.1524606,1,1.7603784,1,0.0,0,1.7603784,1,1.7603784,1,0.0,0,0.0,0,1.7603784,1,0.0,0,0.0,0
CTTGATTGAGGTTC-1,2,920,1.6957605,0.0,0,0.0,0,0.0,0,0.0,0,0.0,0,2.3956256,1,0.0,0,3.5810916,1,1.7896792,1,0.0,0,3.711136,1,1.7896792,1,0.0,0,1.7896792,1,2.7702482,1,0.0,0,0.0,0,3.431571,1,0.0,0,0.0,0
CTTGATTGATCTTC-1,1,761,2.531041,3.5388947,1,3.0008292,1,0.0,0,3.5388947,1,3.2139738,1,1.7536334,1,1.7536334,1,5.499432,1,2.729593,1,2.35623,1,6.109029,1,1.7536334,1,2.729593,1,1.7536334,1,4.0657153,1,0.0,0,1.7536334,1,4.4089646,1,1.7536334,1,4.3491006,1
CTTGATTGCATTCT-1,0,884,2.9437609,0.0,0,0.0,0,1.6863012,1,0.0,0,0.0,0,0.0,0,0.0,0,4.136647,1,2.2822747,1,0.0,0,2.923048,1,1.6863012,1,0.0,0,1.6863012,1,2.2822747,1,0.0,0,0.0,0,4.2045746,1,0.0,0,1.6863012,1
CTTGATTGTTTCGT-1,0,982,1.1128284,0.0,0,0.0,0,0.0,0,1.4090695,1,1.4090695,1,2.5929074,1,0.0,0,4.2783227,1,1.4090695,1,0.0,0,2.9731224,1,0.0,0,0.0,0,0.0,0,2.5929074,1,0.0,0,0.0,0,2.3298538,1,2.3298538,1,0.0,0
CTTGTATGACACCA-1,3,784,1.2871287,0.0,0,0.0,0,0.0,0,0.0,0,1.7834744,1,2.3888535,1,0.0,0,3.5738463,1,1.7834744,1,0.0,0,3.2485306,1,1.7834744,1,0.0,0,0.0,0,3.2485306,1,0.0,0,0.0,0,0.0,0,0.0,0,0.0,0
CTTGTATGCGCAAT-1,3,496,1.9323671,0.0,0,0.0,0,0.0,0,0.0,0,2.3666706,1,2.3666706,1,0.0,0,3.680024,1,0.0,0,0.0,0,4.077046,1,0.0,0,0.0,0,0.0,0,3.0117862,1,0.0,0,0.0,0,0.0,0,0.0,0,0.0,0
CTTTACGAGCGAAG-1,0,573,4.045853,0.0,0,0.0,0,0.0,0,0.0,0,0.0,0,0.0,0,0.0,0,3.0553806,1,0.0,0,0.0,0,0.0,0,0.0,0,0.0,0,0.0,0,0.0,0,0.0,0,0.0,0,0.0,0,0.0,0,0.0,0
CTTTAGACCGTGAT-1,0,521,2.5215662,0.0,0,0.0,0,0.0,0,0.0,0,2.0328345,1,0.0,0,0.0,0,3.315741,1,0.0,0,2.0328345,1,3.315741,1,0.0,0,0.0,0,0.0,0,2.0328345,1,0.0,0,2.0328345,1,3.040089,1,0.0,0,0.0,0
CTTTAGACGAGACG-1,0,663,2.087961,0.0,0,0.0,0,0.0,0,2.2914119,1,0.0,0,2.2914119,1,0.0,0,3.8164907,1,1.6945958,1,0.0,0,3.1451097,1,1.6945958,1,0.0,0,1.6945958,1,2.2914119,1,0.0,0,1.6945958,1,0.0,0,0.0,0,0.0,0
CTTTAGACGATACC-1,0,794,1.16,0.0,0,0.0,0,0.0,0,2.197936,1,0.0,0,1.6100782,1,0.0,0,3.4972837,1,0.0,0,0.0,0,2.8339665,1,0.0,0,0.0,0,1.6100782,1,2.197936,1,0.0,0,1.6100782,1,1.6100782,1,0.0,0,0.0,0
CTTTAGACGTTGGT-1,2,975,3.3026896,0.0,0,0.0,0,0.0,0,2.418139,1,0.0,0,2.6832974,1,0.0,0,2.8926792,1,1.4834929,1,0.0,0,3.0657198,1,0.0,0,1.4834929,1,2.056254,1,2.6832974,1,0.0,0,0.0,0,3.0657198,1,0.0,0,1.4834929,1
CTTTAGACTCATTC-1,0,856,3.2258062,0.0,0,0.0,0,0.0,0,1.6062456,1,0.0,0,0.0,0,0.0,0,2.8294566,1,0.0,0,0.0,0,3.215044,1,0.0,0,0.0,0,0.0,0,0.0,0,0.0,0,0.0,0,0.0,0,0.0,0,0.0,0
CTTTAGTGACGGGA-1,2,978,2.0325203,0.0,0,2.305922,1,3.3357792,1,0.0,0,0.0,0,3.1605499,1,0.0,0,1.707782,1,1.707782,1,0.0,0,3.7293112,1,1.707782,1,0.0,0,2.305922,1,1.707782,1,0.0,0,0.0,0,3.4848332,1,0.0,0,0.0,0
CTTTAGTGGGTGGA-1,0,590,1.57767,0.0,0,0.0,0,0.0,0,0.0,0,1.9555721,1,0.0,0,0.0,0,3.229691,1,0.0,0,0.0,0,3.444889,1,0.0,0,0.0,0,1.9555721,1,2.9551125,1,0.0,0,0.0,0,1.9555721,1,0.0,0,0.0,0
CTTTCAGAGAAACA-1,0,905,1.3621795,0.0,0,1.6116817,1,1.6116817,1,0.0,0,0.0,0,2.8358526,1,0.0,0,5.400954,1,0.0,0,0.0,0,3.4992266,1,0.0,0,2.1997173,1,3.047193,1,2.5675378,1,0.0,0,0.0,0,2.8358526,1,0.0,0,0.0,0
CTTTGATGAGCACT-1,0,695,1.3861386,0.0,0,0.0,0,0.0,0,2.3893032,1,0.0,0,1.7838863,1,0.0,0,1.7838863,1,2.3893032,1,1.7838863,1,2.3893032,1,0.0,0,2.3893032,1,2.3893032,1,3.0355196,1,0.0,0,0.0,0,3.2490067,1,1.7838863,1,0.0,0
CTTTGATGTCTAGG-1,2,816,2.9457364,0.0,0,1.8193679,1,0.0,0,0.0,0,0.0,0,2.8035953,1,0.0,0,3.6156557,1,2.4279761,1,0.0,0,3.2898855,1,0.0,0,0.0,0,1.8193679,1,2.8035953,1,0.0,0,0.0,0,4.0578113,1,0.0,0,1.8193679,1
CTTTGATGTGTCCC-1,0,976,2.397458,0.0,0,0.0,0,0.0,0,1.9140283,1,0.0,0,0.0,0,0.0,0,3.1830988,1,0.0,0,0.0,0,2.5305724,1,0.0,0,1.9140283,1,1.3584538,1,2.5305724,1,0.0,0,0.0,0,3.2962651,1,1.3584538,1,0.0,0
CTTTGATGTGTGGT-1,0,816,1.6465863,0.0,0,0.0,0,0.0,0,0.0,0,0.0,0,0.0,0,0.0,0,3.222724,1,1.6126456,1,0.0,0,3.222724,1,1.6126456,1,0.0,0,1.6126456,1,2.5686498,1,0.0,0,0.0,0,0.0,0,0.0,0,0.0,0
GAAACAGAACTACG-1,0,753,1.377551,2.792499,1,0.0,0,0.0,0,1.809477,1,2.417208,1,2.417208,1,0.0,0,3.0647454,1,0.0,0,0.0,0,3.454533,1,0.0,0,0.0,0,1.809477,1,0.0,0,0.0,0,0.0,0,3.278512,1,0.0,0,0.0,0
GAAACAGAATCACG-1,0,791,2.0183487,0.0,0,0.0,0,0.0,0,0.0,0,0.0,0,2.9634917,1,0.0,0,3.3515942,1,2.3206937,1,0.0,0,2.6928759,1,0.0,0,0.0,0,1.7212241,1,2.3206937,1,0.0,0,0.0,0,1.7212241,1,0.0,0,0.0,0
GAAACAGACATTCT-1,0,858,1.55521,0.0,0,0.0,0,0.0,0,0.0,0,0.0,0,2.5387692,1,0.0,0,3.0175,1,0.0,0,0.0,0,2.8065128,1,0.0,0,1.5867883,1,0.0,0,2.1720264,1,0.0,0,0.0,0,0.0,0,0.0,0,0.0,0
GAAACCTGATCGTG-1,0,813,1.367109,0.0,0,0.0,0,0.0,0,1.613611,1,1.613611,1,0.0,0,0.0,0,3.0494883,1,1.613611,1,0.0,0,3.9754074,1,2.2018602,1,0.0,0,0.0,0,1.613611,1,0.0,0,0.0,0,2.2018602,1,0.0,0,1.613611,1
GAAACCTGATGCCA-1,0,841,2.2175734,0.0,0,0.0,0,0.0,0,1.6455964,1,0.0,0,1.6455964,1,0.0,0,3.5401707,1,1.6455964,1,0.0,0,3.7574959,1,1.6455964,1,0.0,0,2.6065564,1,2.8756192,1,0.0,0,0.0,0,4.0144587,1,1.6455964,1,0.0,0
GAAACCTGCTTATC-1,0,1085,1.0167629,0.0,0,0.0,0,0.0,0,1.3222327,1,0.0,0,2.2252035,1,0.0,0,2.6918492,1,1.3222327,1,0.0,0,2.6918492,1,0.0,0,0.0,0,1.3222327,1,1.8723524,1,0.0,0,0.0,0,3.0087729,1,1.8723524,1,0.0,0
GAAACCTGGACTAC-1,4,1692,2.59009,4.9934983,1,3.9083588,1,3.0751624,1,3.306379,1,4.0487795,1,3.158318,1,2.8847022,1,5.220372,1,3.7883713,1,2.649225,1,6.121121,1,3.4940467,1,3.6519985,1,3.6020696,1,3.981032,1,2.5067897,1,2.3406425,1,4.142503,1,2.649225,1,3.549516,1
GAAACCTGTGCTAG-1,0,716,1.683111,0.0,0,0.0,0,0.0,0,2.912975,1,0.0,0,2.912975,1,0.0,0,0.0,0,0.0,0,0.0,0,3.7287445,1,1.9174857,1,0.0,0,2.912975,1,0.0,0,0.0,0,0.0,0,0.0,0,0.0,0,0.0,0
GAAAGATGATTTCC-1,0,955,1.2395042,0.0,0,0.0,0,0.0,0,2.1968691,1,0.0,0,1.6091181,1,0.0,0,3.3669097,1,0.0,0,0.0,0,3.0441415,1,0.0,0,0.0,0,1.6091181,1,1.6091181,1,0.0,0,0.0,0,3.218492,1,2.1968691,1,0.0,0
GAAAGATGCTGATG-1,4,1467,2.3235984,3.7263923,1,3.7263923,1,3.673662,1,3.5590467,1,3.4295738,1,3.776481,1,3.357955,1,5.581634,1,3.9950333,1,2.7683134,1,6.2443194,1,3.5590467,1,3.6179955,1,3.4295738,1,3.8241796,1,2.254699,1,2.254699,1,5.2057304,1,2.6245697,1,3.6179955,1
GAAAGATGCTTCGC-1,1,741,0.9930915,3.2927926,1,2.2658494,1,0.0,0,1.6714084,1,2.905732,1,1.6714084,1,2.6361217,1,4.650829,1,3.685797,1,1.6714084,1,5.6099777,1,2.6361217,1,0.0,0,2.2658494,1,4.1186333,1,0.0,0,1.6714084,1,4.250129,1,1.6714084,1,3.2927926,1
GAAAGATGTAAGGA-1,0,296,4.1474657,0.0,0,0.0,0,0.0,0,0.0,0,0.0,0,0.0,0,0.0,0,3.4584982,1,0.0,0,0.0,0,3.4584982,1,0.0,0,0.0,0,0.0,0,0.0,0,0.0,0,0.0,0,3.8534155,1,0.0,0,0.0,0
GAAAGATGTTTGCT-1,2,540,5.6545315,0.0,0,0.0,0,0.0,0,0.0,0,0.0,0,0.0,0,0.0,0,3.4652274,1,0.0,0,0.0,0,0.0,0,0.0,0,0.0,0,2.1685889,1,2.1685889,1,0.0,0,0.0,0,3.1879134,1,0.0,0,0.0,0
GAAAGCCTACGTTG-1,3,738,1.8404908,0.0,0,0.0,0,0.0,0,0.0,0,0.0,0,2.278727,1,0.0,0,3.9812775,1,2.278727,1,0.0,0,2.9193091,1,1.6830826,1,2.278727,1,0.0,0,2.9193091,1,0.0,0,0.0,0,2.278727,1,0.0,0,1.6830826,1
GAAAGTGAAAGTGA-1,5,1573,2.590254,2.5125244,1,2.371794,1,0.0,0,3.2304683,1,2.207963,1,2.5125244,1,1.4442959,1,4.2575345,1,2.207963,1,0.962958,1,4.1613474,1,2.207963,1,2.0119295,1,2.0119295,1,3.350969,1,0.0,0,1.4442959,1,3.7636452,1,1.4442959,1,4.977627,1
GAAAGTGACCACAA-1,1,1119,2.6420891,3.114048,1,2.5872047,1,0.0,0,2.32429,1,2.795188,1,1.9665922,1,2.32429,1,5.4445176,1,3.9154224,1,2.795188,1,5.8351574,1,2.5872047,1,2.9672735,1,2.9672735,1,3.9748738,1,0.0,0,0.0,0,3.6343622,1,1.4044144,1,4.272243,1
GAAAGTGACTCAAG-1,0,918,2.530515,1.939594,1,0.0,0,0.0,0,1.38077,1,0.0,0,0.0,0,1.38077,1,3.2117991,1,1.38077,1,0.0,0,2.5581458,1,1.38077,1,0.0,0,0.0,0,2.295952,1,0.0,0,0.0,0,4.503568,1,1.939594,1,0.0,0
GAAATACTACCAAC-1,1,283,1.604278,3.6014304,1,0.0,0,0.0,0,0.0,0,4.2808414,1,2.9352024,1,0.0,0,5.6567082,1,3.997759,1,0.0,0,5.449875,1,0.0,0,0.0,0,2.9352024,1,0.0,0,0.0,0,0.0,0,4.6816854,1,2.9352024,1,3.997759,1
GAAATACTCTTAGG-1,3,703,2.3540952,1.7765071,1,0.0,0,0.0,0,0.0,0,0.0,0,0.0,0,0.0,0,3.4162529,1,1.7765071,1,0.0,0,3.027072,1,1.7765071,1,2.3812447,1,0.0,0,2.3812447,1,0.0,0,0.0,0,1.7765071,1,0.0,0,1.7765071,1
GAAATACTTCCTCG-1,0,842,1.6699411,0.0,0,0.0,0,0.0,0,1.7777317,1,0.0,0,1.7777317,1,0.0,0,3.4176784,1,2.3825824,1,0.0,0,3.567134,1,1.7777317,1,0.0,0,0.0,0,3.241893,1,0.0,0,0.0,0,4.008798,1,0.0,0,1.7777317,1
GAACACACGTGCAT-1,1,1253,2.429467,3.9754467,1,1.2847309,1,0.0,0,2.4384074,1,3.0869234,1,1.2847309,1,1.8289576,1,5.3350444,1,2.17941,1,2.6439366,1,5.29652,1,2.959891,1,3.6940022,1,2.4384074,1,3.0869234,1,0.0,0,1.8289576,1,3.9251409,1,2.17941,1,4.3065414,1
GAACACACTGCCTC-1,0,676,4.0590405,0.0,0,0.0,0,0.0,0,2.3256774,1,1.7257631,1,0.0,0,0.0,0,2.6980278,1,0.0,0,0.0,0,2.3256774,1,0.0,0,0.0,0,0.0,0,1.7257631,1,0.0,0,0.0,0,0.0,0,0.0,0,0.0,0
GAACAGCTAACTGC-1,1,1636,2.3298144,2.6212409,1,3.7155252,1,1.037384,1,3.5202496,1,3.343829,1,2.7456415,1,2.7456415,1,5.885825,1,2.7456415,1,2.1147244,1,5.6403494,1,2.4791362,1,3.343829,1,3.129472,1,3.758918,1,2.3134387,1,1.8664768,1,4.4403424,1,2.856265,1,4.225483,1
GAACAGCTCTCAGA-1,4,1273,2.953084,4.141856,1,3.7253518,1,3.7811704,1,3.6033976,1,2.9983366,1,2.7271414,1,1.7514648,1,5.7537165,1,4.063137,1,2.0973501,1,5.847364,1,3.3030963,1,4.141856,1,2.8719041,1,3.932059,1,0.0,0,2.8719041,1,4.91813,1,1.7514648,1,3.211456,1
GAACCAACCACAAC-1,0,380,1.506373,0.0,0,0.0,0,0.0,0,0.0,0,0.0,0,0.0,0,0.0,0,2.5327032,1,0.0,0,0.0,0,4.255966,1,0.0,0,0.0,0,0.0,0,2.5327032,1,0.0,0,0.0,0,2.5327032,1,0.0,0,0.0,0
GAACCAACTTCCGC-1,2,799,2.0496893,0.0,0,2.9790096,1,2.5986483,1,0.0,0,0.0,0,1.9772393,1,0.0,0,3.7968237,1,0.0,0,0.0,0,1.9772393,1,2.5986483,1,0.0,0,0.0,0,2.9790096,1,0.0,0,0.0,0,2.9790096,1,0.0,0,0.0,0
GAACCTGAACGTGT-1,0,1491,3.1959631,0.0,0,0.0,0,0.0,0,2.2421944,1,0.0,0,2.611609,1,0.0,0,3.0926285,1,1.6500007,1,0.0,0,3.4160495,1,1.6500007,1,1.6500007,1,1.9893084,1,2.9922976,1,0.0,0,0.0,0,3.5454671,1,0.0,0,0.0,0
GAACCTGAGAGACG-1,0,878,0.8032128,0.0,0,0.0,0,0.0,0,1.6126456,1,0.0,0,1.6126456,1,0.0,0,3.5003943,1,2.200788,1,0.0,0,2.200788,1,0.0,0,1.6126456,1,1.6126456,1,2.5686498,1,0.0,0,0.0,0,0.0,0,0.0,0,0.0,0
GAACCTGATGAACC-1,0,939,1.2887496,0.0,0,1.5008577,1,0.0,0,2.7041855,1,1.5008577,1,2.4385664,1,1.5008577,1,3.3632975,1,0.0,0,0.0,0,3.0870895,1,2.0758188,1,0.0,0,1.5008577,1,1.5008577,1,1.5008577,1,0.0,0,1.5008577,1,0.0,0,0.0,0
GAACGGGATACTTC-1,0,725,1.4756517,0.0,0,0.0,0,0.0,0,0.0,0,0.0,0,0.0,0,0.0,0,3.0289426,1,1.7781403,1,0.0,0,3.0289426,1,1.7781403,1,0.0,0,0.0,0,0.0,0,0.0,0,0.0,0,0.0,0,0.0,0,0.0,0
GAACGTTGACGGAG-1,2,563,5.376344,0.0,0,2.2276616,1,0.0,0,2.8654125,1,0.0,0,2.8654125,1,0.0,0,3.2517083,1,0.0,0,0.0,0,3.5296664,1,0.0,0,2.2276616,1,0.0,0,0.0,0,0.0,0,0.0,0,2.8654125,1,0.0,0,0.0,0
GAACTGTGACCTGA-1,4,1365,2.0114229,3.9740555,1,4.2916303,1,3.5059836,1,4.145397,1,3.6450741,1,3.577945,1,2.912348,1,5.71787,1,1.7869838,1,3.0390627,1,6.127677,1,3.5059836,1,3.2525842,1,3.5059836,1,3.8230329,1,2.1350088,1,2.1350088,1,4.505189,1,2.7672145,1,4.145397,1
GAACTGTGCCAGTA-1,1,818,1.8137256,0.0,0,2.7540355,1,1.7752846,1,3.4148295,1,3.5642717,1,0.0,0,2.3799093,1,5.3784504,1,3.0256717,1,2.3799093,1,5.797368,1,4.091399,1,3.6942573,1,1.7752846,1,2.7540355,1,0.0,0,3.4148295,1,4.73396,1,2.7540355,1,4.005906,1
GAAGAATGCAATCG-1,0,719,2.2488039,0.0,0,0.0,0,0.0,0,0.0,0,0.0,0,0.0,0,0.0,0,3.3918834,1,0.0,0,0.0,0,3.9826076,1,1.7556105,1,2.3583941,1,0.0,0,2.3583941,1,0.0,0,0.0,0,0.0,0,0.0,0,0.0,0
GAAGCGGACCTATT-1,1,1343,2.2954092,3.043095,1,2.7711837,1,0.0,0,3.5820618,1,3.7121098,1,2.1387439,1,0.0,0,5.4516897,1,3.043095,1,2.1387439,1,5.3503666,1,4.6619544,1,3.2566555,1,2.3965328,1,3.5820618,1,0.0,0,2.3965328,1,4.329254,1,2.601302,1,4.0675535,1
GAAGCTACGAATGA-1,1,905,2.183908,3.765704,1,2.7938185,1,0.0,0,3.0046492,1,3.9291897,1,2.1600595,1,0.0,0,4.8487616,1,4.069666,1,1.5760522,1,5.9620833,1,3.3268614,1,3.178677,1,3.4558945,1,3.9291897,1,0.0,0,2.1600595,1,4.192817,1,2.1600595,1,4.754235,1
GAAGCTACGGTTTG-1,0,837,1.8150879,0.0,0,0.0,0,0.0,0,1.8979421,1,0.0,0,2.5131943,1,0.0,0,3.5562875,1,2.8912852,1,0.0,0,3.7063522,1,0.0,0,0.0,0,1.8979421,1,1.8979421,1,0.0,0,0.0,0,3.9521923,1,0.0,0,0.0,0
GAAGGGTGAAAGTG-1,0,803,0.80873436,0.0,0,1.6184586,1,0.0,0,1.6184586,1,1.6184586,1,2.2072425,1,0.0,0,3.3781726,1,0.0,0,0.0,0,2.5753508,1,0.0,0,0.0,0,2.5753508,1,2.5753508,1,0.0,0,0.0,0,2.5753508,1,2.5753508,1,0.0,0
GAAGGGTGCTTAGG-1,1,990,2.4157877,3.2122073,1,3.2122073,1,0.0,0,2.8917139,1,3.2122073,1,1.4827027,1,3.2122073,1,5.647569,1,3.454533,1,2.0553627,1,5.5332227,1,2.0553627,1,3.0647454,1,4.8962607,1,3.6494415,1,0.0,0,2.0553627,1,4.015975,1,2.417208,1,4.2836075,1
GAAGGTCTGAAAGT-1,0,1084,0.9649123,0.0,0,0.0,0,0.0,0,2.2803018,1,0.0,0,0.0,0,0.0,0,3.89768,1,1.6845112,1,0.0,0,3.5868058,1,0.0,0,1.6845112,1,1.6845112,1,2.2803018,1,0.0,0,0.0,0,3.3083103,1,0.0,0,0.0,0
GAAGGTCTGTTGCA-1,0,976,1.276066,0.0,0,0.0,0,0.0,0,0.0,0,0.0,0,2.599801,1,0.0,0,3.3685842,1,0.0,0,0.0,0,3.4704947,1,0.0,0,0.0,0,0.0,0,1.4147031,1,0.0,0,0.0,0,0.0,0,0.0,0,0.0,0
GAAGGTCTTAAAGG-1,5,1630,1.6843971,2.2894964,1,2.8312078,1,0.0,0,3.6442444,1,3.1040447,1,2.5965936,1,0.0,0,4.2255445,1,2.4547875,1,0.0,0,3.3804467,1,2.2894964,1,1.8440324,1,2.5965936,1,3.7329404,1,0.0,0,0.0,0,4.4561095,1,1.5146846,1,4.986803,1
GAAGTAGACTCCCA-1,2,795,2.3516836,0.0,0,0.0,0,0.0,0,0.0,0,0.0,0,2.8352234,1,0.0,0,2.4586885,1,1.8476255,1,0.0,0,3.9972343,1,0.0,0,0.0,0,2.4586885,1,1.8476255,1,0.0,0,0.0,0,3.8939123,1,0.0,0,0.0,0
GAAGTAGATCCAAG-1,4,1408,2.6517968,3.5030947,1,3.249721,1,3.1486607,1,3.5030947,1,3.6421735,1,3.0362272,1,2.5946257,1,5.9914865,1,4.0604644,1,2.7644236,1,5.6026216,1,3.0362272,1,2.7644236,1,3.341499,1,3.57505,1,1.7845049,1,2.132383,1,4.1424656,1,2.7644236,1,3.4255576,1
GAAGTCACCCTCGT-1,1,771,1.5650296,3.3316069,1,2.8443255,1,0.0,0,2.8443255,1,3.1173575,1,2.8443255,1,1.8557751,1,4.785209,1,3.5079546,1,2.4675322,1,5.496551,1,2.4675322,1,3.6578164,1,3.1173575,1,3.3316069,1,1.8557751,1,0.0,0,4.4698825,1,2.4675322,1,3.5079546,1
GAAGTCACCCTGTC-1,3,650,2.3761375,0.0,0,0.0,0,0.0,0,2.409337,1,0.0,0,2.409337,1,0.0,0,3.5957503,1,0.0,0,0.0,0,3.2701945,1,0.0,0,0.0,0,0.0,0,3.0565057,1,0.0,0,0.0,0,0.0,0,0.0,0,0.0,0
GAAGTCTGTCGCAA-1,3,779,2.102102,0.0,0,0.0,0,0.0,0,1.7925932,1,0.0,0,1.7925932,1,0.0,0,4.0263343,1,2.7735267,1,0.0,0,3.714548,1,1.7925932,1,0.0,0,0.0,0,0.0,0,0.0,0,0.0,0,0.0,0,0.0,0,0.0,0
GAAGTCTGTTCTGT-1,0,648,2.4955437,0.0,0,0.0,0,0.0,0,0.0,0,1.6975043,1,0.0,0,0.0,0,3.1485186,1,0.0,0,1.6975043,1,3.3236618,1,1.6975043,1,0.0,0,0.0,0,1.6975043,1,0.0,0,0.0,0,2.294614,1,0.0,0,2.294614,1
GAAGTGCTAAACGA-1,2,817,2.9346623,0.0,0,3.357461,1,1.878432,1,0.0,0,0.0,0,1.878432,1,0.0,0,3.357461,1,0.0,0,0.0,0,2.8695855,1,0.0,0,0.0,0,0.0,0,2.4920871,1,0.0,0,0.0,0,0.0,0,0.0,0,0.0,0
GAAGTGCTCCGCTT-1,1,1127,2.7991388,2.9681482,1,3.7132719,1,0.0,0,2.796054,1,3.550644,1,1.9673855,1,1.9673855,1,5.7119017,1,2.796054,1,2.325122,1,5.680916,1,2.325122,1,3.550644,1,4.659499,1,3.1149292,1,1.4051104,1,1.4051104,1,3.550644,1,2.9681482,1,3.4582002,1
GAAGTGCTTAACCG-1,0,882,2.280634,0.0,0,0.0,0,1.5824728,1,2.167218,1,0.0,0,2.167218,1,0.0,0,3.773605,1,1.5824728,1,0.0,0,3.3346598,1,0.0,0,0.0,0,0.0,0,2.5337706,1,0.0,0,0.0,0,2.167218,1,0.0,0,0.0,0
GAATGCACCCTAAG-1,0,954,1.6781837,1.4576794,1,0.0,0,0.0,0,2.6521087,1,0.0,0,2.8610513,1,0.0,0,3.1810431,1,0.0,0,0.0,0,2.6521087,1,1.4576794,1,1.4576794,1,0.0,0,2.6521087,1,0.0,0,0.0,0,3.423083,1,0.0,0,0.0,0
GAATGCACCTTCGC-1,2,830,2.020202,0.0,0,2.4079556,1,0.0,0,0.0,0,0.0,0,3.2687345,1,0.0,0,4.5217996,1,0.0,0,0.0,0,2.782962,1,2.4079556,1,0.0,0,1.8009853,1,4.200549,1,0.0,0,0.0,0,2.4079556,1,0.0,0,0.0,0
GAATGCTGCGGTAT-1,0,732,3.8925653,0.0,0,2.1730604,1,0.0,0,2.1730604,1,2.1730604,1,0.0,0,0.0,0,2.8076096,1,0.0,0,0.0,0,3.0186098,1,1.5877167,1,0.0,0,1.5877167,1,2.1730604,1,0.0,0,0.0,0,1.5877167,1,0.0,0,0.0,0
GAATGGCTAAGATG-1,0,378,9.176788,0.0,0,0.0,0,0.0,0,0.0,0,0.0,0,0.0,0,0.0,0,2.6750803,1,0.0,0,0.0,0,3.7266698,1,2.6750803,1,0.0,0,0.0,0,2.6750803,1,0.0,0,0.0,0,0.0,0,0.0,0,0.0,0
GAATTAACGATAAG-1,0,783,1.2640449,0.0,0,0.0,0,0.0,0,0.0,0,1.7376271,1,1.7376271,1,0.0,0,3.5200727,1,1.7376271,1,1.7376271,1,0.0,0,2.3386934,1,0.0,0,0.0,0,2.3386934,1,0.0,0,0.0,0,0.0,0,0.0,0,0.0,0
GAATTAACGGTCAT-1,0,756,1.7241379,0.0,0,0.0,0,0.0,0,1.8298357,1,0.0,0,3.4780712,1,0.0,0,3.4780712,1,1.8298357,1,0.0,0,3.0879216,1,0.0,0,0.0,0,1.8298357,1,2.439362,1,0.0,0,0.0,0,0.0,0,0.0,0,0.0,0
GAATTAACGTCGTA-1,2,708,1.5117158,2.1496089,1,2.1496089,1,0.0,0,0.0,0,0.0,0,2.1496089,1,0.0,0,2.1496089,1,0.0,0,0.0,0,3.167351,1,2.1496089,1,0.0,0,0.0,0,2.1496089,1,0.0,0,0.0,0,2.7827249,1,0.0,0,0.0,0
GAATTAACTGAAGA-1,3,976,2.095929,2.2043674,1,0.0,0,0.0,0,2.2043674,1,0.0,0,0.0,0,0.0,0,3.3750522,1,3.0521736,1,0.0,0,3.814517,1,0.0,0,1.6158688,1,1.6158688,1,2.8407748,1,0.0,0,0.0,0,3.0521736,1,0.0,0,0.0,0
GACAACACAGGCGA-1,0,718,1.5903801,0.0,0,0.0,0,0.0,0,0.0,0,2.1706495,1,2.1706495,1,1.5855523,1,1.5855523,1,0.0,0,0.0,0,2.537338,1,0.0,0,0.0,0,0.0,0,2.1706495,1,0.0,0,0.0,0,0.0,0,0.0,0,1.5855523,1
GACAACACATCGTG-1,0,887,2.199074,0.0,0,0.0,0,0.0,0,1.5806319,1,0.0,0,2.1651661,1,0.0,0,2.7992365,1,1.5806319,1,0.0,0,3.3324249,1,0.0,0,0.0,0,0.0,0,1.5806319,1,0.0,0,0.0,0,1.5806319,1,0.0,0,0.0,0
GACAACACTCGCCT-1,0,809,1.5702108,1.7026241,1,0.0,0,0.0,0,2.9419792,1,0.0,0,1.7026241,1,0.0,0,2.6717312,1,1.7026241,1,0.0,0,3.1545146,1,0.0,0,0.0,0,0.0,0,3.1545146,1,0.0,0,0.0,0,2.6717312,1,0.0,0,1.7026241,1
GACAACTGAGGTTC-1,0,795,1.9992003,0.0,0,0.0,0,1.6091181,1,1.6091181,1,1.6091181,1,1.6091181,1,0.0,0,2.832837,1,0.0,0,0.0,0,3.0441415,1,0.0,0,0.0,0,1.6091181,1,2.1968691,1,0.0,0,0.0,0,2.832837,1,0.0,0,0.0,0
GACAGGGAAGAGTA-1,3,662,2.858958,0.0,0,0.0,0,0.0,0,0.0,0,0.0,0,0.0,0,0.0,0,2.9993176,1,1.9956902,1,0.0,0,2.618458,1,1.9956902,1,2.618458,1,0.0,0,2.618458,1,0.0,0,0.0,0,1.9956902,1,0.0,0,0.0,0
GACAGGGAATGCCA-1,0,912,1.179709,1.5964456,1,0.0,0,0.0,0,0.0,0,0.0,0,1.5964456,1,0.0,0,3.3515942,1,0.0,0,0.0,0,2.8179107,1,1.5964456,1,0.0,0,0.0,0,3.029036,1,0.0,0,0.0,0,3.029036,1,0.0,0,0.0,0
GACAGTACGAGCTT-1,4,1550,2.432597,3.8206487,1,3.3811078,1,3.3811078,1,3.5692441,1,3.1491785,1,3.4478307,1,2.957993,1,5.2769184,1,3.5103788,1,3.3096125,1,5.9931517,1,3.7751715,1,2.7214048,1,3.5103788,1,3.8206487,1,1.1081696,1,2.5781581,1,4.4800467,1,2.4109054,1,3.6774993,1
GACAGTACTTCGGA-1,4,1509,4.794916,3.9331462,1,3.8947086,1,3.0084853,1,4.167395,1,3.7696462,1,2.5300405,1,1.5792546,1,5.5113525,1,3.6766396,1,2.7976077,1,5.6559887,1,2.7976077,1,3.3307524,1,3.3307524,1,3.397358,1,2.1636307,1,2.5300405,1,4.4284782,1,2.5300405,1,3.8947086,1
GACAGTTGAGTAGA-1,3,1021,1.577084,0.0,0,0.0,0,0.0,0,2.3660872,1,0.0,0,2.006478,1,0.0,0,3.8974793,1,2.006478,1,0.0,0,3.2864714,1,0.0,0,2.3660872,1,0.0,0,2.3660872,1,0.0,0,0.0,0,0.0,0,0.0,0,0.0,0
GACATTCTCCACCT-1,5,1751,2.5028257,2.633469,1,3.0909617,1,0.0,0,3.0147002,1,2.932139,1,1.4423193,1,1.7657139,1,4.208048,1,1.4423193,1,0.0,0,5.3669696,1,2.369448,1,0.0,0,2.932139,1,3.0909617,1,0.0,0,0.9613589,1,4.231791,1,0.9613589,1,4.550549,1
GACCAAACGACTAC-1,1,776,3.91581,3.4143555,1,2.7535765,1,0.0,0,3.238592,1,3.6937792,1,0.0,0,2.3794644,1,6.045863,1,3.238592,1,2.7535765,1,5.5632806,1,1.7748775,1,2.7535765,1,2.7535765,1,3.6937792,1,0.0,0,2.7535765,1,4.434293,1,1.7748775,1,3.238592,1
GACCAAACGTATCG-1,1,910,2.962298,3.6083915,1,2.3002484,1,0.0,0,3.3297007,1,3.4787235,1,0.0,0,0.0,0,5.0047174,1,3.7231596,1,1.7026241,1,5.9109135,1,2.3002484,1,2.9419792,1,1.7026241,1,3.8261013,1,0.0,0,0.0,0,3.7231596,1,1.7026241,1,3.4787235,1
GACCATGACTCTCG-1,1,446,7.269155,3.6971295,1,3.0284746,1,0.0,0,3.4176784,1,3.4176784,1,3.0284746,1,0.0,0,6.4769225,1,3.0284746,1,3.0284746,1,6.219546,1,2.3825824,1,3.4176784,1,2.3825824,1,3.9153018,1,0.0,0,0.0,0,4.6928263,1,2.3825824,1,4.377802,1
GACCCTACTAAAGG-1,3,714,1.4735433,0.0,0,0.0,0,0.0,0,0.0,0,0.0,0,2.0409508,1,0.0,0,2.0409508,1,2.0409508,1,0.0,0,3.0489779,1,2.0409508,1,0.0,0,0.0,0,2.6669397,1,0.0,0,0.0,0,0.0,0,0.0,0,0.0,0
GACCTAGACCTCAC-1,0,530,4.9235992,0.0,0,0.0,0,0.0,0,2.2508893,1,0.0,0,2.889947,1,0.0,0,2.889947,1,2.889947,1,0.0,0,2.889947,1,0.0,0,0.0,0,2.2508893,1,0.0,0,0.0,0,0.0,0,3.7723212,1,2.2508893,1,0.0,0
GACCTAGACGAGAG-1,0,846,4.3226557,0.0,0,0.0,0,0.0,0,0.0,0,0.0,0,0.0,0,0.0,0,3.576148,1,0.0,0,0.0,0,3.0105011,1,0.0,0,1.5809383,1,2.1655078,1,2.5319924,1,0.0,0,0.0,0,0.0,0,1.5809383,1,0.0,0
GACCTCACAAGGTA-1,0,631,1.589041,0.0,0,0.0,0,0.0,0,1.8700274,1,0.0,0,0.0,0,0.0,0,3.5243247,1,0.0,0,0.0,0,1.8700274,1,0.0,0,0.0,0,0.0,0,2.860223,1,0.0,0,0.0,0,2.4829838,1,0.0,0,0.0,0
GACCTCACGTACGT-1,1,1152,2.2766078,3.5595996,1,3.4751713,1,0.0,0,3.382952,1,3.5595996,1,2.5163279,1,3.1682594,1,5.5042553,1,2.8945055,1,3.040721,1,5.527152,1,3.040721,1,2.7231884,1,3.281356,1,3.955536,1,1.900841,1,1.3469713,1,4.152719,1,1.3469713,1,4.3905067,1
GACCTCTGCATCAG-1,0,1118,2.1923268,0.0,0,0.0,0,0.0,0,1.2502686,1,0.0,0,0.0,0,0.0,0,2.1369839,1,0.0,0,1.2502686,1,1.7888488,1,0.0,0,0.0,0,1.2502686,1,2.1369839,1,0.0,0,0.0,0,1.2502686,1,0.0,0,1.7888488,1
GACGAACTCCCACT-1,0,755,1.4605203,1.71634,1,0.0,0,0.0,0,0.0,0,0.0,0,1.71634,1,0.0,0,2.9578488,1,1.71634,1,0.0,0,4.0998898,1,0.0,0,0.0,0,0.0,0,2.6873288,1,0.0,0,0.0,0,1.71634,1,0.0,0,1.71634,1
GACGATTGCCAATG-1,3,573,1.5177065,0.0,0,0.0,0,0.0,0,2.2463412,1,0.0,0,0.0,0,0.0,0,2.8851454,1,2.2463412,1,2.2463412,1,3.7673538,1,0.0,0,0.0,0,0.0,0,3.2718196,1,0.0,0,0.0,0,0.0,0,0.0,0,0.0,0
GACGCCGACCTTCG-1,0,1176,1.7355982,1.546312,1,0.0,0,0.0,0,2.1268322,1,0.0,0,0.0,0,0.0,0,3.142632,1,2.968907,1,0.0,0,3.6360393,1,0.0,0,1.546312,1,0.0,0,2.968907,1,0.0,0,0.0,0,2.7585218,1,0.0,0,0.0,0
GACGCTCTCTCTCG-1,6,267,3.2210834,0.0,0,0.0,0,0.0,0,3.8064017,1,0.0,0,0.0,0,0.0,0,4.308296,1,3.8064017,1,0.0,0,4.0885115,1,0.0,0,0.0,0,0.0,0,4.773241,1,0.0,0,0.0,0,0.0,0,3.4119895,1,3.8064017,1
GACGGCACACGGGA-1,2,918,0.9983361,1.8803128,1,2.8716795,1,3.1451097,1,0.0,0,1.8803128,1,2.4941232,1,0.0,0,3.1451097,1,1.8803128,1,0.0,0,3.1451097,1,1.8803128,1,1.8803128,1,1.8803128,1,0.0,0,0.0,0,0.0,0,2.4941232,1,0.0,0,0.0,0
GACGGCACGAGATA-1,1,1132,2.219404,3.580695,1,3.7434542,1,0.0,0,2.6166916,1,4.0061326,1,2.8251185,1,3.8833938,1,5.092535,1,2.6166916,1,0.0,0,5.220411,1,3.3861954,1,3.6653821,1,3.7434542,1,4.0061326,1,0.0,0,1.4285367,1,4.4619913,1,1.4285367,1,4.1659174,1
GACGTAACCTATGG-1,0,849,1.3976555,0.0,0,0.0,0,0.0,0,2.304297,1,0.0,0,1.7063044,1,0.0,0,2.946241,1,0.0,0,0.0,0,3.1588213,1,0.0,0,0.0,0,0.0,0,1.7063044,1,0.0,0,0.0,0,2.6759193,1,1.7063044,1,0.0,0
GACGTAACCTGTGA-1,0,938,1.6660055,0.0,0,0.0,0,0.0,0,2.1901448,1,0.0,0,0.0,0,0.0,0,3.2112277,1,0.0,0,0.0,0,3.036935,1,0.0,0,1.6030685,1,0.0,0,2.1901448,1,0.0,0,0.0,0,0.0,0,2.1901448,1,1.6030685,1
GACGTAACTATGGC-1,0,1140,1.7707362,0.0,0,1.4130546,1,0.0,0,3.1249783,1,0.0,0,1.4130546,1,0.0,0,3.9266315,1,2.3346126,1,0.0,0,2.8059287,1,1.4130546,1,0.0,0,1.4130546,1,1.9764355,1,0.0,0,0.0,0,3.7959118,1,1.4130546,1,0.0,0
GACGTATGTTGACG-1,0,909,0.90054816,0.0,0,0.0,0,0.0,0,1.5933149,1,2.1792939,1,0.0,0,0.0,0,2.5463226,1,0.0,0,1.5933149,1,1.5933149,1,0.0,0,0.0,0,0.0,0,1.5933149,1,0.0,0,0.0,0,1.5933149,1,1.5933149,1,1.5933149,1
GACGTATGTTTGCT-1,0,840,1.120332,0.0,0,0.0,0,0.0,0,0.0,0,0.0,0,2.8681488,1,0.0,0,3.0798666,1,1.6392103,1,0.0,0,3.749763,1,2.230251,1,1.6392103,1,1.6392103,1,2.230251,1,0.0,0,0.0,0,2.230251,1,0.0,0,0.0,0
GACGTCCTACGGAG-1,0,806,1.6621742,0.0,0,0.0,0,0.0,0,1.7044618,1,0.0,0,1.7044618,1,0.0,0,3.725352,1,0.0,0,0.0,0,2.6738229,1,0.0,0,2.3022702,1,1.7044618,1,1.7044618,1,0.0,0,0.0,0,4.226489,1,1.7044618,1,0.0,0
GACGTCCTCTCAAG-1,1,904,2.6523,2.867366,1,3.7489526,1,0.0,0,3.2537,1,3.0790749,1,0.0,0,2.2295103,1,4.8957853,1,4.5684657,1,2.2295103,1,5.9789553,1,2.867366,1,2.5984564,1,2.867366,1,3.9273427,1,1.6385416,1,2.2295103,1,4.26984,1,1.6385416,1,3.5316772,1
GACGTCCTGATAAG-1,3,788,1.5957447,2.2894168,1,0.0,0,0.0,0,1.6927841,1,0.0,0,0.0,0,0.0,0,2.2894168,1,1.6927841,1,0.0,0,3.7114065,1,0.0,0,2.6605232,1,0.0,0,2.2894168,1,0.0,0,0.0,0,0.0,0,1.6927841,1,0.0,0
GACTACGATGGTCA-1,3,778,1.7075773,0.0,0,0.0,0,0.0,0,0.0,0,0.0,0,0.0,0,0.0,0,3.7781496,1,1.8471754,1,0.0,0,3.3217719,1,1.8471754,1,0.0,0,1.8471754,1,2.4582,1,0.0,0,0.0,0,0.0,0,0.0,0,1.8471754,1
GACTCCTGCTCGCT-1,0,715,3.4371643,0.0,0,0.0,0,0.0,0,0.0,0,0.0,0,0.0,0,0.0,0,2.4635901,1,0.0,0,0.0,0,2.8402686,1,0.0,0,0.0,0,0.0,0,0.0,0,0.0,0,0.0,0,1.8521417,1,0.0,0,0.0,0
GACTCCTGGGTTAC-1,0,869,2.5670063,0.0,0,0.0,0,0.0,0,1.5639931,1,0.0,0,1.5639931,1,0.0,0,2.77953,1,0.0,0,0.0,0,2.1466005,1,0.0,0,1.5639931,1,0.0,0,0.0,0,0.0,0,0.0,0,2.1466005,1,0.0,0,0.0,0
GACTCCTGTTATCC-1,0,714,2.3255813,0.0,0,0.0,0,0.0,0,0.0,0,0.0,0,3.0689752,1,2.0592318,1,3.344972,1,0.0,0,0.0,0,3.0689752,1,2.6864786,1,0.0,0,2.0592318,1,3.0689752,1,0.0,0,0.0,0,3.7386138,1,0.0,0,0.0,0
GACTCCTGTTGGTG-1,1,883,2.0588236,3.1394563,1,3.1394563,1,0.0,0,3.2874012,1,2.488704,1,1.5437008,1,1.5437008,1,4.5719132,1,1.5437008,1,2.488704,1,5.526919,1,3.1394563,1,3.1394563,1,2.7554133,1,3.8107126,1,1.5437008,1,0.0,0,4.02942,1,2.1239092,1,3.8107126,1
GACTGAACAACCGT-1,3,332,5.7315235,0.0,0,0.0,0,0.0,0,0.0,0,0.0,0,0.0,0,0.0,0,0.0,0,0.0,0,0.0,0,3.439325,1,0.0,0,2.7777603,1,2.7777603,1,3.439325,1,0.0,0,0.0,0,0.0,0,0.0,0,0.0,0
GACTGAACCAATCG-1,1,767,1.1299435,2.6433704,1,2.6433704,1,0.0,0,3.6934078,1,2.2728481,1,1.6777514,1,0.0,0,4.8461666,1,2.6433704,1,0.0,0,5.679096,1,3.1253352,1,2.2728481,1,1.6777514,1,3.6934078,1,0.0,0,0.0,0,4.0534453,1,0.0,0,3.5787308,1
GACTGATGTGATGC-1,0,858,1.3584906,0.0,0,0.0,0,0.0,0,1.5639931,1,1.5639931,1,2.1466005,1,0.0,0,2.9901824,1,0.0,0,1.5639931,1,5.096495,1,2.1466005,1,0.0,0,0.0,0,0.0,0,0.0,0,0.0,0,0.0,0,0.0,0,0.0,0
GACTTTACATGCCA-1,0,788,0.9274193,0.0,0,0.0,0,0.0,0,1.6174862,1,0.0,0,1.6174862,1,0.0,0,2.8426752,1,1.6174862,1,0.0,0,2.8426752,1,0.0,0,0.0,0,2.2061632,1,3.0540965,1,0.0,0,0.0,0,2.2061632,1,0.0,0,1.6174862,1
GACTTTACGACAGG-1,3,553,1.5555556,0.0,0,0.0,0,0.0,0,2.7616413,1,0.0,0,2.7616413,1,0.0,0,2.7616413,1,0.0,0,0.0,0,2.7616413,1,2.129766,1,2.129766,1,0.0,0,3.1458187,1,0.0,0,0.0,0,0.0,0,0.0,0,0.0,0
GAGAAATGTTCTCA-1,3,634,3.2101166,0.0,0,0.0,0,0.0,0,2.3732634,1,0.0,0,0.0,0,0.0,0,3.557154,1,0.0,0,0.0,0,2.7471774,1,0.0,0,0.0,0,0.0,0,3.0187025,1,0.0,0,0.0,0,0.0,0,0.0,0,0.0,0
GAGATAGAAAAAGC-1,1,1230,1.653141,1.948572,1,2.7754998,1,0.0,0,3.8316789,1,3.0940063,1,2.3053799,1,2.3053799,1,5.369066,1,3.0940063,1,1.948572,1,5.54827,1,3.0940063,1,3.0940063,1,2.3053799,1,2.9473805,1,0.0,0,2.5678158,1,4.4457197,1,2.3053799,1,4.063494,1
GAGATCACGACAAA-1,4,1131,2.016383,3.379476,1,3.809068,1,3.876582,1,3.4814243,1,3.876582,1,3.809068,1,1.4232526,1,5.72557,1,3.6586053,1,3.265942,1,5.52105,1,2.3467739,1,3.9993043,1,2.8185768,1,4.1085987,1,3.1378474,1,3.1378474,1,2.8185768,1,1.4232526,1,3.6586053,1
GAGATGCTCTGGAT-1,2,849,2.7951808,0.0,0,0.0,0,0.0,0,0.0,0,0.0,0,3.0099509,1,0.0,0,3.0099509,1,1.7615753,1,0.0,0,1.7615753,1,0.0,0,0.0,0,1.7615753,1,1.7615753,1,0.0,0,0.0,0,3.6781423,1,0.0,0,0.0,0
GAGATGCTGAATGA-1,0,811,1.7738359,0.0,0,1.8793719,1,0.0,0,2.4931047,1,0.0,0,0.0,0,0.0,0,4.0341325,1,0.0,0,1.8793719,1,3.3585317,1,0.0,0,0.0,0,2.870632,1,0.0,0,0.0,0,0.0,0,3.3585317,1,1.8793719,1,0.0,0
GAGCAGGATTCCCG-1,2,827,1.7368422,0.0,0,0.0,0,0.0,0,0.0,0,0.0,0,1.8364558,1,0.0,0,2.822734,1,2.822734,1,0.0,0,3.880911,1,2.822734,1,0.0,0,0.0,0,2.4465575,1,0.0,0,0.0,0,3.9842062,1,1.8364558,1,0.0,0
GAGCATACTTTGCT-1,4,1753,1.6731402,3.3808706,1,3.0169597,1,2.2993066,1,3.2736392,1,4.3072047,1,3.4304616,1,1.7017682,1,5.1611633,1,2.9409878,1,1.9427881,1,4.962717,1,2.670757,1,2.5615869,1,2.670757,1,3.477709,1,2.2993066,1,0.91410637,1,3.6853275,1,1.7017682,1,2.9409878,1
GAGCGCACGCGTAT-1,1,713,2.7574563,1.8926568,1,2.5074797,1,0.0,0,3.1590374,1,4.3078513,1,0.0,0,3.1590374,1,5.2006125,1,2.5074797,1,0.0,0,5.826645,1,1.8926568,1,3.1590374,1,2.8854115,1,4.1432424,1,0.0,0,2.5074797,1,4.22893,1,1.8926568,1,4.0495176,1
GAGCGCACGGTGAG-1,2,484,4.6401515,0.0,0,0.0,0,0.0,0,0.0,0,0.0,0,0.0,0,0.0,0,2.9944983,1,2.9944983,1,0.0,0,3.383135,1,0.0,0,0.0,0,0.0,0,2.9944983,1,0.0,0,0.0,0,3.6622958,1,0.0,0,0.0,0
GAGCGCTGAAGATG-1,2,783,2.8816679,0.0,0,2.965526,1,3.6325688,1,0.0,0,0.0,0,2.965526,1,0.0,0,2.5855012,1,0.0,0,0.0,0,3.782934,1,0.0,0,1.9650079,1,0.0,0,0.0,0,0.0,0,0.0,0,1.9650079,1,0.0,0,0.0,0
GAGCGCTGTCTTAC-1,1,722,1.4653865,3.2687345,1,2.782962,1,0.0,0,3.2687345,1,3.4446933,1,0.0,0,1.8009853,1,5.516348,1,3.2687345,1,1.8009853,1,6.1225038,1,2.782962,1,0.0,0,2.4079556,1,3.0550594,1,0.0,0,0.0,0,4.3416495,1,2.4079556,1,3.8394632,1
GAGCGGCTGGGAGT-1,3,596,2.4342105,0.0,0,0.0,0,0.0,0,2.0259457,1,0.0,0,0.0,0,0.0,0,3.0325384,1,2.0259457,1,0.0,0,3.5238986,1,0.0,0,2.0259457,1,0.0,0,3.5238986,1,0.0,0,0.0,0,2.0259457,1,0.0,0,0.0,0
GAGGACGACTCAGA-1,0,514,1.2809564,2.2554631,1,0.0,0,0.0,0,2.2554631,1,0.0,0,2.2554631,1,0.0,0,3.777315,1,2.8947742,1,0.0,0,3.777315,1,0.0,0,0.0,0,0.0,0,0.0,0,0.0,0,0.0,0,2.2554631,1,0.0,0,0.0,0
GAGGATCTGAAAGT-1,3,372,0.41841003,0.0,0,0.0,0,0.0,0,2.7058132,1,0.0,0,0.0,0,0.0,0,2.7058132,1,0.0,0,0.0,0,4.040696,1,0.0,0,0.0,0,0.0,0,3.3649814,1,0.0,0,0.0,0,0.0,0,0.0,0,2.7058132,1
GAGGCAGACTTGCC-1,2,925,1.2058954,0.0,0,0.0,0,1.6993284,1,0.0,0,0.0,0,1.6993284,1,0.0,0,2.6679792,1,1.6993284,1,0.0,0,3.1506555,1,0.0,0,0.0,0,1.6993284,1,2.2966218,1,0.0,0,1.6993284,1,3.4748168,1,0.0,0,0.0,0
GAGGGAACACCAGT-1,0,747,0.5963029,0.0,0,0.0,0,0.0,0,2.5597956,1,0.0,0,1.9411254,1,0.0,0,4.3639345,1,1.9411254,1,0.0,0,3.2135155,1,1.9411254,1,0.0,0,3.605485,1,3.2135155,1,0.0,0,0.0,0,1.9411254,1,0.0,0,0.0,0
GAGGGAACGAGGGT-1,0,840,2.3535852,0.0,0,0.0,0,0.0,0,2.4804726,1,0.0,0,1.8677099,1,0.0,0,3.917231,1,0.0,0,1.8677099,1,3.6715853,1,0.0,0,0.0,0,2.8576398,1,2.4804726,1,0.0,0,0.0,0,3.5216649,1,2.8576398,1,0.0,0
GAGGGATGGGAAAT-1,0,673,2.004008,0.0,0,0.0,0,0.0,0,3.322802,1,0.0,0,0.0,0,0.0,0,3.5387092,1,0.0,0,0.0,0,3.8668466,1,0.0,0,0.0,0,0.0,0,3.322802,1,0.0,0,0.0,0,4.1135006,1,0.0,0,0.0,0
GAGGGCCTTCACCC-1,0,955,2.701613,1.616192,1,0.0,0,0.0,0,1.616192,1,0.0,0,0.0,0,0.0,0,3.9000845,1,0.0,0,0.0,0,3.5046885,1,1.616192,1,1.616192,1,0.0,0,2.8411546,1,0.0,0,0.0,0,3.3754416,1,1.616192,1,0.0,0
GAGGGTGAAGAGTA-1,0,796,1.5390534,0.0,0,1.5787961,1,0.0,0,0.0,0,1.5787961,1,2.1631196,1,0.0,0,3.3301954,1,0.0,0,0.0,0,3.1819916,1,0.0,0,1.5787961,1,2.1631196,1,1.5787961,1,0.0,0,0.0,0,2.1631196,1,0.0,0,0.0,0
GAGGTACTACGGTT-1,0,719,3.0377266,0.0,0,0.0,0,0.0,0,0.0,0,0.0,0,2.3794644,1,0.0,0,2.7535765,1,0.0,0,0.0,0,3.5637956,1,0.0,0,0.0,0,0.0,0,1.7748775,1,0.0,0,0.0,0,2.7535765,1,0.0,0,0.0,0
GAGGTACTACTCAG-1,1,718,2.020202,4.5747943,1,3.0545778,1,0.0,0,2.7824879,1,1.8005635,1,1.8005635,1,0.0,0,4.806259,1,3.268248,1,1.8005635,1,6.0291233,1,3.0545778,1,1.8005635,1,1.8005635,1,4.2730875,1,0.0,0,0.0,0,4.4048753,1,0.0,0,3.5937827,1
GAGGTACTGACACT-1,2,857,1.3527576,0.0,0,0.0,0,2.8099291,1,0.0,0,0.0,0,1.8250191,1,0.0,0,3.2963762,1,0.0,0,0.0,0,3.2963762,1,2.8099291,1,0.0,0,1.8250191,1,3.0824444,1,0.0,0,0.0,0,3.2963762,1,0.0,0,1.8250191,1
GAGGTACTGGGAGT-1,0,578,0.8327025,2.1482704,1,0.0,0,0.0,0,0.0,0,0.0,0,2.7813034,1,0.0,0,3.1658998,1,0.0,0,0.0,0,4.235992,1,0.0,0,2.7813034,1,2.1482704,1,3.1658998,1,0.0,0,0.0,0,3.1658998,1,2.1482704,1,0.0,0
GAGGTACTTAGCGT-1,1,1063,2.8352036,3.2041144,1,2.9298735,1,0.0,0,3.7461793,1,3.8767555,1,2.2887528,1,1.3747808,1,6.154262,1,3.9361606,1,1.3747808,1,5.99101,1,2.2887528,1,3.419106,1,2.7581758,1,3.6738858,1,0.0,0,2.2887528,1,4.189543,1,1.3747808,1,3.7461793,1
GAGGTGGAGTACGT-1,0,594,4.092409,0.0,0,0.0,0,0.0,0,0.0,0,2.0288086,1,0.0,0,0.0,0,3.7045097,1,0.0,0,0.0,0,2.0288086,1,0.0,0,0.0,0,0.0,0,2.0288086,1,0.0,0,0.0,0,2.0288086,1,0.0,0,0.0,0
GAGGTGGATCCTCG-1,2,997,1.9617707,0.0,0,5.0558357,1,3.0502548,1,0.0,0,2.4033678,1,2.4033678,1,0.0,0,3.0502548,1,1.796777,1,0.0,0,3.7194438,1,0.0,0,0.0,0,0.0,0,2.7782319,1,0.0,0,0.0,0,3.4398117,1,0.0,0,0.0,0
GAGGTTACTCGTTT-1,1,1268,1.2509981,2.978166,1,2.196514,1,0.0,0,3.5734394,1,2.978166,1,2.4560046,1,0.0,0,5.7538896,1,2.196514,1,2.196514,1,5.3667364,1,2.661844,1,2.8324606,1,2.4560046,1,3.495732,1,1.2987015,1,2.196514,1,3.7758036,1,1.8451533,1,3.2181082,1
GAGGTTTGTAAGCC-1,1,341,3.362573,3.8035386,1,2.7485447,1,2.7485447,1,3.4091578,1,3.8035386,1,0.0,0,0.0,0,6.3476963,1,4.0856323,1,0.0,0,6.321767,1,2.7485447,1,3.4091578,1,3.4091578,1,2.7485447,1,0.0,0,0.0,0,3.4091578,1,0.0,0,4.0856323,1
GAGTCAACCATTCT-1,0,388,1.7837236,0.0,0,0.0,0,0.0,0,0.0,0,0.0,0,3.1483052,1,0.0,0,3.1483052,1,2.497187,1,0.0,0,2.497187,1,0.0,0,0.0,0,0.0,0,0.0,0,0.0,0,0.0,0,2.497187,1,0.0,0,0.0,0
GAGTCAACGGGAGT-1,0,753,1.9033117,0.0,0,0.0,0,0.0,0,1.5705981,1,0.0,0,0.0,0,0.0,0,2.9981105,1,0.0,0,0.0,0,2.7873602,1,0.0,0,2.519998,1,0.0,0,1.5705981,1,0.0,0,0.0,0,0.0,0,0.0,0,0.0,0
GAGTCTGATCGTGA-1,0,834,1.2744265,0.0,0,0.0,0,0.0,0,0.0,0,1.6595854,1,0.0,0,0.0,0,3.6715853,1,1.6595854,1,0.0,0,3.427512,1,0.0,0,1.6595854,1,0.0,0,2.252792,1,0.0,0,0.0,0,2.8919551,1,0.0,0,0.0,0
GAGTCTGATTTGGG-1,3,593,2.0763564,0.0,0,0.0,0,0.0,0,0.0,0,0.0,0,2.0415337,1,0.0,0,2.6675632,1,2.6675632,1,0.0,0,3.869468,1,0.0,0,0.0,0,0.0,0,2.6675632,1,0.0,0,0.0,0,2.0415337,1,0.0,0,2.0415337,1
GAGTGACTCAGCTA-1,0,1189,1.6279876,0.0,0,0.0,0,0.0,0,2.4341245,1,0.0,0,2.0715628,1,0.0,0,3.0824444,1,3.6675205,1,1.4970772,1,2.4341245,1,0.0,0,1.4970772,1,0.0,0,2.4341245,1,0.0,0,0.0,0,0.0,0,1.4970772,1,1.4970772,1
GAGTGACTCGGTAT-1,2,911,1.5116812,0.0,0,0.0,0,0.0,0,3.3498237,1,0.0,0,2.3190393,1,0.0,0,2.9617517,1,0.0,0,0.0,0,3.8465137,1,0.0,0,0.0,0,0.0,0,2.9617517,1,0.0,0,0.0,0,2.3190393,1,0.0,0,0.0,0
GAGTGACTCTTGCC-1,3,738,1.5275505,0.0,0,0.0,0,0.0,0,1.8649383,1,0.0,0,0.0,0,0.0,0,3.1277316,1,0.0,0,0.0,0,3.1277316,1,2.8545494,1,0.0,0,0.0,0,1.8649383,1,0.0,0,0.0,0,0.0,0,0.0,0,0.0,0
GAGTGACTGACTAC-1,3,476,4.060509,0.0,0,0.0,0,0.0,0,0.0,0,0.0,0,0.0,0,0.0,0,3.2165747,1,2.8309574,1,0.0,0,2.8309574,1,0.0,0,0.0,0,0.0,0,3.2165747,1,0.0,0,0.0,0,0.0,0,0.0,0,0.0,0
GAGTGACTGTCTAG-1,0,816,1.9571295,0.0,0,0.0,0,0.0,0,0.0,0,0.0,0,0.0,0,0.0,0,3.7597687,1,0.0,0,0.0,0,3.3658807,1,0.0,0,1.7333943,1,1.7333943,1,0.0,0,0.0,0,0.0,0,2.3340514,1,0.0,0,1.7333943,1
GAGTGGGAGTCTTT-1,3,641,2.5300443,0.0,0,0.0,0,0.0,0,2.614342,1,0.0,0,0.0,0,0.0,0,2.614342,1,0.0,0,0.0,0,4.1634216,1,0.0,0,0.0,0,0.0,0,3.6629124,1,0.0,0,0.0,0,0.0,0,0.0,0,0.0,0
GAGTGGGATGCCCT-1,0,746,2.0606062,0.0,0,0.0,0,0.0,0,1.6181343,1,0.0,0,0.0,0,0.0,0,2.8434365,1,1.6181343,1,0.0,0,3.6214848,1,0.0,0,0.0,0,0.0,0,1.6181343,1,0.0,0,0.0,0,0.0,0,1.6181343,1,0.0,0
GAGTGGGATGCTGA-1,3,635,1.9359145,2.038623,1,2.038623,1,0.0,0,0.0,0,0.0,0,2.038623,1,0.0,0,3.5380604,1,2.038623,1,0.0,0,3.5380604,1,2.038623,1,0.0,0,0.0,0,2.038623,1,0.0,0,0.0,0,0.0,0,0.0,0,0.0,0
GAGTGTTGCTGTAG-1,0,953,2.078853,1.5231826,1,0.0,0,0.0,0,0.0,0,0.0,0,2.7309332,1,0.0,0,3.5049927,1,1.5231826,1,0.0,0,2.7309332,1,1.5231826,1,0.0,0,1.5231826,1,2.4647381,1,0.0,0,0.0,0,3.6073442,1,2.4647381,1,0.0,0
GAGTGTTGTGGTCA-1,0,801,1.6144814,0.0,0,0.0,0,0.0,0,0.0,0,0.0,0,1.7740643,1,0.0,0,3.0242736,1,0.0,0,0.0,0,3.5628438,1,0.0,0,2.3785758,1,0.0,0,0.0,0,0.0,0,0.0,0,0.0,0,0.0,0,0.0,0
GAGTTGTGCATGGT-1,1,326,2.7417028,3.3979166,1,3.3979166,1,0.0,0,2.7376652,1,3.3979166,1,0.0,0,0.0,0,5.618829,1,4.293937,1,0.0,0,6.3613625,1,2.7376652,1,2.7376652,1,0.0,0,3.3979166,1,0.0,0,0.0,0,4.293937,1,0.0,0,4.4739814,1
GAGTTGTGCTGAGT-1,2,849,2.3,0.0,0,1.7917595,1,0.0,0,0.0,0,0.0,0,2.3978953,1,0.0,0,2.3978953,1,0.0,0,0.0,0,2.3978953,1,1.7917595,1,1.7917595,1,2.3978953,1,2.3978953,1,0.0,0,0.0,0,2.7725887,1,1.7917595,1,0.0,0
GAGTTGTGGCGAGA-1,1,499,1.2244898,3.7340841,1,2.2159302,1,0.0,0,2.2159302,1,2.8530085,1,0.0,0,2.2159302,1,5.241263,1,2.8530085,1,3.2390628,1,5.2836018,1,0.0,0,2.2159302,1,2.8530085,1,2.8530085,1,0.0,0,2.2159302,1,4.4152117,1,2.2159302,1,3.7340841,1
GAGTTGTGGTAGCT-1,6,865,0.9083402,0.0,0,0.0,0,0.0,0,2.2317343,1,0.0,0,1.6405498,1,0.0,0,4.72974,1,4.2722964,1,0.0,0,3.8445585,1,0.0,0,0.0,0,0.0,0,4.80059,1,0.0,0,0.0,0,0.0,0,0.0,0,1.6405498,1
GAGTTGTGTATGCG-1,4,1420,2.536492,4.026954,1,4.1089087,1,3.608974,1,3.608974,1,3.6718185,1,3.730946,1,1.7562047,1,5.4421587,1,4.068771,1,2.5631053,1,5.2226834,1,2.10238,1,3.730946,1,4.3208356,1,4.220476,1,2.3590446,1,2.10238,1,4.6671042,1,2.5631053,1,3.2169578,1
GATAAGGAGAAACA-1,1,487,3.072871,2.2810905,1,4.5815005,1,0.0,0,0.0,0,3.3091567,1,0.0,0,0.0,0,5.2695146,1,3.58766,1,2.2810905,1,6.1267424,1,0.0,0,3.3091567,1,0.0,0,4.1353493,1,0.0,0,0.0,0,4.3831024,1,2.9218001,1,2.9218001,1
GATAAGGATTCACT-1,1,876,2.779984,2.5586953,1,2.5586953,1,0.0,0,2.1912029,1,3.3607533,1,2.5586953,1,2.1912029,1,5.5577693,1,3.2123706,1,2.5586953,1,5.5423255,1,2.5586953,1,2.1912029,1,1.60402,1,3.6043246,1,0.0,0,1.60402,1,4.2837753,1,0.0,0,4.3371167,1
GATACTCTATCGGT-1,0,797,1.6645327,0.0,0,0.0,0,0.0,0,0.0,0,2.2558453,1,0.0,0,0.0,0,3.560291,1,0.0,0,0.0,0,2.8951778,1,0.0,0,0.0,0,0.0,0,2.6257577,1,0.0,0,0.0,0,2.2558453,1,0.0,0,0.0,0
GATACTCTTACTTC-1,0,981,2.880944,0.0,0,1.4981551,1,0.0,0,1.4981551,1,1.4981551,1,2.7009392,1,0.0,0,2.9105632,1,0.0,0,0.0,0,3.0837693,1,0.0,0,0.0,0,1.4981551,1,1.4981551,1,0.0,0,0.0,0,2.9105632,1,0.0,0,0.0,0
GATACTCTTGACTG-1,1,756,2.6095061,3.5168965,1,2.7084236,1,0.0,0,2.3357363,1,2.9793048,1,2.3357363,1,1.7349305,1,4.8806705,1,4.2630744,1,1.7349305,1,5.73374,1,2.3357363,1,2.9793048,1,3.5168965,1,3.367682,1,0.0,0,2.3357363,1,4.496495,1,1.7349305,1,3.958026,1
GATAGAGAAGGGTG-1,2,850,3.1022782,0.0,0,0.0,0,2.3697407,1,1.7659817,1,0.0,0,2.3697407,1,0.0,0,2.7435415,1,0.0,0,0.0,0,1.7659817,1,1.7659817,1,0.0,0,0.0,0,2.7435415,1,0.0,0,1.7659817,1,3.0150073,1,1.7659817,1,0.0,0
GATAGAGACTGTGA-1,0,1097,0.95862764,0.0,0,1.2595904,1,0.0,0,0.0,0,1.2595904,1,1.7997203,1,0.0,0,2.7815402,1,0.0,0,0.0,0,3.1661415,1,1.2595904,1,0.0,0,1.7997203,1,2.4065766,1,0.0,0,0.0,0,3.782088,1,1.7997203,1,0.0,0
GATAGAGATCACGA-1,5,998,1.4229811,2.0946388,1,2.9341903,1,0.0,0,2.9341903,1,2.7242525,1,1.5175974,1,0.0,0,4.8334513,1,2.4581997,1,0.0,0,4.744585,1,2.0946388,1,2.0946388,1,2.7242525,1,3.6932147,1,0.0,0,0.0,0,3.384052,1,2.7242525,1,4.175964,1
GATAGCACCCATAG-1,0,829,2.0849128,0.0,0,0.0,0,0.0,0,1.5672873,1,0.0,0,1.5672873,1,0.0,0,3.1680777,1,0.0,0,0.0,0,2.7834363,1,1.5672873,1,1.5672873,1,0.0,0,2.7834363,1,0.0,0,0.0,0,3.6619263,1,1.5672873,1,0.0,0
GATAGCACGAAGGC-1,1,1159,1.9559228,3.7458525,1,3.1376967,1,1.323445,1,3.4442484,1,2.4870176,1,2.4870176,1,3.1376967,1,5.744497,1,2.8643723,1,1.323445,1,5.4250374,1,3.5285957,1,3.4442484,1,1.8737509,1,3.4442484,1,0.0,0,1.8737509,1,4.1650486,1,2.2266777,1,4.323088,1
GATAGCACTTGTCT-1,0,955,2.039429,0.0,0,0.0,0,0.0,0,1.481651,1,0.0,0,2.054176,1,0.0,0,3.2109013,1,0.0,0,0.0,0,3.4532154,1,1.481651,1,0.0,0,0.0,0,1.481651,1,0.0,0,0.0,0,2.054176,1,0.0,0,0.0,0
GATATAACAAGGTA-1,0,1061,1.5769944,2.3304121,1,0.0,0,0.0,0,1.409537,1,0.0,0,1.9724295,1,0.0,0,2.9737093,1,1.9724295,1,0.0,0,3.463878,1,1.409537,1,1.409537,1,1.9724295,1,2.5934799,1,0.0,0,0.0,0,3.463878,1,0.0,0,0.0,0
GATATAACACGCAT-1,0,696,0.7120605,0.0,0,0.0,0,0.0,0,1.6960485,1,0.0,0,0.0,0,0.0,0,3.715308,1,1.6960485,1,0.0,0,2.9343588,1,0.0,0,1.6960485,1,1.6960485,1,1.6960485,1,0.0,0,0.0,0,2.2930114,1,1.6960485,1,0.0,0
GATATATGCTGGAT-1,0,786,2.2488756,0.0,0,1.55775,1,0.0,0,0.0,0,0.0,0,0.0,0,0.0,0,3.1565218,1,0.0,0,0.0,0,3.1565218,1,1.55775,1,1.55775,1,0.0,0,1.55775,1,0.0,0,0.0,0,1.55775,1,0.0,0,1.55775,1
GATATATGTCCGTC-1,2,743,1.4843321,0.0,0,0.0,0,0.0,0,0.0,0,0.0,0,2.4844942,1,0.0,0,3.525924,1,0.0,0,0.0,0,3.135064,1,1.8714216,1,0.0,0,0.0,0,0.0,0,0.0,0,0.0,0,3.34947,1,0.0,0,1.8714216,1
GATATATGTGGAGG-1,1,1211,2.5165563,0.0,0,1.2948397,1,0.0,0,2.1917913,1,1.2948397,1,2.4511468,1,0.0,0,4.3203044,1,1.8406801,1,1.2948397,1,5.4334397,1,2.4511468,1,1.8406801,1,2.1917913,1,3.707607,1,0.0,0,1.2948397,1,3.3143353,1,0.0,0,3.568274,1
GATATCCTAGAAGT-1,0,893,1.3032146,0.0,0,0.0,0,0.0,0,1.6763368,1,0.0,0,2.2712877,1,0.0,0,2.2712877,1,0.0,0,0.0,0,3.447494,1,2.2712877,1,1.6763368,1,0.0,0,0.0,0,0.0,0,0.0,0,0.0,0,0.0,0,0.0,0
GATATCCTCCCGTT-1,1,491,1.3071896,3.6476192,1,2.33658,1,0.0,0,3.3685842,1,0.0,0,0.0,0,0.0,0,5.2359943,1,2.9801917,1,0.0,0,6.6429496,1,2.33658,1,2.9801917,1,2.9801917,1,3.6476192,1,0.0,0,0.0,0,5.734671,1,0.0,0,3.6476192,1
GATATTGACAGGAG-1,2,744,3.6290321,0.0,0,0.0,0,0.0,0,1.9115684,1,0.0,0,3.395127,1,0.0,0,2.9064126,1,2.5279164,1,0.0,0,3.1803327,1,0.0,0,1.9115684,1,0.0,0,2.5279164,1,0.0,0,0.0,0,3.852475,1,0.0,0,0.0,0
GATATTGACGAGTT-1,4,1447,1.3605442,3.7863164,1,4.3868036,1,3.164668,1,3.3399267,1,4.201322,1,3.6187093,1,2.5128818,1,5.770819,1,3.0639884,1,2.9520261,1,5.7493806,1,3.164668,1,3.677755,1,2.9520261,1,3.9734194,1,2.825929,1,1.7113041,1,4.3287168,1,3.256132,1,2.9520261,1
GATATTGAGCCAAT-1,0,767,1.4851485,0.0,0,0.0,0,0.0,0,0.0,0,0.0,0,2.2258174,1,0.0,0,3.5276597,1,0.0,0,0.0,0,3.6421735,1,0.0,0,2.2258174,1,0.0,0,2.2258174,1,0.0,0,0.0,0,0.0,0,0.0,0,0.0,0
GATCCCTGACCTTT-1,2,1050,1.0845007,0.0,0,2.3063285,1,2.678021,1,0.0,0,0.0,0,0.0,0,0.0,0,3.1609824,1,1.7081518,1,0.0,0,3.336215,1,0.0,0,1.7081518,1,0.0,0,2.3063285,1,0.0,0,0.0,0,3.729752,1,0.0,0,0.0,0
GATCCCTGTGTAGC-1,2,853,1.4629948,0.0,0,0.0,0,0.0,0,1.6689574,1,0.0,0,2.6333194,1,0.0,0,3.114988,1,2.6333194,1,0.0,0,2.902878,1,1.6689574,1,0.0,0,1.6689574,1,2.902878,1,0.0,0,0.0,0,2.6333194,1,0.0,0,0.0,0
GATCCGCTGGTCAT-1,1,1118,1.7263843,2.0179858,1,3.023808,1,0.0,0,3.1709893,1,2.64236,1,1.4496397,1,2.0179858,1,5.2479267,1,2.8511627,1,2.0179858,1,5.3765006,1,2.8511627,1,3.607598,1,3.023808,1,3.8429322,1,0.0,0,1.4496397,1,4.241228,1,2.0179858,1,4.4132767,1
GATCGAACCGAGAG-1,0,1428,2.4836602,1.1569046,1,0.0,0,0.0,0,1.1569046,1,0.0,0,2.4765697,1,0.0,0,2.4765697,1,1.1569046,1,0.0,0,3.3789847,1,1.1569046,1,1.1569046,1,1.1569046,1,1.6789917,1,0.0,0,0.0,0,3.845489,1,1.1569046,1,0.0,0
GATCGATGACTAGC-1,3,555,0.87950754,0.0,0,0.0,0,0.0,0,2.2826698,1,0.0,0,2.2826698,1,0.0,0,3.5893703,1,2.2826698,1,0.0,0,3.5893703,1,0.0,0,2.2826698,1,0.0,0,2.9234643,1,0.0,0,0.0,0,0.0,0,0.0,0,0.0,0
GATCGATGGTAAAG-1,3,612,1.8633541,0.0,0,0.0,0,0.0,0,1.8940945,1,0.0,0,2.5090344,1,0.0,0,3.8323784,1,0.0,0,0.0,0,4.051181,1,0.0,0,0.0,0,0.0,0,1.8940945,1,0.0,0,0.0,0,1.8940945,1,0.0,0,0.0,0
GATCGATGTAAGGA-1,1,854,1.2779553,2.5634737,1,3.3657522,1,0.0,0,3.0429997,1,2.8317087,1,2.5634737,1,0.0,0,5.0546575,1,3.2173412,1,1.6081592,1,6.050494,1,1.6081592,1,2.5634737,1,3.4949572,1,3.0429997,1,0.0,0,0.0,0,4.8582263,1,1.6081592,1,3.7120123,1
GATCGTGACACTAG-1,0,789,1.731794,0.0,0,0.0,0,0.0,0,1.6949587,1,0.0,0,0.0,0,0.0,0,3.145535,1,0.0,0,0.0,0,2.933095,1,1.6949587,1,0.0,0,0.0,0,1.6949587,1,0.0,0,0.0,0,2.6630013,1,0.0,0,1.6949587,1
GATCGTGATTCACT-1,0,889,1.0638298,0.0,0,1.7639754,1,0.0,0,0.0,0,0.0,0,0.0,0,0.0,0,3.8990574,1,0.0,0,0.0,0,3.6809661,1,0.0,0,0.0,0,1.7639754,1,3.0127053,1,0.0,0,0.0,0,3.0127053,1,0.0,0,0.0,0
GATCTACTGGTGAG-1,2,784,2.6917217,0.0,0,0.0,0,0.0,0,1.8056433,1,0.0,0,0.0,0,0.0,0,3.2740993,1,2.4130318,1,0.0,0,3.4500923,1,0.0,0,2.4130318,1,3.060374,1,1.8056433,1,0.0,0,0.0,0,3.060374,1,0.0,0,0.0,0
GATCTACTTTGCAG-1,3,712,1.1699507,0.0,0,0.0,0,0.0,0,0.0,0,0.0,0,1.9681797,1,0.0,0,3.6361592,1,2.9690242,1,0.0,0,2.9690242,1,0.0,0,2.5889115,1,0.0,0,1.9681797,1,0.0,0,0.0,0,0.0,0,0.0,0,0.0,0
GATCTTACACCCAA-1,4,1323,2.5776052,3.8143196,1,3.982682,1,3.8143196,1,3.357461,1,3.357461,1,3.8736463,1,3.4496002,1,5.8664556,1,4.252636,1,2.2316105,1,5.9492965,1,3.6117566,1,3.0156002,1,2.4920871,1,3.8736463,1,3.0156002,1,1.878432,1,4.3990917,1,3.1429856,1,3.8736463,1
GATCTTACCCTACC-1,0,921,2.4259722,0.0,0,0.0,0,0.0,0,2.9362156,1,0.0,0,1.5192679,1,0.0,0,3.1096535,1,2.460156,1,0.0,0,3.9988096,1,1.5192679,1,0.0,0,2.0965147,1,1.5192679,1,0.0,0,0.0,0,3.9311256,1,0.0,0,0.0,0
GATCTTACGAATAG-1,1,682,2.075227,3.509946,1,4.0843554,1,0.0,0,3.2942493,1,3.2942493,1,0.0,0,3.509946,1,5.6802344,1,2.6375265,1,0.0,0,6.1627216,1,3.0188568,1,3.0188568,1,3.2942493,1,3.687272,1,2.0134745,1,3.0188568,1,4.520158,1,3.509946,1,3.8378391,1
GATCTTACGAGATA-1,1,794,2.6793826,3.343214,1,3.343214,1,0.0,0,3.1679323,1,2.6847806,1,2.9552565,1,0.0,0,4.3615465,1,2.6847806,1,2.3128643,1,5.960725,1,1.7140973,1,2.6847806,1,3.1679323,1,3.4923058,1,0.0,0,2.3128643,1,4.417996,1,0.0,0,3.4923058,1
GATGCAACTCCAGA-1,0,846,0.88459986,0.0,0,0.0,0,0.0,0,2.5701342,1,0.0,0,1.6139331,1,0.0,0,4.179917,1,0.0,0,0.0,0,3.5019536,1,1.6139331,1,1.6139331,1,2.2022178,1,1.6139331,1,0.0,0,0.0,0,3.3727183,1,0.0,0,0.0,0
GATGCCCTACGTAC-1,0,1012,2.5266905,0.0,0,0.0,0,0.0,0,2.4581997,1,0.0,0,0.0,0,0.0,0,3.384052,1,0.0,0,0.0,0,2.7242525,1,1.5175974,1,1.5175974,1,1.5175974,1,1.5175974,1,0.0,0,0.0,0,2.9341903,1,2.4581997,1,0.0,0
GATGCCCTCTCATT-1,0,839,1.3732834,0.0,0,0.0,0,0.0,0,2.2328486,1,2.2328486,1,2.2328486,1,0.0,0,3.082643,1,1.641556,1,0.0,0,2.6019185,1,1.641556,1,1.641556,1,2.2328486,1,3.082643,1,0.0,0,0.0,0,0.0,0,0.0,0,0.0,0
GATGCCCTGGCAAG-1,1,807,1.0,3.4483361,1,2.2720675,1,1.6770437,1,2.9122891,1,1.6770437,1,3.2994711,1,2.2720675,1,4.5255213,1,3.8886907,1,0.0,0,5.616888,1,2.2720675,1,2.2720675,1,2.642562,1,3.1245031,1,0.0,0,1.6770437,1,3.5778847,1,0.0,0,4.256966,1
GATGCCCTTTTGCT-1,0,587,3.6065574,0.0,0,0.0,0,0.0,0,0.0,0,0.0,0,0.0,0,0.0,0,2.6490505,1,0.0,0,0.0,0,2.6490505,1,0.0,0,0.0,0,0.0,0,0.0,0,0.0,0,0.0,0,3.3061981,1,2.024233,1,0.0,0
GATTACCTTGTTCT-1,0,881,1.9830028,0.0,0,1.6197572,1,0.0,0,1.6197572,1,0.0,0,1.6197572,1,0.0,0,3.2312462,1,0.0,0,0.0,0,3.0567954,1,1.6197572,1,0.0,0,0.0,0,1.6197572,1,0.0,0,0.0,0,1.6197572,1,0.0,0,0.0,0
GATTCGGAACGACT-1,0,781,2.4761903,0.0,0,0.0,0,0.0,0,0.0,0,0.0,0,0.0,0,0.0,0,1.5712018,1,1.5712018,1,0.0,0,0.0,0,0.0,0,0.0,0,0.0,0,2.1546483,1,0.0,0,0.0,0,0.0,0,0.0,0,0.0,0
GATTCGGACAGGAG-1,1,1010,1.6359206,2.9131947,1,3.0864246,1,0.0,0,3.476551,1,3.362625,1,2.0752094,1,1.5003164,1,5.145587,1,3.476551,1,2.0752094,1,5.595452,1,3.5788155,1,3.476551,1,3.2340305,1,3.5788155,1,1.5003164,1,2.0752094,1,3.974934,1,1.5003164,1,3.6715853,1
GATTCGGAGAAGGC-1,4,1182,2.366538,4.0262604,1,3.8668852,1,3.8668852,1,3.1363795,1,3.6050384,1,3.249324,1,3.6772027,1,5.4710894,1,3.1363795,1,2.8630733,1,6.0647087,1,2.6921058,1,3.5272586,1,3.1363795,1,4.0262604,1,1.3224345,1,1.3224345,1,5.0792136,1,2.8630733,1,3.9228804,1
GATTCTTGATTCGG-1,1,1149,1.5994668,3.4336648,1,3.044205,1,0.0,0,3.3199072,1,2.0365922,1,2.3975923,1,3.044205,1,4.849092,1,2.8713653,1,2.3975923,1,4.79546,1,3.3199072,1,3.3199072,1,3.1915276,1,3.4336648,1,1.4660808,1,2.0365922,1,4.51053,1,2.3975923,1,4.2142653,1
GATTCTTGCCGATA-1,0,812,2.0335984,0.0,0,1.6916993,1,0.0,0,2.288222,1,1.6916993,1,0.0,0,0.0,0,2.288222,1,0.0,0,0.0,0,1.6916993,1,1.6916993,1,0.0,0,0.0,0,0.0,0,0.0,0,0.0,0,0.0,0,0.0,0,0.0,0
GATTCTTGCGAGTT-1,3,607,2.7096775,2.010108,1,0.0,0,0.0,0,0.0,0,0.0,0,0.0,0,0.0,0,3.015161,1,2.010108,1,0.0,0,4.184204,1,0.0,0,0.0,0,0.0,0,0.0,0,0.0,0,0.0,0,0.0,0,0.0,0,2.010108,1
GATTGGACCCGTTC-1,3,1155,1.2987013,0.0,0,0.0,0,0.0,0,0.0,0,0.0,0,1.9127973,1,0.0,0,1.9127973,1,1.3573811,1,0.0,0,3.7907598,1,1.3573811,1,0.0,0,0.0,0,1.9127973,1,0.0,0,0.0,0,1.3573811,1,0.0,0,0.0,0
GATTGGACGGTGTT-1,3,714,3.1836271,0.0,0,0.0,0,0.0,0,0.0,0,0.0,0,1.8998735,1,0.0,0,3.5584943,1,0.0,0,0.0,0,1.8998735,1,0.0,0,1.8998735,1,0.0,0,1.8998735,1,0.0,0,0.0,0,0.0,0,0.0,0,0.0,0
GATTGGACTTTCGT-1,3,642,2.0195837,0.0,0,0.0,0,0.0,0,0.0,0,0.0,0,0.0,0,0.0,0,3.2390628,1,0.0,0,0.0,0,2.964363,1,0.0,0,1.9639536,1,0.0,0,1.9639536,1,0.0,0,0.0,0,0.0,0,0.0,0,0.0,0
GATTGGTGTGTCAG-1,0,1088,1.1742892,1.4088359,1,0.0,0,0.0,0,2.3295746,1,1.4088359,1,2.3295746,1,0.0,0,4.8738985,1,1.4088359,1,0.0,0,3.1196446,1,0.0,0,1.4088359,1,0.0,0,2.3295746,1,0.0,0,0.0,0,3.7904577,1,1.9716308,1,1.9716308,1
GATTTAGACACTCC-1,4,1291,3.15534,3.852861,1,3.3216314,1,3.016622,1,4.425377,1,3.9965668,1,3.229924,1,3.483117,1,5.563646,1,3.4056304,1,2.7451303,1,6.2687683,1,2.3712802,1,2.5755749,1,2.7451303,1,4.1221924,1,1.231911,1,1.231911,1,3.9509215,1,3.3216314,1,4.0402193,1
GATTTAGACTAAGC-1,3,1196,1.3818672,0.0,0,1.4756366,1,0.0,0,1.4756366,1,0.0,0,2.047388,1,0.0,0,3.2034264,1,2.8830726,1,0.0,0,3.331867,1,0.0,0,2.047388,1,1.4756366,1,3.2034264,1,0.0,0,0.0,0,2.8830726,1,0.0,0,1.4756366,1
GATTTAGATTCGTT-1,1,325,1.5060241,4.3376656,1,3.8355138,1,0.0,0,0.0,0,0.0,0,0.0,0,0.0,0,6.084651,1,0.0,0,0.0,0,6.4778132,1,0.0,0,0.0,0,3.8355138,1,3.8355138,1,0.0,0,0.0,0,4.3376656,1,0.0,0,3.440786,1
GATTTGCTAACGAA-1,0,804,1.8087854,0.0,0,0.0,0,0.0,0,1.6689574,1,0.0,0,2.2631438,1,0.0,0,3.114988,1,1.6689574,1,0.0,0,3.5682094,1,0.0,0,0.0,0,1.6689574,1,2.2631438,1,0.0,0,0.0,0,0.0,0,0.0,0,0.0,0
GATTTGCTAACGGG-1,1,370,1.1577424,2.7390177,1,0.0,0,0.0,0,3.7935848,1,0.0,0,3.3993142,1,2.7390177,1,5.3848467,1,3.3993142,1,2.7390177,1,6.0418763,1,3.3993142,1,3.3993142,1,2.7390177,1,0.0,0,0.0,0,2.7390177,1,3.3993142,1,0.0,0,4.7602425,1
GCAACCCTCCTCGT-1,1,359,1.6129031,3.3279712,1,0.0,0,0.0,0,3.721409,1,3.721409,1,0.0,0,0.0,0,6.0663576,1,4.2225075,1,2.6700616,1,6.406614,1,0.0,0,2.6700616,1,2.6700616,1,4.0030227,1,0.0,0,3.3279712,1,4.2225075,1,0.0,0,3.3279712,1
GCAACTGATTGCGA-1,0,855,2.6381462,0.0,0,0.0,0,0.0,0,0.0,0,2.725918,1,2.096202,1,0.0,0,3.7798913,1,2.096202,1,0.0,0,3.1093125,1,0.0,0,0.0,0,0.0,0,0.0,0,0.0,0,0.0,0,1.5189893,1,0.0,0,0.0,0
GCAAGACTACTGGT-1,0,1165,0.6219765,0.0,0,0.0,0,0.0,0,0.0,0,0.0,0,2.4306507,1,0.0,0,3.8994634,1,0.0,0,0.0,0,1.4941224,1,2.0682352,1,0.0,0,1.4941224,1,2.6960924,1,0.0,0,0.0,0,2.4306507,1,0.0,0,2.0682352,1
GCAAGACTAGGTCT-1,0,836,2.8297582,0.0,0,0.0,0,0.0,0,1.71634,1,0.0,0,2.6873288,1,0.0,0,3.7395043,1,0.0,0,0.0,0,4.0998898,1,2.3153288,1,0.0,0,2.3153288,1,2.9578488,1,0.0,0,0.0,0,3.3458521,1,2.3153288,1,0.0,0
GCAAGACTCCCTTG-1,0,923,2.0733063,0.0,0,0.0,0,0.0,0,0.0,0,1.5480586,1,2.7606003,1,0.0,0,2.1287868,1,0.0,0,0.0,0,2.9710124,1,0.0,0,2.1287868,1,0.0,0,1.5480586,1,0.0,0,0.0,0,2.4937835,1,0.0,0,0.0,0
GCAATCGACTGCAA-1,2,863,3.537937,0.0,0,0.0,0,0.0,0,0.0,0,1.6613111,1,0.0,0,0.0,0,3.4295738,1,2.8939679,1,0.0,0,3.8697066,1,0.0,0,0.0,0,0.0,0,0.0,0,0.0,0,0.0,0,2.6245697,1,0.0,0,0.0,0
GCAATCGAGACGTT-1,1,1284,3.0520647,3.7980053,1,3.6086411,1,2.1628923,1,4.5635195,1,3.069138,1,3.5366147,1,3.6086411,1,5.137665,1,3.282946,1,2.1628923,1,5.75747,1,3.069138,1,2.6266298,1,2.942222,1,3.8539176,1,1.8133311,1,1.8133311,1,3.7980053,1,0.0,0,3.5366147,1
GCAATCGATCCTTA-1,1,1011,2.1611001,3.5191188,1,3.027851,1,0.0,0,3.5191188,1,3.3033543,1,2.0216713,1,3.1750605,1,5.632697,1,5.2858806,1,2.6463072,1,6.2253933,1,2.8551667,1,1.4528933,1,3.027851,1,3.5191188,1,2.0216713,1,1.4528933,1,3.774623,1,3.5191188,1,3.6964905,1
GCAATTCTCGTGTA-1,0,889,1.8904321,0.0,0,1.5806319,1,0.0,0,2.1651661,1,0.0,0,2.5316372,1,0.0,0,2.7992365,1,1.5806319,1,1.5806319,1,2.7992365,1,0.0,0,0.0,0,2.1651661,1,2.1651661,1,0.0,0,0.0,0,2.7992365,1,0.0,0,0.0,0
GCAATTCTTCTCCG-1,0,984,1.8087063,2.3223517,1,1.4027935,1,0.0,0,1.9647442,1,0.0,0,2.3223517,1,0.0,0,3.6322703,1,2.3223517,1,0.0,0,3.455226,1,1.4027935,1,1.9647442,1,1.9647442,1,2.3223517,1,0.0,0,0.0,0,2.5852177,1,1.4027935,1,1.4027935,1
GCACAAACAATGCC-1,0,512,3.467742,0.0,0,0.0,0,0.0,0,0.0,0,0.0,0,2.2058036,1,0.0,0,2.2058036,1,2.2058036,1,0.0,0,2.2058036,1,0.0,0,2.2058036,1,0.0,0,0.0,0,0.0,0,0.0,0,3.505863,1,0.0,0,0.0,0
GCACAAACGGTACT-1,0,939,1.1311418,0.0,0,1.5117849,1,0.0,0,2.717292,1,0.0,0,0.0,0,0.0,0,3.77087,1,0.0,0,0.0,0,3.1004934,1,2.0881083,1,1.5117849,1,1.5117849,1,2.451389,1,0.0,0,0.0,0,3.4908357,1,0.0,0,0.0,0
GCACAATGGTGCAT-1,5,883,1.18683,3.003556,1,2.1590421,1,0.0,0,3.4547806,1,1.5751399,1,1.5751399,1,1.5751399,1,4.532105,1,3.4547806,1,0.0,0,4.446071,1,1.5751399,1,1.5751399,1,2.1590421,1,3.671585,1,0.0,0,0.0,0,3.3257525,1,2.1590421,1,3.7645802,1
GCACACCTGTGCTA-1,2,697,2.1802325,0.0,0,0.0,0,3.4049265,1,0.0,0,0.0,0,3.1282532,1,0.0,0,2.7444491,1,0.0,0,0.0,0,3.621406,1,2.1136038,1,2.1136038,1,0.0,0,2.1136038,1,0.0,0,2.1136038,1,3.4049265,1,0.0,0,0.0,0
GCACCACTCATGAC-1,1,1211,1.5916575,2.8609996,1,1.8707241,1,0.0,0,3.24721,1,1.8707241,1,0.0,0,0.0,0,4.683181,1,3.5251238,1,1.3208215,1,5.0940166,1,2.8609996,1,1.3208215,1,2.4837387,1,3.5251238,1,0.0,0,1.8707241,1,3.7423604,1,1.3208215,1,3.440786,1
GCACCACTGTTTGG-1,1,362,1.5463917,4.1810265,1,3.680338,1,0.0,0,3.2874012,1,0.0,0,2.6309242,1,0.0,0,5.4508615,1,0.0,0,0.0,0,6.407985,1,2.6309242,1,0.0,0,0.0,0,3.9616964,1,0.0,0,0.0,0,4.360798,1,2.6309242,1,0.0,0
GCACCACTTCCTTA-1,2,969,2.9305913,0.0,0,3.460985,1,3.0710974,1,0.0,0,0.0,0,3.2849236,1,0.0,0,3.460985,1,0.0,0,0.0,0,2.4232774,1,0.0,0,0.0,0,0.0,0,3.0710974,1,0.0,0,0.0,0,3.2849236,1,0.0,0,0.0,0
GCACCACTTTCGGA-1,1,1135,1.7560074,3.2443767,1,3.2443767,1,0.0,0,3.5521388,1,2.7974992,1,1.4062722,1,0.0,0,5.101559,1,2.5894814,1,2.7974992,1,5.8465543,1,3.5521388,1,3.2443767,1,3.6367588,1,3.2443767,1,0.0,0,2.7974992,1,4.27467,1,1.4062722,1,4.0865407,1
GCACCTACGCGATT-1,0,1239,1.0996724,0.0,0,0.0,0,1.2063816,1,1.2063816,1,0.0,0,1.2063816,1,0.0,0,3.1951454,1,1.7374341,1,0.0,0,2.7112606,1,1.2063816,1,1.7374341,1,1.7374341,1,1.2063816,1,0.0,0,0.0,0,2.0824516,1,0.0,0,0.0,0
GCACCTTGGCTGTA-1,0,580,1.3690815,0.0,0,0.0,0,0.0,0,0.0,0,0.0,0,0.0,0,0.0,0,4.0612197,1,1.9027799,1,0.0,0,5.6765137,1,0.0,0,0.0,0,1.9027799,1,0.0,0,0.0,0,0.0,0,3.1704426,1,0.0,0,0.0,0
GCACCTTGGGGAGT-1,1,1103,1.9518716,3.7794554,1,3.2216961,1,1.3014203,1,3.8946981,1,4.2561417,1,3.32306,1,2.1998363,1,5.7989864,1,3.1088867,1,2.459422,1,5.830894,1,2.8359785,1,2.8359785,1,2.9817138,1,3.4150882,1,1.3014203,1,2.459422,1,3.838736,1,0.0,0,4.2561417,1
GCACGGACCAGCTA-1,0,975,1.6393442,0.0,0,0.0,0,0.0,0,1.9893991,1,0.0,0,1.4244494,1,0.0,0,3.1393557,1,0.0,0,0.0,0,2.8200593,1,0.0,0,1.4244494,1,2.3481996,1,2.3481996,1,0.0,0,0.0,0,3.7382028,1,1.4244494,1,0.0,0
GCACGGTGACCTCC-1,0,825,1.1936339,0.0,0,0.0,0,0.0,0,1.6906164,1,0.0,0,2.287029,1,0.0,0,3.4644773,1,0.0,0,0.0,0,2.9280574,1,2.287029,1,0.0,0,1.6906164,1,1.6906164,1,0.0,0,0.0,0,0.0,0,0.0,0,0.0,0
GCACGGTGCTATGG-1,1,1170,2.5764894,2.6312232,1,2.6312232,1,0.0,0,3.012399,1,3.4013371,1,0.0,0,1.4404719,1,4.8159347,1,0.0,0,2.3672545,1,5.639684,1,2.839864,1,3.2877114,1,3.012399,1,3.012399,1,2.0075932,1,3.012399,1,4.0215173,1,0.0,0,4.0776796,1
GCACTAGAACGGGA-1,0,921,2.5270758,0.0,0,0.0,0,0.0,0,2.2004309,1,0.0,0,0.0,0,0.0,0,3.0479574,1,0.0,0,0.0,0,3.500005,1,0.0,0,0.0,0,2.5682788,1,1.6123241,1,0.0,0,0.0,0,3.0479574,1,0.0,0,0.0,0
GCACTAGAAGATGA-1,3,640,2.4547803,0.0,0,0.0,0,2.0112286,1,0.0,0,0.0,0,3.0163913,1,0.0,0,3.5074313,1,2.63512,1,0.0,0,3.9661312,1,0.0,0,0.0,0,0.0,0,3.0163913,1,0.0,0,0.0,0,0.0,0,0.0,0,0.0,0
GCACTAGACCTTTA-1,4,1180,2.3966942,3.5291307,1,3.251178,1,2.693904,1,3.924771,1,3.924771,1,3.6790826,1,3.010868,1,5.8924165,1,3.4447823,1,2.2271695,1,5.8214436,1,2.693904,1,2.4875233,1,3.010868,1,3.8094532,1,1.3238497,1,1.8742177,1,3.9777985,1,2.864892,1,3.7463908,1
GCACTAGACGTAAC-1,3,378,1.8791946,0.0,0,0.0,0,0.0,0,0.0,0,0.0,0,0.0,0,0.0,0,4.004343,1,0.0,0,2.6713135,1,4.004343,1,0.0,0,0.0,0,0.0,0,2.6713135,1,0.0,0,0.0,0,0.0,0,0.0,0,0.0,0
GCACTAGAGTCGTA-1,2,982,2.3514853,0.0,0,3.0759149,1,0.0,0,1.6358733,1,0.0,0,3.3991146,1,2.2265546,1,2.864242,1,0.0,0,0.0,0,3.0759149,1,0.0,0,0.0,0,0.0,0,2.2265546,1,0.0,0,0.0,0,0.0,0,1.6358733,1,0.0,0
GCACTAGATGCAAC-1,0,916,1.3873266,0.0,0,0.0,0,0.0,0,2.7735267,1,0.0,0,2.140949,1,0.0,0,3.6516328,1,0.0,0,0.0,0,2.7735267,1,1.5589346,1,0.0,0,0.0,0,2.140949,1,0.0,0,0.0,0,2.7735267,1,0.0,0,0.0,0
GCACTGCTGAGGCA-1,2,1122,1.8427873,1.3560965,1,0.0,0,0.0,0,2.2662368,1,0.0,0,1.9113228,1,0.0,0,2.7346969,1,0.0,0,0.0,0,3.052448,1,1.3560965,1,0.0,0,1.3560965,1,2.9061403,1,0.0,0,0.0,0,3.3948486,1,0.0,0,0.0,0
GCAGATACAGCGTT-1,2,792,3.7267082,1.7544235,1,1.7544235,1,0.0,0,0.0,0,0.0,0,0.0,0,0.0,0,3.3904967,1,1.7544235,1,0.0,0,3.3904967,1,0.0,0,0.0,0,2.357095,1,3.214891,1,0.0,0,0.0,0,3.5398226,1,0.0,0,0.0,0
GCAGATACGACGGA-1,0,619,1.6167665,0.0,0,0.0,0,0.0,0,0.0,0,0.0,0,0.0,0,0.0,0,3.2169578,1,1.9441979,1,0.0,0,2.5631053,1,0.0,0,1.9441979,1,0.0,0,1.9441979,1,0.0,0,0.0,0,0.0,0,0.0,0,0.0,0
GCAGATACGCAGAG-1,0,750,2.1962616,0.0,0,0.0,0,0.0,0,0.0,0,0.0,0,1.7357,1,0.0,0,3.3685842,1,0.0,0,1.7357,1,2.33658,1,0.0,0,1.7357,1,1.7357,1,0.0,0,0.0,0,0.0,0,3.1931267,1,0.0,0,0.0,0
GCAGCCGACAGTCA-1,0,913,2.7988148,0.0,0,0.0,0,0.0,0,0.0,0,0.0,0,1.4576794,1,2.0270896,1,3.3093681,1,0.0,0,0.0,0,3.0337925,1,1.4576794,1,1.4576794,1,1.4576794,1,2.3876555,1,0.0,0,0.0,0,2.0270896,1,0.0,0,0.0,0
GCAGCGTGCACTCC-1,0,775,1.261967,1.6773975,1,0.0,0,0.0,0,2.2724578,1,0.0,0,0.0,0,0.0,0,3.124919,1,0.0,0,0.0,0,3.124919,1,0.0,0,0.0,0,0.0,0,1.6773975,1,0.0,0,0.0,0,2.6429663,1,1.6773975,1,0.0,0
GCAGCTCTCAATCG-1,0,661,1.1827956,0.0,0,1.853502,1,0.0,0,0.0,0,0.0,0,1.853502,1,1.853502,1,3.3290086,1,0.0,0,1.853502,1,2.4650664,1,0.0,0,0.0,0,0.0,0,3.1147823,1,0.0,0,0.0,0,0.0,0,1.853502,1,0.0,0
GCAGCTCTGTTTCT-1,0,766,1.1848341,0.0,0,0.0,0,1.9370484,1,1.9370484,1,1.9370484,1,1.9370484,1,0.0,0,4.3592334,1,1.9370484,1,0.0,0,3.7510958,1,0.0,0,1.9370484,1,1.9370484,1,2.5554028,1,0.0,0,0.0,0,3.8816862,1,0.0,0,0.0,0
GCAGGGCTAAGAAC-1,0,768,1.9535197,0.0,0,0.0,0,0.0,0,0.0,0,0.0,0,0.0,0,1.4745965,1,3.4443672,1,0.0,0,0.0,0,4.0652184,1,2.0462136,1,0.0,0,0.0,0,1.4745965,1,0.0,0,0.0,0,0.0,0,0.0,0,0.0,0
GCAGGGCTAAGGGC-1,0,675,1.568895,0.0,0,0.0,0,0.0,0,0.0,0,2.6852047,1,2.6852047,1,0.0,0,3.7372792,1,2.0580392,1,0.0,0,3.3436532,1,0.0,0,2.0580392,1,0.0,0,2.0580392,1,0.0,0,0.0,0,0.0,0,0.0,0,0.0,0
GCAGGGCTATCGAC-1,2,944,2.3220594,0.0,0,2.407036,1,3.0540965,1,0.0,0,0.0,0,0.0,0,0.0,0,3.4437149,1,1.8001418,1,0.0,0,3.0540965,1,0.0,0,1.8001418,1,1.8001418,1,1.8001418,1,0.0,0,0.0,0,4.1207604,1,0.0,0,0.0,0
GCAGGGCTTGGGAG-1,2,940,4.9202733,0.0,0,0.0,0,1.7152176,1,1.7152176,1,0.0,0,1.7152176,1,0.0,0,2.6860538,1,0.0,0,0.0,0,3.3445323,1,1.7152176,1,0.0,0,2.6860538,1,2.3140957,1,0.0,0,0.0,0,3.3445323,1,0.0,0,0.0,0
GCAGTCCTAACTGC-1,0,761,2.135738,0.0,0,0.0,0,0.0,0,2.723809,1,0.0,0,2.9949489,1,0.0,0,3.532886,1,1.7485186,1,0.0,0,3.208034,1,0.0,0,0.0,0,1.7485186,1,2.723809,1,0.0,0,0.0,0,3.208034,1,0.0,0,0.0,0
GCAGTCCTCTCTTA-1,0,727,2.0196507,1.8663228,1,0.0,0,0.0,0,0.0,0,0.0,0,1.8663228,1,0.0,0,2.478969,1,0.0,0,0.0,0,3.1292977,1,0.0,0,1.8663228,1,1.8663228,1,1.8663228,1,0.0,0,0.0,0,0.0,0,1.8663228,1,0.0,0
GCATCAGATGCGTA-1,2,767,3.859306,0.0,0,0.0,0,0.0,0,0.0,0,0.0,0,0.0,0,0.0,0,5.0583224,1,0.0,0,1.7724404,1,2.7508283,1,1.7724404,1,0.0,0,1.7724404,1,2.7508283,1,0.0,0,0.0,0,3.909058,1,0.0,0,0.0,0
GCATGTGACAAGCT-1,0,873,2.23653,0.0,0,0.0,0,0.0,0,0.0,0,1.4795524,1,1.4795524,1,0.0,0,2.6785471,1,0.0,0,0.0,0,4.7265234,1,0.0,0,0.0,0,0.0,0,1.4795524,1,0.0,0,0.0,0,1.4795524,1,0.0,0,1.4795524,1
GCATTGGAGAAGGC-1,0,1043,1.2056044,0.0,0,2.017138,1,0.0,0,2.017138,1,0.0,0,0.0,0,0.0,0,2.8502412,1,0.0,0,0.0,0,3.769516,1,1.4488913,1,2.017138,1,0.0,0,3.0228777,1,0.0,0,0.0,0,3.514047,1,2.3772445,1,1.4488913,1
GCCAAAACGAGGCA-1,2,850,4.456157,0.0,0,0.0,0,0.0,0,1.7564029,1,0.0,0,0.0,0,0.0,0,3.0040114,1,0.0,0,0.0,0,3.392809,1,0.0,0,1.7564029,1,0.0,0,1.7564029,1,0.0,0,0.0,0,3.0040114,1,0.0,0,0.0,0
GCCAAATGATCGAC-1,0,995,1.9743679,2.070654,1,0.0,0,0.0,0,1.49627,1,0.0,0,0.0,0,0.0,0,3.666507,1,1.49627,1,0.0,0,3.4715016,1,0.0,0,0.0,0,0.0,0,2.4331756,1,0.0,0,0.0,0,2.9082673,1,2.070654,1,0.0,0
GCCAACCTACGGTT-1,0,680,2.195236,0.0,0,0.0,0,0.0,0,0.0,0,0.0,0,0.0,0,0.0,0,3.1926785,1,0.0,0,0.0,0,3.958484,1,1.7353151,1,2.336158,1,0.0,0,0.0,0,0.0,0,0.0,0,1.7353151,1,1.7353151,1,0.0,0
GCCAACCTCGCCTT-1,0,595,1.1864407,0.0,0,0.0,0,0.0,0,1.8945744,1,0.0,0,1.8945744,1,0.0,0,2.887543,1,0.0,0,0.0,0,2.887543,1,2.887543,1,0.0,0,0.0,0,1.8945744,1,0.0,0,0.0,0,1.8945744,1,0.0,0,0.0,0
GCCACGGAGGCGAA-1,1,700,1.75,3.0449986,1,2.7730577,1,0.0,0,2.7730577,1,2.3983498,1,2.3983498,1,0.0,0,6.553007,1,3.584005,1,0.0,0,5.99446,1,2.3983498,1,3.2585773,1,3.584005,1,3.932316,1,1.7921762,1,0.0,0,3.932316,1,2.7730577,1,4.0258427,1
GCCACGGATACTGG-1,0,753,2.1153047,0.0,0,0.0,0,0.0,0,0.0,0,1.6398797,1,1.6398797,1,0.0,0,2.5999932,1,1.6398797,1,0.0,0,3.4039218,1,0.0,0,0.0,0,0.0,0,1.6398797,1,0.0,0,0.0,0,0.0,0,0.0,0,0.0,0
GCCACTACCTACTT-1,3,682,5.3540587,0.0,0,0.0,0,0.0,0,1.9110774,1,0.0,0,0.0,0,0.0,0,3.8519108,1,0.0,0,0.0,0,3.721409,1,0.0,0,0.0,0,0.0,0,3.3945704,1,0.0,0,0.0,0,0.0,0,0.0,0,0.0,0
GCCACTACGTCTTT-1,0,736,2.241297,0.0,0,0.0,0,0.0,0,2.3553658,1,0.0,0,1.7528441,1,0.0,0,2.7287006,1,0.0,0,0.0,0,2.999922,1,2.3553658,1,0.0,0,1.7528441,1,2.3553658,1,0.0,0,0.0,0,2.7287006,1,1.7528441,1,0.0,0
GCCCAACTACCGAT-1,0,891,1.5509888,0.0,0,0.0,0,0.0,0,2.5376956,1,1.5858612,1,2.5376956,1,0.0,0,3.1905165,1,0.0,0,0.0,0,3.6847448,1,0.0,0,1.5858612,1,1.5858612,1,2.1709936,1,0.0,0,0.0,0,1.5858612,1,0.0,0,0.0,0
GCCCAACTATGGTC-1,2,685,1.8548827,0.0,0,1.8658609,1,2.4784687,1,0.0,0,0.0,0,2.8555784,1,0.0,0,3.6694539,1,0.0,0,0.0,0,4.7509265,1,0.0,0,0.0,0,0.0,0,2.4784687,1,0.0,0,0.0,0,2.8555784,1,0.0,0,0.0,0
GCCCATACAGCGTT-1,0,780,0.40837163,0.0,0,0.0,0,0.0,0,3.0652325,1,2.4176733,1,1.8099042,1,0.0,0,3.0652325,1,1.8099042,1,0.0,0,3.0652325,1,0.0,0,0.0,0,0.0,0,5.2997394,1,0.0,0,0.0,0,2.4176733,1,0.0,0,0.0,0
GCCGACGAACTCTT-1,1,986,2.0791416,3.1982622,1,2.8779912,1,0.0,0,3.1982622,1,3.4404612,1,2.6688116,1,2.8779912,1,5.326409,1,2.042701,1,2.042701,1,6.1472774,1,2.8779912,1,3.3266764,1,3.1982622,1,3.1982622,1,0.0,0,0.0,0,4.401056,1,1.4714863,1,4.3590293,1
GCCGAGTGCGTTGA-1,2,989,3.0397995,0.0,0,0.0,0,0.0,0,0.0,0,0.0,0,1.9837003,1,0.0,0,3.569047,1,0.0,0,0.0,0,3.653707,1,1.9837003,1,0.0,0,2.3422277,1,2.3422277,1,0.0,0,0.0,0,2.605588,1,0.0,0,0.0,0
GCCGGAACGAACTC-1,2,830,2.1505377,0.0,0,0.0,0,0.0,0,1.6679097,1,0.0,0,2.2619872,1,1.6679097,1,3.2886426,1,0.0,0,0.0,0,3.1137543,1,1.6679097,1,2.2619872,1,0.0,0,4.1822963,1,0.0,0,0.0,0,3.2886426,1,0.0,0,0.0,0
GCCGGAACGTTCTT-1,2,810,2.6548672,0.0,0,0.0,0,2.9944983,1,0.0,0,0.0,0,3.8127723,1,0.0,0,2.6137557,1,0.0,0,0.0,0,2.9944983,1,1.9913083,1,0.0,0,0.0,0,3.6622958,1,0.0,0,0.0,0,3.2695858,1,0.0,0,0.0,0
GCCGGAACTGCACA-1,2,685,4.902577,0.0,0,2.9885097,1,0.0,0,0.0,0,0.0,0,2.6079137,1,0.0,0,1.9858662,1,0.0,0,0.0,0,3.656153,1,0.0,0,1.9858662,1,0.0,0,2.9885097,1,0.0,0,0.0,0,3.263521,1,1.9858662,1,0.0,0
GCCGGAACTTACTC-1,0,784,1.0885701,0.0,0,0.0,0,0.0,0,0.0,0,1.7838863,1,2.3893032,1,0.0,0,3.7043486,1,0.0,0,0.0,0,3.8193927,1,0.0,0,0.0,0,0.0,0,1.7838863,1,0.0,0,0.0,0,3.4248385,1,0.0,0,0.0,0
GCCGTACTACCTGA-1,0,642,3.4986715,0.0,0,0.0,0,0.0,0,1.6916993,1,1.6916993,1,1.6916993,1,0.0,0,2.9293141,1,0.0,0,0.0,0,3.1417136,1,0.0,0,0.0,0,0.0,0,1.6916993,1,0.0,0,0.0,0,2.6592867,1,0.0,0,0.0,0
GCCGTACTGGCAAG-1,1,742,3.6513546,3.4171078,1,3.2021327,1,0.0,0,3.2021327,1,3.7441626,1,1.9309744,1,1.9309744,1,5.606634,1,2.5488553,1,0.0,0,5.87148,1,2.5488553,1,3.7441626,1,3.4171078,1,3.9902062,1,1.9309744,1,2.5488553,1,4.5574455,1,1.9309744,1,4.425411,1
GCCTACACAGTTCG-1,2,961,1.5063169,0.0,0,3.2315578,1,3.8016348,1,0.0,0,0.0,0,3.0182397,1,0.0,0,3.0182397,1,0.0,0,0.0,0,3.6866395,1,0.0,0,0.0,0,2.3728223,1,2.3728223,1,0.0,0,0.0,0,3.6866395,1,0.0,0,2.3728223,1
GCCTACACCACTGA-1,4,906,2.101643,3.6689749,1,3.3231704,1,2.1566732,1,3.4521868,1,3.0010107,1,3.6689749,1,3.0010107,1,5.060491,1,4.750439,1,0.0,0,5.334375,1,3.1750083,1,2.522805,1,2.7902246,1,3.6689749,1,1.5730164,1,1.5730164,1,4.487365,1,0.0,0,3.0010107,1
GCCTACACCTTGAG-1,0,829,0.8519702,0.0,0,0.0,0,0.0,0,1.515377,1,1.515377,1,0.0,0,0.0,0,3.3813038,1,1.515377,1,0.0,0,3.4953017,1,1.515377,1,1.515377,1,0.0,0,2.0921447,1,0.0,0,0.0,0,0.0,0,0.0,0,0.0,0
GCCTAGCTACGGAG-1,3,621,0.9826589,0.0,0,0.0,0,0.0,0,0.0,0,1.915508,1,1.915508,1,0.0,0,1.915508,1,2.5321698,1,0.0,0,2.5321698,1,1.915508,1,0.0,0,0.0,0,1.915508,1,0.0,0,0.0,0,1.915508,1,0.0,0,0.0,0
GCCTAGCTCTATTC-1,0,822,1.6535759,0.0,0,0.0,0,0.0,0,0.0,0,0.0,0,1.6362063,1,0.0,0,3.9245007,1,0.0,0,0.0,0,3.250913,1,0.0,0,0.0,0,0.0,0,2.595773,1,0.0,0,0.0,0,3.0763092,1,0.0,0,0.0,0
GCCTAGCTTCTCAT-1,0,717,2.1345708,0.0,0,0.0,0,0.0,0,2.3306916,1,0.0,0,1.7303318,1,0.0,0,4.037956,1,2.7032104,1,0.0,0,3.7561345,1,1.7303318,1,1.7303318,1,0.0,0,2.3306916,1,0.0,0,0.0,0,0.0,0,0.0,0,0.0,0
GCCTAGCTTCTCTA-1,4,1210,3.3128116,3.8698373,1,3.8066885,1,3.7392817,1,3.6670005,1,4.0383883,1,4.2683244,1,3.3105688,1,5.511033,1,3.8066885,1,1.3695072,1,5.3295197,1,3.6670005,1,3.589085,1,3.1973372,1,3.3105688,1,2.5442479,1,2.2824063,1,4.552499,1,2.2824063,1,3.1973372,1
GCCTCAACCATGGT-1,0,800,1.1145273,1.5775752,1,0.0,0,0.0,0,0.0,0,0.0,0,0.0,0,1.5775752,1,0.0,0,1.5775752,1,0.0,0,3.180517,1,0.0,0,1.5775752,1,0.0,0,2.5280933,1,0.0,0,0.0,0,2.161758,1,0.0,0,0.0,0
GCCTCAACTCTTTG-1,7,1963,1.1185309,0.98281276,1,0.0,0,0.0,0,3.1239274,1,0.98281276,1,2.0396404,1,0.0,0,3.1239274,1,0.98281276,1,0.0,0,2.9648385,1,0.0,0,0.98281276,1,0.0,0,2.5418956,1,0.0,0,0.0,0,2.0396404,1,0.0,0,0.0,0
GCCTCATGTCTTAC-1,2,749,3.0372758,0.0,0,0.0,0,0.0,0,0.0,0,0.0,0,0.0,0,0.0,0,3.632718,1,0.0,0,0.0,0,1.7231117,1,1.7231117,1,1.7231117,1,1.7231117,1,2.3227668,1,0.0,0,0.0,0,3.1784565,1,1.7231117,1,1.7231117,1
GCCTGACTCTCAAG-1,1,757,1.4471058,2.77212,1,1.7913429,1,0.0,0,4.024861,1,2.77212,1,0.0,0,0.0,0,5.1411667,1,0.0,0,2.397441,1,5.484299,1,2.77212,1,1.7913429,1,3.2576158,1,3.583033,1,0.0,0,0.0,0,4.3302402,1,0.0,0,3.9313354,1
GCGAAGGAACTCTT-1,0,570,2.3255813,0.0,0,0.0,0,0.0,0,2.1993608,1,0.0,0,2.1993608,1,0.0,0,3.2211826,1,0.0,0,0.0,0,3.2211826,1,0.0,0,2.1993608,1,0.0,0,2.1993608,1,0.0,0,0.0,0,2.1993608,1,0.0,0,0.0,0
GCGAAGGAGAGCTT-1,7,2710,3.3748298,0.0,0,0.6796748,1,0.0,0,3.4394662,1,1.5877942,1,1.0806085,1,0.0,0,3.1520703,1,1.0806085,1,0.6796748,1,3.4702117,1,0.6796748,1,0.0,0,0.6796748,1,2.9187565,1,0.0,0,0.0,0,2.3732634,1,0.0,0,1.3660172,1
GCGAAGGATGCCAA-1,0,831,1.9854132,0.0,0,0.0,0,0.0,0,1.6210585,1,1.6210585,1,1.6210585,1,1.6210585,1,2.5783458,1,0.0,0,0.0,0,3.3813038,1,0.0,0,1.6210585,1,0.0,0,2.5783458,1,0.0,0,0.0,0,1.6210585,1,0.0,0,1.6210585,1
GCGAGAGAGGGACA-1,0,721,1.1683483,0.0,0,0.0,0,0.0,0,1.843137,1,0.0,0,1.843137,1,0.0,0,4.391294,1,1.843137,1,0.0,0,3.992002,1,0.0,0,1.843137,1,0.0,0,1.843137,1,0.0,0,0.0,0,2.4538152,1,1.843137,1,0.0,0
GCGAGCACTGTCGA-1,3,336,1.9575857,0.0,0,0.0,0,0.0,0,2.8545496,1,0.0,0,0.0,0,0.0,0,4.196697,1,0.0,0,0.0,0,4.416827,1,0.0,0,2.8545496,1,2.8545496,1,0.0,0,0.0,0,0.0,0,0.0,0,0.0,0,0.0,0
GCGAGCACTTGACG-1,0,802,2.4967148,1.6834395,1,0.0,0,0.0,0,2.649865,1,1.6834395,1,0.0,0,0.0,0,2.2791204,1,0.0,0,0.0,0,3.5855262,1,0.0,0,2.2791204,1,0.0,0,1.6834395,1,1.6834395,1,0.0,0,2.649865,1,0.0,0,0.0,0
GCGAGCACTTGCTT-1,1,1001,3.053435,3.2750783,1,3.2750783,1,0.0,0,3.5831654,1,3.388651,1,0.0,0,1.4304695,1,5.351496,1,3.2750783,1,2.355366,1,5.8872557,1,2.355366,1,2.999922,1,1.4304695,1,3.6678586,1,1.4304695,1,1.4304695,1,4.1684194,1,0.0,0,4.601167,1
GCGATATGGTACGT-1,0,886,1.0140029,0.0,0,0.0,0,0.0,0,2.3666706,1,1.7631744,1,2.3666706,1,0.0,0,3.8981102,1,0.0,0,0.0,0,3.7950006,1,1.7631744,1,1.7631744,1,1.7631744,1,1.7631744,1,0.0,0,0.0,0,4.9146066,1,0.0,0,0.0,0
GCGATATGGTGTTG-1,0,631,2.4404087,0.0,0,0.0,0,0.0,0,1.8984244,1,0.0,0,2.8918211,1,0.0,0,3.1655374,1,2.5137157,1,0.0,0,3.5568388,1,0.0,0,2.5137157,1,2.5137157,1,1.8984244,1,0.0,0,0.0,0,2.5137157,1,0.0,0,1.8984244,1
GCGCACGAAGTCGT-1,0,759,2.7802293,0.0,0,0.0,0,0.0,0,1.6902556,1,1.6902556,1,1.6902556,1,1.6902556,1,2.6576407,1,0.0,0,0.0,0,3.1400201,1,0.0,0,2.2866318,1,1.6902556,1,1.6902556,1,0.0,0,0.0,0,0.0,0,0.0,0,0.0,0
GCGCACGACTTTAC-1,1,631,1.5393723,1.9360327,1,3.2078066,1,0.0,0,2.554308,1,3.599698,1,0.0,0,0.0,0,4.7843533,1,3.8805237,1,0.0,0,5.843572,1,1.9360327,1,1.9360327,1,3.2078066,1,3.996011,1,0.0,0,3.2078066,1,3.996011,1,1.9360327,1,4.4994535,1
GCGCATCTAGGTCT-1,0,550,1.3620073,0.0,0,0.0,0,0.0,0,0.0,0,2.1002803,1,2.1002803,1,0.0,0,4.0664196,1,0.0,0,0.0,0,3.9353335,1,0.0,0,0.0,0,0.0,0,2.7302628,1,0.0,0,0.0,0,0.0,0,0.0,0,0.0,0
GCGCATCTGGTTAC-1,6,984,2.8594124,0.0,0,0.0,0,0.0,0,2.1926155,1,0.0,0,2.1926155,1,0.0,0,2.5601628,1,0.0,0,1.6052908,1,3.9652035,1,1.6052908,1,0.0,0,0.0,0,3.0395834,1,0.0,0,0.0,0,1.6052908,1,1.6052908,1,0.0,0
GCGCATCTTCGATG-1,0,767,1.6543318,1.6784599,1,1.6784599,1,0.0,0,0.0,0,0.0,0,0.0,0,0.0,0,2.2736297,1,0.0,0,0.0,0,2.2736297,1,0.0,0,1.6784599,1,0.0,0,0.0,0,0.0,0,0.0,0,1.6784599,1,0.0,0,0.0,0
GCGCATCTTGCTCC-1,2,835,2.1052632,1.7938459,1,3.2605035,1,1.7938459,1,0.0,0,0.0,0,1.7938459,1,0.0,0,3.0469065,1,0.0,0,0.0,0,3.7160141,1,0.0,0,0.0,0,0.0,0,2.400171,1,0.0,0,0.0,0,0.0,0,1.7938459,1,0.0,0
GCGCATCTTTCTAC-1,0,777,1.754386,0.0,0,1.6072017,1,0.0,0,1.6072017,1,3.0418596,1,0.0,0,0.0,0,2.5623686,1,0.0,0,0.0,0,3.4937963,1,0.0,0,0.0,0,1.6072017,1,2.1947396,1,0.0,0,0.0,0,1.6072017,1,0.0,0,0.0,0
GCGCGAACGTTCTT-1,3,639,1.384708,0.0,0,0.0,0,0.0,0,0.0,0,0.0,0,1.9498633,1,0.0,0,3.2233024,1,0.0,0,0.0,0,4.01186,1,0.0,0,0.0,0,0.0,0,2.9488075,1,0.0,0,0.0,0,1.9498633,1,0.0,0,0.0,0
GCGCGATGAACGGG-1,0,860,0.9867173,0.0,0,0.0,0,2.1516209,1,2.1516209,1,1.5684892,1,0.0,0,0.0,0,3.6634057,1,0.0,0,0.0,0,2.784861,1,0.0,0,0.0,0,1.5684892,1,2.1516209,1,0.0,0,0.0,0,2.5175493,1,0.0,0,0.0,0
GCGCGATGGTGCAT-1,2,1413,3.283767,0.0,0,3.250615,1,0.0,0,0.0,0,1.4111761,1,3.364083,1,0.0,0,3.643079,1,1.4111761,1,0.0,0,3.4659781,1,0.0,0,0.0,0,1.4111761,1,2.3323698,1,0.0,0,0.0,0,2.975767,1,0.0,0,0.0,0
GCGGAGCTCCTGAA-1,0,747,1.5368853,0.0,0,0.0,0,0.0,0,0.0,0,0.0,0,2.7958615,1,0.0,0,3.8529139,1,2.4204707,1,0.0,0,3.7377796,1,0.0,0,0.0,0,0.0,0,0.0,0,0.0,0,0.0,0,1.8124729,1,0.0,0,1.8124729,1
GCGGCAACCCGATA-1,0,779,1.0539628,1.6520431,1,0.0,0,0.0,0,1.6520431,1,0.0,0,2.6139512,1,0.0,0,3.6625013,1,0.0,0,0.0,0,3.5479217,1,0.0,0,0.0,0,0.0,0,2.2444537,1,0.0,0,0.0,0,3.858494,1,0.0,0,0.0,0
GCGGCAACGGAGGT-1,3,540,2.878788,0.0,0,0.0,0,0.0,0,2.1496089,1,0.0,0,0.0,0,0.0,0,3.4444487,1,0.0,0,0.0,0,4.237485,1,0.0,0,0.0,0,0.0,0,3.4444487,1,0.0,0,0.0,0,2.1496089,1,0.0,0,0.0,0
GCGGCAACTGTCGA-1,1,367,4.7075605,4.284011,1,2.7282548,1,0.0,0,2.7282548,1,0.0,0,2.7282548,1,0.0,0,5.3733892,1,0.0,0,2.7282548,1,6.064214,1,0.0,0,0.0,0,0.0,0,2.7282548,1,2.7282548,1,0.0,0,4.064308,1,2.7282548,1,4.284011,1
GCGTAAACACGGTT-1,5,1629,2.1423752,2.4094906,1,1.8023937,1,0.0,0,3.7658687,1,2.047976,1,2.047976,1,0.98881555,1,4.4669476,1,2.2449818,1,0.98881555,1,3.9110909,1,2.550721,1,1.8023937,1,1.4761573,1,2.88371,1,0.0,0,0.98881555,1,3.270357,1,1.8023937,1,5.356615,1
GCGTAATGCACCAA-1,4,1380,2.7455919,3.5920644,1,3.2665484,1,2.9260862,1,3.9883065,1,3.890172,1,2.9260862,1,1.2590483,1,4.9395957,1,3.9883065,1,2.9260862,1,5.7723837,1,3.1654167,1,3.1654167,1,2.1478248,1,4.2354946,1,1.2590483,1,2.9260862,1,4.71824,1,1.7990887,1,4.4031296,1
GCGTATGAACACCA-1,0,689,2.2983115,0.0,0,0.0,0,0.0,0,0.0,0,0.0,0,0.0,0,1.7395598,1,3.1976187,1,1.7395598,1,0.0,0,2.9846382,1,0.0,0,1.7395598,1,2.713668,1,0.0,0,0.0,0,0.0,0,3.5223482,1,0.0,0,0.0,0
GCGTATGATGAGAA-1,1,1001,0.98828703,3.6274462,1,2.4836547,1,0.0,0,3.134188,1,3.2821,1,1.5393722,1,3.2821,1,5.658121,1,4.087431,1,2.4836547,1,6.0008774,1,3.6274462,1,2.7502568,1,3.6274462,1,3.7203367,1,2.119062,1,1.5393722,1,4.3072124,1,2.4836547,1,3.7203367,1
GCTACAGAAAGGTA-1,0,809,1.1817441,0.0,0,0.0,0,0.0,0,0.0,0,0.0,0,2.5836124,1,0.0,0,5.05051,1,2.2152026,1,0.0,0,3.0637722,1,0.0,0,0.0,0,0.0,0,2.5836124,1,0.0,0,0.0,0,1.6256326,1,0.0,0,0.0,0
GCTACAGAATCTTC-1,3,337,1.8518518,0.0,0,0.0,0,0.0,0,0.0,0,0.0,0,0.0,0,0.0,0,0.0,0,0.0,0,0.0,0,3.461483,1,0.0,0,0.0,0,0.0,0,2.7992365,1,0.0,0,2.7992365,1,0.0,0,0.0,0,0.0,0
GCTACAGATCTTAC-1,0,734,6.818182,0.0,0,0.0,0,0.0,0,1.7465613,1,0.0,0,2.348485,1,0.0,0,2.348485,1,2.348485,1,0.0,0,2.7215946,1,0.0,0,0.0,0,2.348485,1,2.348485,1,0.0,0,0.0,0,3.530585,1,0.0,0,0.0,0
GCTACCTGAGAAGT-1,1,1103,4.490291,2.784006,1,2.3135483,1,0.0,0,2.576192,1,3.2305655,1,0.0,0,2.784006,1,4.1228495,1,3.9631848,1,0.0,0,5.458859,1,2.9559758,1,3.4457707,1,3.1026661,1,3.7007508,1,1.3954387,1,1.3954387,1,4.216686,1,0.0,0,3.9631848,1
GCTACCTGATCACG-1,0,796,1.0608855,0.0,0,0.0,0,0.0,0,0.0,0,0.0,0,2.3248446,1,0.0,0,4.1102686,1,0.0,0,0.0,0,2.3248446,1,0.0,0,0.0,0,0.0,0,2.9678566,1,0.0,0,0.0,0,1.7250044,1,0.0,0,0.0,0
GCTACGCTAGAATG-1,0,966,4.194631,1.4720037,1,0.0,0,0.0,0,2.0432854,1,2.0432854,1,0.0,0,0.0,0,3.4411108,1,1.4720037,1,0.0,0,2.8786247,1,0.0,0,0.0,0,0.0,0,2.0432854,1,0.0,0,0.0,0,1.4720037,1,0.0,0,0.0,0
GCTACGCTAGCTAC-1,0,782,3.8388624,0.0,0,0.0,0,0.0,0,1.7473437,1,0.0,0,0.0,0,0.0,0,2.349342,1,2.349342,1,0.0,0,2.9935973,1,1.7473437,1,0.0,0,0.0,0,1.7473437,1,0.0,0,0.0,0,3.206669,1,1.7473437,1,0.0,0
GCTACGCTCCCTAC-1,0,1018,1.3048205,0.0,0,0.0,0,0.0,0,1.531937,1,0.0,0,1.531937,1,0.0,0,3.272982,1,0.0,0,0.0,0,3.7960637,1,0.0,0,0.0,0,2.1107297,1,2.4749734,1,0.0,0,0.0,0,2.1107297,1,0.0,0,0.0,0
GCTAGAACAGAGGC-1,3,642,1.6523464,0.0,0,0.0,0,0.0,0,0.0,0,0.0,0,0.0,0,0.0,0,3.987317,1,0.0,0,0.0,0,3.856432,1,0.0,0,0.0,0,0.0,0,3.036935,1,0.0,0,0.0,0,0.0,0,0.0,0,0.0,0
GCTAGAACGGATCT-1,0,967,2.1851852,0.0,0,0.0,0,0.0,0,0.0,0,1.5489337,1,0.0,0,0.0,0,2.9720666,1,1.5489337,1,0.0,0,3.5368361,1,0.0,0,0.0,0,2.129766,1,2.7616413,1,0.0,0,0.0,0,3.2938032,1,0.0,0,1.5489337,1
GCTAGAACTCCCGT-1,0,436,1.8115941,0.0,0,0.0,0,0.0,0,0.0,0,0.0,0,0.0,0,0.0,0,2.3099985,1,0.0,0,0.0,0,2.952241,1,0.0,0,0.0,0,0.0,0,2.3099985,1,0.0,0,0.0,0,3.61893,1,0.0,0,0.0,0
GCTAGATGAGCTCA-1,1,826,3.3839478,2.9098246,1,2.9098246,1,0.0,0,2.6401412,1,3.1220114,1,0.0,0,2.26973,1,5.322544,1,2.9098246,1,1.674925,1,6.0342507,1,2.6401412,1,3.6900177,1,2.9098246,1,3.8861377,1,0.0,0,1.674925,1,3.6900177,1,2.26973,1,3.6900177,1
GCTAGATGGCGATT-1,2,779,2.827381,0.0,0,0.0,0,0.0,0,1.7859498,1,1.7859498,1,3.0378802,1,0.0,0,3.8218179,1,0.0,0,0.0,0,3.4272373,1,1.7859498,1,0.0,0,0.0,0,3.4272373,1,0.0,0,0.0,0,2.3915558,1,1.7859498,1,0.0,0
GCTATACTAAGGCG-1,0,1000,1.4896374,1.4446672,1,0.0,0,0.0,0,0.0,0,1.4446672,1,2.3722346,1,0.0,0,3.0176232,1,1.4446672,1,0.0,0,3.164761,1,0.0,0,0.0,0,0.0,0,2.0123506,1,0.0,0,0.0,0,3.0176232,1,0.0,0,0.0,0
GCTATACTAGCGTT-1,2,601,3.909874,0.0,0,0.0,0,0.0,0,0.0,0,0.0,0,2.031682,1,0.0,0,3.038826,1,2.031682,1,0.0,0,2.6570241,1,2.031682,1,0.0,0,0.0,0,2.6570241,1,0.0,0,0.0,0,2.6570241,1,0.0,0,0.0,0
GCTATACTCTCTTA-1,0,796,1.9784173,0.0,0,0.0,0,0.0,0,0.0,0,0.0,0,2.1037478,1,0.0,0,2.467697,1,0.0,0,0.0,0,3.2653363,1,0.0,0,0.0,0,0.0,0,2.467697,1,0.0,0,0.0,0,1.525712,1,1.525712,1,0.0,0
GCTATACTGGACGA-1,0,945,2.407932,0.0,0,0.0,0,0.0,0,2.0899687,1,0.0,0,2.0899687,1,0.0,0,3.4928944,1,2.0899687,1,0.0,0,3.2502317,1,0.0,0,0.0,0,2.0899687,1,2.4533293,1,0.0,0,0.0,0,2.9291465,1,0.0,0,1.5134404,1
GCTCAAGAACCATG-1,4,1679,1.7995322,3.3328218,1,2.7349663,1,2.7349663,1,3.0355625,1,3.9046183,1,2.9450455,1,2.1046963,1,5.5411167,1,3.7477734,1,2.1046963,1,6.0245705,1,3.3951273,1,2.610663,1,3.1185617,1,3.195197,1,1.0300311,1,2.4686856,1,3.7893505,1,1.5265574,1,4.2661242,1
GCTCAAGAAGTCAC-1,1,1123,2.3609817,3.7953043,1,3.252405,1,2.8053448,1,3.1243842,1,3.1243842,1,0.0,0,1.4125844,1,5.70121,1,2.8053448,1,1.9759002,1,5.7999854,1,2.3340511,1,3.7953043,1,3.1243842,1,3.6448925,1,1.4125844,1,2.3340511,1,4.041611,1,1.9759002,1,3.7229238,1
GCTCAGCTGTCTAG-1,0,596,1.1289364,0.0,0,0.0,0,0.0,0,1.9380656,1,0.0,0,0.0,0,0.0,0,2.935765,1,0.0,0,0.0,0,2.935765,1,0.0,0,0.0,0,0.0,0,0.0,0,0.0,0,0.0,0,1.9380656,1,0.0,0,1.9380656,1
GCTCCATGAGAAGT-1,2,995,1.4084507,0.0,0,0.0,0,0.0,0,2.3412366,1,0.0,0,2.985084,1,0.0,0,2.985084,1,1.739947,1,0.0,0,3.5228038,1,1.739947,1,1.739947,1,0.0,0,2.7141066,1,0.0,0,0.0,0,2.7141066,1,0.0,0,0.0,0
GCTCCATGCCGAAT-1,0,720,1.0235415,0.0,0,0.0,0,0.0,0,0.0,0,0.0,0,1.8116157,1,0.0,0,2.7948995,1,0.0,0,0.0,0,2.7948995,1,0.0,0,0.0,0,0.0,0,1.8116157,1,0.0,0,0.0,0,0.0,0,0.0,0,0.0,0
GCTCGACTCTAGTG-1,1,588,2.7503526,2.7156432,1,2.0865614,1,0.0,0,3.0988073,1,2.7156432,1,0.0,0,0.0,0,5.4548354,1,3.919994,1,2.0865614,1,6.0834603,1,2.7156432,1,0.0,0,3.7691448,1,3.7691448,1,0.0,0,0.0,0,3.5914268,1,0.0,0,2.7156432,1
GCTGATGAGGTATC-1,1,759,2.620545,2.8172941,1,2.8172941,1,0.0,0,1.8315952,1,3.0899215,1,2.441275,1,2.8172941,1,5.6495633,1,2.441275,1,0.0,0,5.6495633,1,2.441275,1,2.8172941,1,1.8315952,1,3.3039224,1,0.0,0,1.8315952,1,3.480102,1,2.441275,1,1.8315952,1
GCTTAACTACAGTC-1,1,452,2.9475982,2.4779685,1,2.4779685,1,0.0,0,3.7992601,1,3.1282532,1,0.0,0,0.0,0,5.7607737,1,0.0,0,0.0,0,6.469413,1,2.4779685,1,3.1282532,1,3.1282532,1,3.5190127,1,0.0,0,0.0,0,4.796512,1,2.4779685,1,3.5190127,1
GCTTAACTACTGGT-1,2,780,2.167871,0.0,0,0.0,0,0.0,0,2.4961646,1,0.0,0,0.0,0,0.0,0,3.361751,1,1.8821986,1,0.0,0,3.361751,1,0.0,0,0.0,0,0.0,0,1.8821986,1,0.0,0,0.0,0,3.6882668,1,0.0,0,0.0,0
GCTTAACTGCTGAT-1,0,836,0.4990403,0.0,0,0.0,0,0.0,0,2.1607385,1,0.0,0,1.5766609,1,0.0,0,3.0053785,1,0.0,0,0.0,0,3.5709105,1,1.5766609,1,0.0,0,1.5766609,1,2.1607385,1,0.0,0,0.0,0,0.0,0,0.0,0,1.5766609,1
GCTTAACTTAGACC-1,1,515,3.9145908,3.8173604,1,3.599698,1,0.0,0,0.0,0,3.3210855,1,0.0,0,0.0,0,6.016773,1,2.2922113,1,0.0,0,5.7723274,1,3.599698,1,3.3210855,1,2.933516,1,2.933516,1,0.0,0,2.2922113,1,4.147531,1,0.0,0,2.933516,1
GCTTAACTTCAGTG-1,0,846,1.6230173,0.0,0,0.0,0,0.0,0,0.0,0,0.0,0,2.1261816,1,0.0,0,2.9682066,1,0.0,0,0.0,0,2.1261816,1,1.5457308,1,1.5457308,1,0.0,0,0.0,0,0.0,0,0.0,0,2.4910707,1,0.0,0,0.0,0
GGAACACTCACTTT-1,1,392,1.9280206,0.0,0,2.6285357,1,0.0,0,2.6285357,1,4.178492,1,3.2849236,1,0.0,0,5.9574013,1,3.2849236,1,0.0,0,5.391393,1,0.0,0,0.0,0,2.6285357,1,3.9591715,1,0.0,0,2.6285357,1,4.358257,1,0.0,0,2.6285357,1
GGAACACTTCAGAC-1,6,283,2.8662422,0.0,0,0.0,0,0.0,0,4.177543,1,0.0,0,0.0,0,0.0,0,4.979917,1,4.177543,1,0.0,0,4.7305646,1,0.0,0,0.0,0,0.0,0,5.0845895,1,0.0,0,2.8362303,1,0.0,0,2.8362303,1,0.0,0
GGAACTACTACTTC-1,0,710,2.6024363,0.0,0,0.0,0,0.0,0,0.0,0,0.0,0,1.8789018,1,0.0,0,3.930193,1,1.8789018,1,0.0,0,3.3579962,1,0.0,0,0.0,0,1.8789018,1,2.8701086,1,0.0,0,0.0,0,3.5345,1,1.8789018,1,0.0,0
GGAACTTGAAGGTA-1,1,1158,2.4913094,2.91133,1,2.7398303,1,0.0,0,3.298494,1,3.5768986,1,0.0,0,1.3601741,1,4.9825344,1,1.3601741,1,1.916002,1,5.5334992,1,2.5327032,1,3.8575656,1,3.0576782,1,3.298494,1,1.3601741,1,2.5327032,1,3.9729993,1,1.916002,1,3.9169471,1
GGAACTTGAGAATG-1,0,796,3.2132003,0.0,0,0.0,0,0.0,0,0.0,0,2.2712877,1,2.6417544,1,0.0,0,3.1236718,1,0.0,0,1.6763368,1,3.2986336,1,0.0,0,1.6763368,1,0.0,0,3.1236718,1,0.0,0,0.0,0,2.2712877,1,0.0,0,0.0,0
GGAACTTGCTCCAC-1,1,895,1.7871987,3.4055297,1,3.6494415,1,0.0,0,3.4055297,1,3.5349038,1,2.232477,1,1.6412203,1,5.6039443,1,2.601533,1,2.232477,1,5.9927154,1,3.0822458,1,2.601533,1,2.601533,1,3.5349038,1,1.6412203,1,1.6412203,1,4.273117,1,0.0,0,4.6543093,1
GGAACTTGGGTAGG-1,3,585,4.367816,0.0,0,0.0,0,0.0,0,0.0,0,0.0,0,0.0,0,0.0,0,3.1775749,1,2.5252688,1,0.0,0,3.9650733,1,1.9091167,1,2.5252688,1,0.0,0,2.5252688,1,0.0,0,0.0,0,0.0,0,0.0,0,0.0,0
GGAAGGACATCGGT-1,1,559,0.93727463,3.3965206,1,3.11994,1,0.0,0,3.612944,1,2.7363145,1,2.1059625,1,0.0,0,5.073486,1,2.1059625,1,2.7363145,1,5.870808,1,3.11994,1,3.11994,1,2.1059625,1,3.612944,1,0.0,0,2.1059625,1,3.9416797,1,0.0,0,4.292513,1
GGAAGGACCACTAG-1,0,859,1.1197662,0.0,0,0.0,0,0.0,0,1.7704158,1,1.7704158,1,3.020092,1,0.0,0,2.7485447,1,2.3745885,1,0.0,0,3.020092,1,1.7704158,1,1.7704158,1,0.0,0,2.3745885,1,0.0,0,0.0,0,3.020092,1,0.0,0,0.0,0
GGAAGGACGAGGGT-1,0,879,3.3668864,0.0,0,0.0,0,0.0,0,1.4981551,1,0.0,0,0.0,0,0.0,0,2.7009392,1,0.0,0,0.0,0,2.4353912,1,0.0,0,1.4981551,1,0.0,0,2.0727766,1,0.0,0,0.0,0,2.7009392,1,0.0,0,0.0,0
GGAAGGACGCGAAG-1,0,858,1.9824805,0.0,0,0.0,0,0.0,0,2.3248446,1,0.0,0,1.7250044,1,0.0,0,3.1806643,1,2.3248446,1,0.0,0,3.634961,1,0.0,0,0.0,0,0.0,0,1.7250044,1,0.0,0,0.0,0,3.1806643,1,0.0,0,0.0,0
GGAAGGTGGCGAGA-1,2,842,2.3270056,0.0,0,3.782934,1,2.965526,1,0.0,0,0.0,0,3.6325688,1,0.0,0,2.965526,1,0.0,0,0.0,0,3.6325688,1,1.9650079,1,0.0,0,0.0,0,0.0,0,0.0,0,0.0,0,2.965526,1,0.0,0,0.0,0
GGAATCTGAAGGGC-1,0,643,2.1337948,0.0,0,0.0,0,0.0,0,0.0,0,0.0,0,1.9125514,1,0.0,0,2.9075031,1,2.9075031,1,0.0,0,4.072498,1,0.0,0,0.0,0,0.0,0,2.5289779,1,0.0,0,0.0,0,3.8536038,1,0.0,0,0.0,0
GGAATCTGAGGAGC-1,0,1308,1.1996573,1.3503501,1,0.0,0,0.0,0,1.3503501,1,1.3503501,1,2.2592943,1,0.0,0,3.9039748,1,2.5205235,1,0.0,0,3.387361,1,1.904724,1,0.0,0,1.3503501,1,2.5205235,1,0.0,0,0.0,0,1.904724,1,1.3503501,1,0.0,0
GGAATCTGCTTAGG-1,3,595,2.3132849,0.0,0,0.0,0,0.0,0,0.0,0,0.0,0,0.0,0,0.0,0,3.036935,1,2.0299568,1,0.0,0,3.3125494,1,2.6551776,1,2.0299568,1,0.0,0,2.6551776,1,0.0,0,0.0,0,0.0,0,0.0,0,0.0,0
GGAATCTGCTTGTT-1,1,1181,4.8656716,2.5608974,1,2.7684734,1,0.0,0,3.2146616,1,3.7569122,1,1.3830035,1,1.9421482,1,4.908297,1,3.6845992,1,2.7684734,1,5.5408044,1,2.5608974,1,3.086852,1,3.2146616,1,3.7569122,1,0.0,0,1.3830035,1,4.2861295,1,0.0,0,4.4023824,1
GGAATCTGGGAGGT-1,0,909,0.78710645,0.0,0,0.0,0,0.0,0,2.1399558,1,1.558046,1,2.1399558,1,0.0,0,1.558046,1,1.558046,1,0.0,0,3.304933,1,1.558046,1,1.558046,1,0.0,0,2.1399558,1,0.0,0,0.0,0,0.0,0,0.0,0,0.0,0
GGAATGCTTTCTAC-1,0,710,1.5084294,0.0,0,0.0,0,0.0,0,0.0,0,0.0,0,1.6938705,1,0.0,0,3.1442595,1,0.0,0,0.0,0,3.1442595,1,2.2906132,1,0.0,0,1.6938705,1,1.6938705,1,0.0,0,0.0,0,0.0,0,0.0,0,0.0,0
GGACAGGAAAGGGC-1,2,821,3.812586,0.0,0,0.0,0,0.0,0,0.0,0,0.0,0,2.3231819,1,0.0,0,1.7234898,1,0.0,0,0.0,0,3.1788976,1,1.7234898,1,0.0,0,0.0,0,1.7234898,1,0.0,0,0.0,0,4.1813893,1,0.0,0,0.0,0
GGACAGGAGTGCTA-1,3,817,2.4161735,0.0,0,1.7818289,1,0.0,0,0.0,0,0.0,0,1.7818289,1,0.0,0,2.387057,1,0.0,0,0.0,0,3.2466295,1,0.0,0,0.0,0,0.0,0,0.0,0,0.0,0,0.0,0,1.7818289,1,0.0,0,1.7818289,1
GGACAGGATCTCGC-1,0,841,1.232314,0.0,0,0.0,0,0.0,0,1.7167144,1,1.7167144,1,1.7167144,1,0.0,0,3.7399502,1,2.3157403,1,0.0,0,3.9362924,1,0.0,0,1.7167144,1,0.0,0,2.3157403,1,0.0,0,0.0,0,3.4954,1,2.3157403,1,1.7167144,1
GGACCCGAAGCTAC-1,1,1197,1.6250376,2.9482365,1,3.222724,1,0.0,0,3.530251,1,3.530251,1,2.306193,1,2.5686498,1,5.001193,1,3.765115,1,1.3893019,1,5.7691865,1,3.222724,1,3.765115,1,2.5686498,1,3.765115,1,0.0,0,1.3893019,1,4.208641,1,2.306193,1,3.6148179,1
GGACCGTGCTTACT-1,1,640,1.0932477,2.6297293,1,3.6790826,1,0.0,0,3.6790826,1,3.2861617,1,3.010868,1,0.0,0,5.046261,1,2.0061994,1,0.0,0,5.7567396,1,2.0061994,1,2.0061994,1,4.5801096,1,3.010868,1,0.0,0,0.0,0,4.1797585,1,0.0,0,3.9604332,1
GGACCGTGGGAACG-1,5,1425,2.8058362,2.8161678,1,2.6719403,1,0.0,0,2.5033476,1,2.3004503,1,2.3004503,1,1.7028077,1,4.045097,1,3.1547294,1,1.1770133,1,4.5329375,1,1.1770133,1,2.045627,1,3.2461548,1,3.3299172,1,0.0,0,1.1770133,1,3.60861,1,0.0,0,4.7094293,1
GGACCGTGTAACGC-1,0,947,2.2649279,0.0,0,0.0,0,0.0,0,1.4893169,1,1.4893169,1,1.4893169,1,0.0,0,3.6577685,1,0.0,0,0.0,0,3.0728967,1,1.4893169,1,1.4893169,1,2.6903114,1,2.0628207,1,0.0,0,0.0,0,3.7426286,1,1.4893169,1,1.4893169,1
GGACCTCTGTAAGA-1,1,900,3.2513547,2.8732533,1,3.0850296,1,1.6435732,1,2.2350817,1,2.8732533,1,2.6042342,1,2.6042342,1,5.559776,1,3.5377362,1,1.6435732,1,5.637047,1,2.6042342,1,2.2350817,1,2.8732533,1,4.084811,1,0.0,0,0.0,0,4.436425,1,3.5377362,1,4.084811,1
GGACCTCTTTTCTG-1,2,852,3.063241,0.0,0,0.0,0,0.0,0,0.0,0,0.0,0,0.0,0,0.0,0,2.7618728,1,2.7618728,1,0.0,0,3.2471044,1,1.7822399,1,1.7822399,1,0.0,0,2.3875058,1,0.0,0,0.0,0,1.7822399,1,0.0,0,0.0,0
GGACGAGAGTGTCA-1,1,460,2.580645,4.1822963,1,3.1137543,1,0.0,0,3.1137543,1,3.1137543,1,2.464082,1,2.464082,1,5.6368227,1,3.1137543,1,0.0,0,5.8744774,1,3.1137543,1,3.5042973,1,4.1822963,1,4.1822963,1,0.0,0,0.0,0,4.1822963,1,0.0,0,4.0030227,1
GGACGCTGACGCAT-1,2,1100,2.851524,0.0,0,0.0,0,0.0,0,0.0,0,0.0,0,0.0,0,0.0,0,3.0300353,1,2.023663,1,0.0,0,3.3055654,1,0.0,0,0.0,0,1.4546523,1,2.023663,1,0.0,0,0.0,0,3.9169092,1,0.0,0,1.4546523,1
GGACGCTGCTAGCA-1,0,824,1.9814637,2.0006502,1,0.0,0,0.0,0,0.0,0,0.0,0,3.1518176,1,0.0,0,3.495577,1,1.4343536,1,0.0,0,3.1518176,1,0.0,0,0.0,0,0.0,0,2.359985,1,0.0,0,0.0,0,1.4343536,1,0.0,0,0.0,0
GGACGCTGTCCTCG-1,2,780,1.3734467,0.0,0,3.026294,1,3.6948948,1,0.0,0,0.0,0,2.0202518,1,0.0,0,2.644787,1,2.0202518,1,0.0,0,3.517531,1,2.644787,1,0.0,0,2.0202518,1,2.0202518,1,0.0,0,0.0,0,3.517531,1,2.0202518,1,0.0,0
GGAGAGACGTGAGG-1,0,932,1.6062757,0.0,0,0.0,0,0.0,0,2.1369839,1,0.0,0,2.1369839,1,0.0,0,3.5447865,1,0.0,0,1.5553873,1,3.9035869,1,0.0,0,0.0,0,2.7693136,1,2.1369839,1,0.0,0,0.0,0,3.5447865,1,0.0,0,0.0,0
GGAGCAGATTCAGG-1,3,542,2.7190332,0.0,0,0.0,0,0.0,0,0.0,0,0.0,0,3.1644506,1,0.0,0,3.4415174,1,2.1469343,1,0.0,0,3.4415174,1,0.0,0,3.1644506,1,0.0,0,2.1469343,1,0.0,0,0.0,0,0.0,0,0.0,0,0.0,0
GGAGCCACCTTCTA-1,3,1137,1.5816175,0.0,0,0.0,0,0.0,0,2.9399974,1,1.3827797,1,1.9418924,1,0.0,0,3.606356,1,2.298366,1,0.0,0,4.9298186,1,0.0,0,1.9418924,1,0.0,0,1.9418924,1,0.0,0,0.0,0,2.298366,1,1.3827797,1,0.0,0
GGAGCGCTACGCAT-1,1,1225,1.4869888,3.1025212,1,3.3166368,1,0.0,0,3.642691,1,3.3166368,1,2.193913,1,2.8297067,1,5.605759,1,4.4231586,1,2.659122,1,6.301947,1,2.8297067,1,3.3166368,1,3.1025212,1,3.3166368,1,1.8426896,1,2.8297067,1,2.9753885,1,2.193913,1,4.170718,1
GGAGCGCTCCGAAT-1,0,997,1.1706716,1.4069704,1,0.0,0,0.0,0,1.4069704,1,0.0,0,2.3273454,1,0.0,0,3.3587103,1,0.0,0,0.0,0,2.9704857,1,1.4069704,1,1.4069704,1,1.4069704,1,1.4069704,1,0.0,0,0.0,0,2.3273454,1,1.4069704,1,1.4069704,1
GGAGGATGCCACCT-1,0,572,0.9463723,0.0,0,0.0,0,0.0,0,0.0,0,0.0,0,1.9891268,1,0.0,0,3.659834,1,1.9891268,1,0.0,0,3.4826465,1,0.0,0,1.9891268,1,0.0,0,0.0,0,0.0,0,0.0,0,0.0,0,0.0,0,0.0,0
GGAGGATGGTTGAC-1,1,780,2.0089285,3.1504414,1,2.4992356,1,0.0,0,2.4992356,1,3.6915295,1,2.876936,1,1.8850361,1,5.251981,1,2.4992356,1,2.4992356,1,5.655699,1,2.4992356,1,3.3649814,1,2.4992356,1,3.6915295,1,0.0,0,0.0,0,3.1504414,1,1.8850361,1,4.4402823,1
GGAGGATGTCAGTG-1,1,765,2.3394725,2.76838,1,2.76838,1,0.0,0,2.76838,1,3.579154,1,1.7880193,1,3.4296424,1,5.6515174,1,2.3938143,1,1.7880193,1,6.118013,1,2.76838,1,3.4296424,1,3.2537796,1,3.579154,1,0.0,0,2.3938143,1,4.020942,1,1.7880193,1,4.3900146,1
GGAGGCCTCGTTGA-1,2,906,1.5971148,0.0,0,0.0,0,2.4251537,1,0.0,0,0.0,0,1.8167745,1,1.8167745,1,3.0730605,1,0.0,0,0.0,0,3.462979,1,0.0,0,0.0,0,1.8167745,1,3.0730605,1,0.0,0,0.0,0,1.8167745,1,0.0,0,0.0,0
GGAGGCCTTTCTTG-1,0,793,2.1179402,0.0,0,0.0,0,0.0,0,2.2309923,1,0.0,0,2.5999932,1,0.0,0,3.2552962,1,1.6398797,1,0.0,0,3.2552962,1,0.0,0,0.0,0,0.0,0,1.6398797,1,0.0,0,0.0,0,0.0,0,0.0,0,0.0,0
GGAGGTGATACGCA-1,0,753,2.1926053,0.0,0,0.0,0,0.0,0,1.6675608,1,0.0,0,2.9012516,1,0.0,0,3.4370337,1,0.0,0,0.0,0,3.6811757,1,0.0,0,0.0,0,2.261602,1,2.9012516,1,0.0,0,0.0,0,3.566537,1,0.0,0,0.0,0
GGAGGTGATCGCTC-1,0,772,1.9305018,0.0,0,0.0,0,0.0,0,1.8751521,1,0.0,0,0.0,0,0.0,0,3.6801586,1,1.8751521,1,0.0,0,3.6801586,1,0.0,0,0.0,0,0.0,0,3.5302022,1,0.0,0,0.0,0,2.865933,1,0.0,0,0.0,0
GGATACTGCAGCTA-1,0,854,1.7345401,0.0,0,0.0,0,0.0,0,2.1456003,1,0.0,0,2.5112853,1,1.5630976,1,2.9891067,1,0.0,0,0.0,0,3.6567655,1,0.0,0,1.5630976,1,2.1456003,1,2.1456003,1,0.0,0,0.0,0,1.5630976,1,0.0,0,0.0,0
GGATACTGTCTAGG-1,0,936,1.3627993,0.0,0,0.0,0,1.5445701,1,1.5445701,1,0.0,0,1.5445701,1,0.0,0,3.5314538,1,0.0,0,0.0,0,2.4897175,1,1.5445701,1,0.0,0,1.5445701,1,2.4897175,1,0.0,0,0.0,0,3.417322,1,0.0,0,0.0,0
GGATAGCTCGTCTC-1,0,1048,1.8336607,0.0,0,0.0,0,0.0,0,2.0219555,1,0.0,0,2.0219555,1,0.0,0,3.5194366,1,0.0,0,0.0,0,0.0,0,0.0,0,0.0,0,1.4531442,1,2.6466115,1,0.0,0,0.0,0,3.0281627,1,2.0219555,1,0.0,0
GGATAGCTCTGAAC-1,2,819,3.1173892,0.0,0,0.0,0,0.0,0,2.3750305,1,0.0,0,1.7708201,1,0.0,0,4.0006266,1,0.0,0,0.0,0,1.7708201,1,0.0,0,0.0,0,0.0,0,1.7708201,1,0.0,0,0.0,0,1.7708201,1,0.0,0,0.0,0
GGATGTACCAAAGA-1,3,645,1.6428193,0.0,0,0.0,0,0.0,0,0.0,0,0.0,0,1.840903,1,0.0,0,3.1004934,1,0.0,0,1.840903,1,2.8277087,1,0.0,0,2.451389,1,0.0,0,2.451389,1,0.0,0,0.0,0,0.0,0,1.840903,1,0.0,0
GGATGTACGCGAAG-1,0,619,1.5673982,0.0,0,0.0,0,0.0,0,0.0,0,0.0,0,5.1380615,1,0.0,0,2.9867206,1,0.0,0,0.0,0,0.0,0,0.0,0,0.0,0,0.0,0,2.606169,1,0.0,0,0.0,0,2.606169,1,0.0,0,0.0,0
GGATGTACGTCTTT-1,1,314,3.024911,3.9960108,1,0.0,0,0.0,0,3.599698,1,3.9960108,1,0.0,0,0.0,0,5.6549335,1,0.0,0,0.0,0,6.346329,1,0.0,0,0.0,0,3.9960108,1,3.9960108,1,0.0,0,0.0,0,4.679921,1,0.0,0,0.0,0
GGATGTACGTGTCA-1,2,726,3.1746035,0.0,0,0.0,0,0.0,0,2.5826695,1,0.0,0,2.5826695,1,0.0,0,3.2372985,1,0.0,0,0.0,0,2.5826695,1,0.0,0,0.0,0,1.962375,1,3.452557,1,0.0,0,0.0,0,4.0261707,1,0.0,0,1.962375,1
GGATTTCTAGGTTC-1,0,737,2.3133545,0.0,0,0.0,0,0.0,0,1.8346845,1,0.0,0,2.8207521,1,0.0,0,2.8207521,1,1.8346845,1,0.0,0,3.3074648,1,0.0,0,0.0,0,3.093432,1,2.4446328,1,0.0,0,0.0,0,0.0,0,0.0,0,1.8346845,1
GGATTTCTTTGTCT-1,1,1162,1.9431988,1.3841233,1,2.2999792,1,0.0,0,3.9484036,1,2.2999792,1,1.3841233,1,2.5622766,1,5.1091094,1,1.3841233,1,2.2999792,1,5.2752337,1,3.216096,1,2.769874,1,1.3841233,1,3.6081004,1,0.0,0,2.2999792,1,4.057597,1,2.9416957,1,4.54043,1
GGCAAGGAAAAAGC-1,2,1081,2.1455617,0.0,0,3.5466936,1,2.2433233,1,0.0,0,0.0,0,2.8819587,1,1.6510212,1,2.8819587,1,0.0,0,0.0,0,3.2685723,1,1.6510212,1,1.6510212,1,0.0,0,2.8819587,1,0.0,0,0.0,0,3.8572564,1,0.0,0,0.0,0
GGCAAGGAAGAAGT-1,0,868,1.7705643,0.0,0,0.0,0,0.0,0,0.0,0,0.0,0,1.5454404,1,0.0,0,4.095021,1,1.5454404,1,0.0,0,2.1258566,1,1.5454404,1,0.0,0,0.0,0,2.4907322,1,0.0,0,0.0,0,1.5454404,1,0.0,0,0.0,0
GGCAAGGACTTGGA-1,1,1032,2.2301228,3.015776,1,3.5993836,1,0.0,0,3.162901,1,3.2911303,1,1.4431833,1,0.0,0,5.321798,1,3.5068038,1,2.6345193,1,5.58425,1,2.3704734,1,3.4047701,1,1.4431833,1,3.9654963,1,0.0,0,2.3704734,1,4.0250053,1,2.010668,1,4.0811706,1
GGCAAGGAGGACTT-1,0,913,1.5812995,0.0,0,0.0,0,0.0,0,1.4901154,1,0.0,0,0.0,0,0.0,0,3.07388,1,2.6912723,1,0.0,0,3.3499343,1,2.4259367,1,1.4901154,1,1.4901154,1,1.4901154,1,0.0,0,0.0,0,2.4259367,1,0.0,0,0.0,0
GGCAATACGCTAAC-1,3,476,3.2467532,0.0,0,0.0,0,0.0,0,0.0,0,0.0,0,0.0,0,0.0,0,2.33153,1,0.0,0,0.0,0,2.9748845,1,2.33153,1,2.33153,1,0.0,0,0.0,0,0.0,0,0.0,0,0.0,0,0.0,0,0.0,0
GGCAATACGGCATT-1,2,490,2.4346259,0.0,0,0.0,0,2.305922,1,0.0,0,0.0,0,2.947951,1,0.0,0,0.0,0,0.0,0,0.0,0,3.8322678,1,2.305922,1,0.0,0,0.0,0,0.0,0,0.0,0,0.0,0,2.305922,1,0.0,0,0.0,0
GGCAATACGTTTCT-1,3,799,2.2126024,1.7611761,1,0.0,0,0.0,0,0.0,0,0.0,0,0.0,0,0.0,0,3.9892073,1,0.0,0,0.0,0,3.0094926,1,0.0,0,0.0,0,0.0,0,2.7381158,1,0.0,0,0.0,0,1.7611761,1,0.0,0,1.7611761,1
GGCACGTGGCTTAG-1,4,1201,1.3333334,3.3598716,1,3.4520187,1,3.2583637,1,3.5363865,1,4.0834446,1,3.876092,1,3.6141868,1,5.787174,1,3.6141868,1,2.4943783,1,6.1715136,1,2.8719418,1,3.1453755,1,3.5363865,1,3.7536893,1,2.4943783,1,2.2338402,1,3.985133,1,2.8719418,1,4.2148676,1
GGCACGTGTGAGAA-1,7,2694,1.7569263,0.0,0,0.0,0,0.0,0,2.2717643,1,0.0,0,0.6761419,1,0.0,0,2.963171,1,1.3606768,1,0.0,0,3.52204,1,1.3606768,1,0.0,0,1.0758737,1,3.46326,1,0.0,0,0.0,0,1.7632546,1,0.0,0,1.0758737,1
GGCACTCTTTTGTC-1,0,997,1.178782,1.5961318,1,0.0,0,0.0,0,1.5961318,1,0.0,0,1.5961318,1,0.0,0,2.8175406,1,0.0,0,1.5961318,1,2.5495803,1,2.182429,1,1.5961318,1,1.5961318,1,2.182429,1,0.0,0,0.0,0,4.0266857,1,1.5961318,1,1.5961318,1
GGCATATGCTTATC-1,2,898,1.4948454,0.0,0,1.817638,1,2.4260936,1,0.0,0,0.0,0,2.8016555,1,0.0,0,1.817638,1,1.817638,1,0.0,0,3.613646,1,0.0,0,0.0,0,0.0,0,2.8016555,1,0.0,0,0.0,0,2.8016555,1,1.817638,1,0.0,0
GGCATATGGGGAGT-1,6,212,1.2173914,0.0,0,0.0,0,0.0,0,3.577462,1,0.0,0,0.0,0,0.0,0,4.4768424,1,4.2565374,1,0.0,0,4.810061,1,0.0,0,0.0,0,0.0,0,5.0595636,1,0.0,0,0.0,0,0.0,0,2.9118779,1,2.9118779,1
GGCATATGTGTGAC-1,0,1586,2.7144203,0.0,0,0.0,0,0.0,0,1.8956952,1,0.0,0,1.0597762,1,0.0,0,3.3771052,1,1.0597762,1,0.0,0,3.239244,1,0.0,0,0.0,0,1.0597762,1,2.9885693,1,0.0,0,0.0,0,2.5107653,1,0.0,0,1.5626502,1
GGCCACGACAGAGG-1,0,427,3.030303,0.0,0,0.0,0,0.0,0,0.0,0,0.0,0,0.0,0,0.0,0,4.2256026,1,0.0,0,0.0,0,2.5043788,1,0.0,0,0.0,0,0.0,0,2.5043788,1,0.0,0,0.0,0,0.0,0,0.0,0,0.0,0
GGCCAGACTGGTTG-1,0,947,1.677067,1.5898882,1,0.0,0,0.0,0,0.0,0,0.0,0,2.175479,1,0.0,0,3.4727614,1,1.5898882,1,0.0,0,3.8678288,1,2.175479,1,0.0,0,0.0,0,2.175479,1,0.0,0,0.0,0,2.8101737,1,0.0,0,0.0,0
GGCCCAGAAAGTAG-1,1,937,1.0796723,2.1343515,1,1.5530331,1,0.0,0,2.9770036,1,3.2988129,1,0.0,0,2.9770036,1,4.9334226,1,3.1507978,1,2.9770036,1,5.6881166,1,2.9770036,1,2.1343515,1,2.4995773,1,3.427718,1,2.1343515,1,2.1343515,1,4.372499,1,1.5530331,1,3.9006622,1
GGCCGAACAACGAA-1,0,724,2.5913339,0.0,0,0.0,0,0.0,0,1.6582078,1,0.0,0,1.6582078,1,0.0,0,3.102318,1,0.0,0,0.0,0,2.2512693,1,0.0,0,1.6582078,1,1.6582078,1,3.102318,1,0.0,0,0.0,0,0.0,0,0.0,0,0.0,0
GGCCGAACGCAGAG-1,0,380,3.5842295,0.0,0,0.0,0,0.0,0,0.0,0,0.0,0,0.0,0,0.0,0,3.2146616,1,0.0,0,0.0,0,3.2146616,1,0.0,0,0.0,0,0.0,0,3.2146616,1,0.0,0,0.0,0,3.2146616,1,2.5608974,1,0.0,0
GGCCGAACGTAGGG-1,0,715,2.100608,2.4900556,1,0.0,0,0.0,0,1.876556,1,0.0,0,2.4900556,1,0.0,0,3.1408665,1,0.0,0,0.0,0,3.1408665,1,1.876556,1,0.0,0,0.0,0,3.3553233,1,0.0,0,0.0,0,0.0,0,0.0,0,0.0,0
GGCCGAACTCTAGG-1,2,739,0.6024096,0.0,0,2.6663167,1,3.04834,1,0.0,0,0.0,0,2.040368,1,0.0,0,3.3240917,1,2.040368,1,0.0,0,2.6663167,1,0.0,0,2.040368,1,0.0,0,2.040368,1,0.0,0,0.0,0,3.7174826,1,0.0,0,0.0,0
GGCCGATGCAGGAG-1,0,931,1.4246005,0.0,0,0.0,0,0.0,0,0.0,0,0.0,0,1.4986947,1,0.0,0,3.832676,1,0.0,0,0.0,0,2.7015874,1,1.4986947,1,0.0,0,0.0,0,2.7015874,1,0.0,0,0.0,0,2.7015874,1,0.0,0,0.0,0
GGCCGATGCCGAAT-1,0,973,1.3379205,0.0,0,0.0,0,0.0,0,0.0,0,0.0,0,2.1576877,1,0.0,0,3.1761072,1,2.52386,1,0.0,0,2.7913013,1,0.0,0,0.0,0,2.1576877,1,2.1576877,1,0.0,0,0.0,0,3.7630844,1,1.5739257,1,1.5739257,1
GGCCGATGTACTCT-1,2,773,2.4156442,0.0,0,0.0,0,0.0,0,0.0,0,0.0,0,2.160399,1,0.0,0,2.5266798,1,1.5763564,1,0.0,0,3.5705376,1,1.5763564,1,0.0,0,0.0,0,1.5763564,1,0.0,0,0.0,0,3.3272312,1,0.0,0,0.0,0
GGCGACACTGCCCT-1,2,1497,1.7563611,0.0,0,2.3038912,1,1.1796598,1,1.7059355,1,0.0,0,2.5068586,1,0.0,0,2.9458137,1,0.0,0,0.0,0,3.0577397,1,1.1796598,1,0.0,0,0.0,0,2.5068586,1,0.0,0,0.0,0,3.4826465,1,1.7059355,1,1.1796598,1
GGCGACTGCGTAAC-1,0,906,0.7131537,0.0,0,0.0,0,0.0,0,2.1894403,1,0.0,0,0.0,0,0.0,0,3.7980964,1,0.0,0,0.0,0,3.2104664,1,0.0,0,0.0,0,0.0,0,1.6024349,1,0.0,0,0.0,0,1.6024349,1,0.0,0,2.1894403,1
GGCGCATGCCTAAG-1,4,798,2.0515268,4.2849517,1,4.2849517,1,3.389112,1,3.8863502,1,3.389112,1,4.2849517,1,2.3557978,1,5.003754,1,3.2135155,1,3.389112,1,6.031345,1,2.7291467,1,2.7291467,1,3.5384312,1,3.783267,1,2.7291467,1,1.7532386,1,4.9375257,1,2.3557978,1,3.0003755,1
GGCGCATGCTCCAC-1,0,953,0.71005917,1.5986459,1,0.0,0,0.0,0,1.5986459,1,1.5986459,1,2.5524867,1,0.0,0,2.1852262,1,0.0,0,0.0,0,3.0316615,1,1.5986459,1,0.0,0,0.0,0,2.8205047,1,0.0,0,0.0,0,1.5986459,1,0.0,0,0.0,0
GGCGCATGTGGAAA-1,0,471,0.6661116,0.0,0,0.0,0,0.0,0,0.0,0,0.0,0,0.0,0,0.0,0,2.8716798,1,0.0,0,0.0,0,2.2335923,1,0.0,0,2.2335923,1,0.0,0,3.2580965,1,0.0,0,0.0,0,2.2335923,1,2.2335923,1,0.0,0
GGCGGACTAGAGGC-1,0,821,1.7045455,0.0,0,0.0,0,0.0,0,3.1671696,1,0.0,0,1.8998735,1,0.0,0,3.3818529,1,3.1671696,1,0.0,0,3.7085679,1,0.0,0,0.0,0,0.0,0,1.8998735,1,0.0,0,0.0,0,3.5584943,1,0.0,0,0.0,0
GGCGGACTAGGAGC-1,2,806,1.670886,0.0,0,0.0,0,0.0,0,0.0,0,1.8026757,1,2.409798,1,0.0,0,2.784861,1,2.784861,1,0.0,0,3.2706816,1,0.0,0,0.0,0,0.0,0,1.8026757,1,0.0,0,0.0,0,3.0569885,1,0.0,0,0.0,0
GGCGGACTCTGACA-1,0,714,1.4932562,0.0,0,0.0,0,0.0,0,1.7611761,1,0.0,0,2.3644845,1,0.0,0,2.3644845,1,0.0,0,0.0,0,1.7611761,1,1.7611761,1,0.0,0,0.0,0,1.7611761,1,0.0,0,0.0,0,0.0,0,0.0,0,0.0,0
GGCGGACTCTTGGA-1,2,828,3.36091,0.0,0,0.0,0,0.0,0,0.0,0,2.4289193,1,2.8045669,1,0.0,0,2.8045669,1,1.8202345,1,0.0,0,2.4289193,1,0.0,0,0.0,0,1.8202345,1,3.46698,1,0.0,0,0.0,0,4.1443987,1,0.0,0,0.0,0
GGCGGACTTACTGG-1,0,727,3.1613975,1.6412203,1,0.0,0,0.0,0,0.0,0,0.0,0,1.6412203,1,0.0,0,3.0822458,1,0.0,0,0.0,0,3.2568953,1,0.0,0,0.0,0,0.0,0,2.232477,1,0.0,0,0.0,0,0.0,0,0.0,0,0.0,0
GGCGGACTTGAACC-1,0,773,1.6098485,0.0,0,0.0,0,0.0,0,1.7473437,1,0.0,0,2.349342,1,0.0,0,3.7762957,1,1.7473437,1,0.0,0,3.661372,1,0.0,0,1.7473437,1,1.7473437,1,2.349342,1,0.0,0,0.0,0,3.8793628,1,0.0,0,0.0,0
GGCTAAACACCTGA-1,2,976,0.53410023,0.0,0,0.0,0,2.221408,1,1.6312292,1,0.0,0,3.244969,1,1.6312292,1,2.221408,1,1.6312292,1,0.0,0,4.8867702,1,0.0,0,0.0,0,0.0,0,2.5900514,1,0.0,0,0.0,0,0.0,0,0.0,0,0.0,0
GGCTAAACTCTTAC-1,0,856,1.687289,0.0,0,0.0,0,0.0,0,0.0,0,0.0,0,1.5586382,1,0.0,0,3.4345922,1,0.0,0,0.0,0,2.983747,1,0.0,0,1.5586382,1,2.5061002,1,2.773175,1,0.0,0,0.0,0,0.0,0,0.0,0,0.0,0
GGCTAATGAGCACT-1,2,727,1.878788,0.0,0,0.0,0,0.0,0,2.5742302,1,1.9545308,1,2.5742302,1,0.0,0,3.228526,1,0.0,0,0.0,0,2.9539628,1,0.0,0,1.9545308,1,0.0,0,2.5742302,1,0.0,0,0.0,0,1.9545308,1,0.0,0,0.0,0
GGCTAATGGTCTAG-1,0,761,2.0842574,0.0,0,0.0,0,0.0,0,0.0,0,1.6935081,1,1.6935081,1,0.0,0,3.4679112,1,0.0,0,0.0,0,2.9314127,1,0.0,0,1.6935081,1,0.0,0,2.6613483,1,0.0,0,0.0,0,0.0,0,0.0,0,0.0,0
GGCTCACTACTCAG-1,1,1084,1.9055744,2.8942366,1,2.7229223,1,0.0,0,3.2810824,1,3.1679869,1,1.900599,1,1.900599,1,4.317071,1,2.8942366,1,2.8942366,1,5.3270817,1,2.7229223,1,2.8942366,1,3.0404499,1,3.6371744,1,0.0,0,2.2549536,1,4.1066675,1,1.3467606,1,4.522206,1
GGGAACGAAGCTCA-1,4,1557,2.4988432,4.1870728,1,4.2550526,1,3.753644,1,3.6387858,1,3.6387858,1,3.1844296,1,2.3283896,1,5.2989182,1,3.8064773,1,2.3283896,1,5.5619087,1,3.0836587,1,3.0836587,1,3.6387858,1,3.753644,1,2.7008312,1,2.3283896,1,4.6988564,1,2.0726752,1,3.1844296,1
GGGAACGACACAAC-1,3,693,1.8680677,0.0,0,0.0,0,0.0,0,0.0,0,0.0,0,2.9195857,1,0.0,0,3.4085925,1,1.9234506,1,0.0,0,3.9815643,1,2.540741,1,1.9234506,1,0.0,0,3.193687,1,0.0,0,0.0,0,0.0,0,0.0,0,0.0,0
GGGAACGAGTGTCA-1,1,559,2.2628372,3.579154,1,2.273239,1,0.0,0,2.913524,1,3.7967021,1,0.0,0,2.273239,1,6.0788803,1,2.913524,1,0.0,0,5.7785797,1,2.913524,1,3.579154,1,0.0,0,4.126741,1,2.273239,1,0.0,0,3.7967021,1,0.0,0,3.579154,1
GGGAAGTGTTGAGC-1,1,627,4.3086815,2.6303265,1,3.01148,1,0.0,0,0.0,0,4.0767293,1,0.0,0,0.0,0,6.591158,1,2.0067565,1,2.0067565,1,5.6501093,1,2.6303265,1,2.6303265,1,3.01148,1,3.5024219,1,0.0,0,2.6303265,1,4.360162,1,2.0067565,1,3.8302498,1
GGGACCACACGTTG-1,2,795,2.6301663,0.0,0,0.0,0,1.8512362,1,0.0,0,0.0,0,3.1122143,1,0.0,0,3.5027342,1,1.8512362,1,0.0,0,3.5027342,1,0.0,0,0.0,0,0.0,0,2.8392575,1,0.0,0,0.0,0,4.5810657,1,0.0,0,0.0,0
GGGACCACAGAACA-1,0,750,2.3433764,0.0,0,0.0,0,0.0,0,0.0,0,1.7552146,1,1.7552146,1,0.0,0,3.5407512,1,0.0,0,0.0,0,3.2158089,1,1.7552146,1,0.0,0,0.0,0,2.7313805,1,0.0,0,0.0,0,0.0,0,0.0,0,0.0,0
GGGACCACGAATAG-1,0,838,1.2578616,2.2395668,1,0.0,0,0.0,0,0.0,0,0.0,0,1.6476256,1,0.0,0,3.8531418,1,1.6476256,1,0.0,0,3.2645292,1,0.0,0,1.6476256,1,2.6088848,1,1.6476256,1,0.0,0,0.0,0,3.2645292,1,0.0,0,0.0,0
GGGACCACGTCATG-1,0,803,2.0670826,0.0,0,0.0,0,0.0,0,0.0,0,0.0,0,0.0,0,1.5911322,1,2.176864,1,0.0,0,0.0,0,2.8116422,1,0.0,0,0.0,0,0.0,0,0.0,0,0.0,0,0.0,0,1.5911322,1,0.0,0,0.0,0
GGGACCACTCAAGC-1,0,453,1.6917294,0.0,0,0.0,0,0.0,0,0.0,0,0.0,0,0.0,0,0.0,0,2.3416612,1,2.3416612,1,0.0,0,3.3740141,1,2.3416612,1,0.0,0,0.0,0,2.9855301,1,0.0,0,0.0,0,0.0,0,0.0,0,0.0,0
GGGACCACTCGTGA-1,0,734,2.2697513,0.0,0,0.0,0,0.0,0,1.6802341,1,5.467249,1,1.6802341,1,0.0,0,3.892533,1,0.0,0,0.0,0,3.5816977,1,0.0,0,1.6802341,1,0.0,0,2.6462057,1,0.0,0,0.0,0,0.0,0,0.0,0,0.0,0
GGGACCACTGCATG-1,0,607,1.7071909,0.0,0,0.0,0,0.0,0,0.0,0,2.430808,1,1.8219707,1,0.0,0,3.078976,1,0.0,0,0.0,0,3.078976,1,1.8219707,1,0.0,0,0.0,0,1.8219707,1,0.0,0,0.0,0,2.430808,1,0.0,0,1.8219707,1
GGGACCTGACCCTC-1,1,1029,1.7532468,2.6384306,1,2.6384306,1,0.0,0,2.6384306,1,3.1669362,1,0.0,0,0.0,0,5.2264185,1,3.1669362,1,2.3742938,1,5.2607226,1,1.446403,1,2.6384306,1,2.3742938,1,3.5108907,1,0.0,0,1.446403,1,4.18899,1,2.3742938,1,4.3267727,1
GGGACCTGCTTGCC-1,0,805,1.9658121,0.0,0,0.0,0,0.0,0,0.0,0,1.6633881,1,0.0,0,0.0,0,2.8963892,1,1.6633881,1,0.0,0,3.4320538,1,1.6633881,1,0.0,0,0.0,0,2.2569935,1,0.0,0,0.0,0,0.0,0,0.0,0,1.6633881,1
GGGACCTGTGGAGG-1,3,669,3.23496,0.0,0,0.0,0,0.0,0,0.0,0,0.0,0,1.8984244,1,0.0,0,3.837363,1,1.8984244,1,0.0,0,3.7069056,1,0.0,0,0.0,0,0.0,0,2.5137157,1,0.0,0,0.0,0,0.0,0,0.0,0,0.0,0
GGGATGGACGACAT-1,3,505,1.0695187,0.0,0,0.0,0,0.0,0,2.7913013,1,0.0,0,2.7913013,1,2.1576877,1,3.1761072,1,0.0,0,0.0,0,3.4532976,1,2.7913013,1,2.1576877,1,0.0,0,3.4532976,1,0.0,0,0.0,0,0.0,0,0.0,0,2.1576877,1
GGGATGGATACTTC-1,0,858,2.7728872,1.6866597,1,0.0,0,0.0,0,2.6535394,1,0.0,0,2.6535394,1,0.0,0,3.3108513,1,0.0,0,0.0,0,3.1358004,1,0.0,0,0.0,0,0.0,0,1.6866597,1,0.0,0,0.0,0,4.2686133,1,1.6866597,1,0.0,0
GGGATGGATGGTTG-1,1,832,2.3694391,3.0127053,1,3.2259686,1,0.0,0,3.0127053,1,3.2259686,1,2.3675466,1,0.0,0,5.387251,1,3.2259686,1,2.7412767,1,5.93536,1,2.3675466,1,3.6809661,1,3.2259686,1,3.4016485,1,0.0,0,1.7639754,1,3.5510283,1,0.0,0,3.5510283,1
GGGATTACGTCTAG-1,0,1019,1.8660446,1.4663371,1,0.0,0,0.0,0,1.4663371,1,1.4663371,1,2.3978953,1,0.0,0,2.8716795,1,0.0,0,1.4663371,1,1.4663371,1,2.036882,1,1.4663371,1,0.0,0,1.4663371,1,0.0,0,0.0,0,2.3978953,1,0.0,0,0.0,0
GGGCAAGATGCATG-1,1,585,2.3876405,3.3703907,1,3.0941021,1,0.0,0,2.711042,1,3.0941021,1,0.0,0,2.0822465,1,5.2126737,1,3.7643309,1,2.0822465,1,6.0785437,1,3.0941021,1,2.711042,1,3.0941021,1,3.3703907,1,0.0,0,2.0822465,1,4.359873,1,2.0822465,1,4.0462003,1
GGGCACACGGTGAG-1,4,1225,3.4523249,3.590741,1,3.374468,1,1.7407218,1,2.342086,1,3.374468,1,2.5458171,1,1.7407218,1,5.2905936,1,3.7684555,1,1.2091779,1,5.5946484,1,1.2091779,1,2.5458171,1,2.5458171,1,4.62577,1,1.2091779,1,2.5458171,1,4.166195,1,2.342086,1,2.7149844,1
GGGCACACGTTGCA-1,0,1287,2.0823126,0.0,0,0.0,0,0.0,0,0.0,0,0.0,0,2.122398,1,0.0,0,3.3305666,1,1.2384844,1,0.0,0,3.0254385,1,1.2384844,1,1.7750812,1,0.0,0,2.5841408,1,0.0,0,0.0,0,2.898817,1,0.0,0,0.0,0
GGGCAGCTTGGGAG-1,2,903,2.4487977,0.0,0,0.0,0,0.0,0,1.6964121,1,0.0,0,1.6964121,1,0.0,0,3.9973216,1,0.0,0,0.0,0,3.4713576,1,0.0,0,1.6964121,1,1.6964121,1,1.6964121,1,0.0,0,0.0,0,1.6964121,1,0.0,0,0.0,0
GGGCAGCTTTTCTG-1,0,752,1.5859408,0.0,0,0.0,0,0.0,0,1.6651236,1,0.0,0,2.2589104,1,0.0,0,2.2589104,1,0.0,0,0.0,0,3.7810771,1,0.0,0,1.6651236,1,0.0,0,0.0,0,0.0,0,0.0,0,0.0,0,0.0,0,0.0,0
GGGCCAACCTTGGA-1,5,2020,1.0565052,0.0,0,0.7831497,1,0.7831497,1,2.5559506,1,1.2169013,1,2.2319994,1,0.0,0,3.95315,1,1.7497939,1,0.0,0,3.160345,1,1.7497939,1,0.0,0,1.9375569,1,2.2319994,1,0.0,0,0.0,0,0.0,0,1.2169013,1,4.3445153,1
GGGCCAACGCGTTA-1,3,774,2.571166,0.0,0,0.0,0,0.0,0,1.7216011,1,0.0,0,1.7216011,1,0.0,0,3.5011735,1,1.7216011,1,0.0,0,3.94213,1,0.0,0,1.7216011,1,0.0,0,2.3211079,1,0.0,0,2.3211079,1,1.7216011,1,1.7216011,1,0.0,0
GGGCCAACTACGCA-1,1,666,2.5783973,2.7058132,1,3.758859,1,0.0,0,3.3649814,1,3.0887544,1,0.0,0,0.0,0,5.280819,1,0.0,0,4.040696,1,5.5848603,1,3.5811884,1,4.040696,1,3.0887544,1,4.1565237,1,0.0,0,2.0773444,1,3.909674,1,2.0773444,1,4.725012,1
GGGCCAACTCCAAG-1,3,843,1.8442624,0.0,0,0.0,0,0.0,0,0.0,0,0.0,0,2.2199435,1,0.0,0,2.2199435,1,1.6299082,1,0.0,0,2.8572528,1,1.6299082,1,0.0,0,0.0,0,2.8572528,1,0.0,0,0.0,0,1.6299082,1,0.0,0,0.0,0
GGGCCATGATGGTC-1,2,857,3.3386967,1.6158688,1,1.6158688,1,1.6158688,1,2.2043674,1,1.6158688,1,2.572366,1,0.0,0,2.8407748,1,0.0,0,0.0,0,3.618734,1,0.0,0,0.0,0,1.6158688,1,2.572366,1,0.0,0,0.0,0,3.3750522,1,2.2043674,1,0.0,0
GGGCCATGTTGACG-1,0,887,1.6357206,0.0,0,0.0,0,0.0,0,1.6902556,1,0.0,0,0.0,0,0.0,0,3.464049,1,1.6902556,1,0.0,0,3.3151019,1,0.0,0,0.0,0,2.2866318,1,1.6902556,1,0.0,0,0.0,0,1.6902556,1,0.0,0,0.0,0
GGGTAACTCAGCTA-1,0,1082,2.0699708,0.0,0,0.0,0,0.0,0,1.3655823,1,0.0,0,1.9222039,1,0.0,0,3.0646064,1,1.3655823,1,1.3655823,1,2.539396,1,1.3655823,1,1.3655823,1,0.0,0,2.746631,1,0.0,0,0.0,0,1.3655823,1,0.0,0,1.3655823,1
GGGTAACTCTAGTG-1,3,656,1.5228426,0.0,0,0.0,0,0.0,0,0.0,0,0.0,0,2.5095534,1,0.0,0,3.702487,1,0.0,0,0.0,0,3.5524383,1,0.0,0,1.8945744,1,0.0,0,2.5095534,1,0.0,0,0.0,0,1.8945744,1,0.0,0,0.0,0
GGGTAACTCTGGAT-1,0,674,1.9507186,0.0,0,0.0,0,0.0,0,2.4218729,1,0.0,0,1.8137606,1,0.0,0,3.6091404,1,0.0,0,0.0,0,3.0696275,1,0.0,0,1.8137606,1,0.0,0,1.8137606,1,0.0,0,0.0,0,3.28344,1,0.0,0,1.8137606,1
GGGTTAACGTGCAT-1,2,911,1.6528925,0.0,0,2.488029,1,2.488029,1,0.0,0,0.0,0,2.488029,1,0.0,0,3.1387522,1,0.0,0,0.0,0,3.1387522,1,0.0,0,0.0,0,1.8746848,1,2.8654125,1,0.0,0,0.0,0,3.3531907,1,0.0,0,0.0,0
GGTAAAGAGCTAAC-1,2,734,3.1598513,0.0,0,0.0,0,2.9748845,1,0.0,0,0.0,0,3.249721,1,0.0,0,3.4650774,1,0.0,0,0.0,0,3.792575,1,0.0,0,0.0,0,1.9734956,1,1.9734956,1,0.0,0,0.0,0,4.1424656,1,0.0,0,0.0,0
GGTACAACTGCAAC-1,0,910,0.6779661,0.0,0,1.5619055,1,0.0,0,2.1442685,1,0.0,0,2.1442685,1,0.0,0,3.8332994,1,0.0,0,1.5619055,1,3.7482533,1,0.0,0,1.5619055,1,0.0,0,2.9876742,1,0.0,0,0.0,0,3.5528042,1,1.5619055,1,0.0,0
GGTACATGAAAGCA-1,3,672,2.1777515,2.5483122,1,0.0,0,0.0,0,2.5483122,1,0.0,0,2.5483122,1,0.0,0,3.4165378,1,0.0,0,0.0,0,3.2015672,1,1.9304705,1,2.5483122,1,0.0,0,3.2015672,1,0.0,0,0.0,0,0.0,0,0.0,0,0.0,0
GGTACATGAGCTCA-1,0,802,0.9127211,0.0,0,0.0,0,0.0,0,0.0,0,0.0,0,0.0,0,0.0,0,3.843491,1,0.0,0,0.0,0,3.7130148,1,0.0,0,1.9037513,1,2.5194726,1,1.9037513,1,0.0,0,0.0,0,0.0,0,0.0,0,0.0,0
GGTACATGCGGTAT-1,0,539,1.747997,0.0,0,0.0,0,0.0,0,0.0,0,2.114244,1,0.0,0,0.0,0,0.0,0,0.0,0,0.0,0,0.0,0,0.0,0,0.0,0,0.0,0,2.114244,1,0.0,0,0.0,0,3.6221147,1,0.0,0,0.0,0
GGTACATGGTTACG-1,0,699,1.4507773,0.0,0,0.0,0,0.0,0,1.8224053,1,0.0,0,0.0,0,0.0,0,3.6191823,1,0.0,0,0.0,0,2.8070002,1,1.8224053,1,0.0,0,0.0,0,1.8224053,1,0.0,0,0.0,0,2.431281,1,0.0,0,1.8224053,1
GGTACATGTGGGAG-1,0,941,2.3298144,0.0,0,0.0,0,0.0,0,2.113924,1,0.0,0,0.0,0,0.0,0,3.4052784,1,1.5347866,1,0.0,0,4.8264832,1,0.0,0,0.0,0,1.5347866,1,2.478302,1,0.0,0,0.0,0,4.5606823,1,0.0,0,1.5347866,1
GGTACTGAACTCTT-1,1,828,2.8292682,2.750371,1,3.021948,1,0.0,0,2.750371,1,3.4110446,1,2.3763583,1,0.0,0,4.9937224,1,3.560469,1,1.772035,1,5.8512816,1,3.2353027,1,2.3763583,1,3.8054464,1,3.9085796,1,0.0,0,0.0,0,3.9085796,1,2.3763583,1,3.560469,1
GGTAGTACACCACA-1,2,800,2.6200874,1.6802341,1,1.6802341,1,0.0,0,0.0,0,0.0,0,0.0,0,0.0,0,2.2755864,1,1.6802341,1,0.0,0,3.7992601,1,0.0,0,0.0,0,2.2755864,1,3.1282532,1,0.0,0,0.0,0,3.7992601,1,0.0,0,2.6462057,1
GGTAGTACACTAGC-1,1,642,3.021148,2.951095,1,0.0,0,0.0,0,3.7680619,1,4.0142307,1,1.9519342,1,2.5714355,1,4.9837103,1,3.2256203,1,1.9519342,1,6.005944,1,1.9519342,1,2.951095,1,3.2256203,1,3.4407861,1,0.0,0,0.0,0,3.2256203,1,1.9519342,1,4.1177835,1
GGTAGTACCCTGTC-1,0,733,1.9607844,0.0,0,0.0,0,0.0,0,1.754819,1,0.0,0,1.754819,1,1.754819,1,1.754819,1,1.754819,1,0.0,0,5.5201993,1,0.0,0,1.754819,1,0.0,0,1.754819,1,0.0,0,0.0,0,2.357528,1,0.0,0,0.0,0
GGTAGTACGCCATA-1,1,607,1.55902,0.0,0,2.7644236,1,0.0,0,2.7644236,1,3.6421735,1,2.132383,1,0.0,0,5.4445076,1,3.8201196,1,3.1486607,1,5.997663,1,3.1486607,1,3.4255576,1,3.4255576,1,3.9711332,1,0.0,0,2.7644236,1,5.008626,1,2.132383,1,4.723168,1
GGTAGTACTGTCTT-1,0,992,1.2372634,0.0,0,0.0,0,0.0,0,2.113924,1,0.0,0,2.7447896,1,0.0,0,3.2764783,1,1.5347866,1,0.0,0,2.7447896,1,0.0,0,0.0,0,0.0,0,2.478302,1,0.0,0,0.0,0,2.9549975,1,0.0,0,0.0,0
GGTATCGAGACAAA-1,1,379,1.8541409,0.0,0,0.0,0,0.0,0,0.0,0,3.247342,1,0.0,0,0.0,0,5.2279706,1,3.247342,1,0.0,0,5.514311,1,0.0,0,2.5923355,1,0.0,0,3.247342,1,0.0,0,0.0,0,4.14003,1,2.5923355,1,3.247342,1
GGTATCGATGAACC-1,3,562,2.055703,0.0,0,0.0,0,0.0,0,2.0328345,1,0.0,0,0.0,0,0.0,0,3.315741,1,0.0,0,0.0,0,4.2100067,1,0.0,0,0.0,0,0.0,0,2.0328345,1,0.0,0,0.0,0,0.0,0,0.0,0,0.0,0
GGTCAAACCAAAGA-1,0,847,1.1287626,0.0,0,0.0,0,1.6459341,1,1.6459341,1,0.0,0,0.0,0,0.0,0,3.262514,1,0.0,0,0.0,0,3.9363296,1,2.606944,1,0.0,0,2.2376947,1,2.606944,1,0.0,0,0.0,0,3.0878217,1,0.0,0,0.0,0
GGTCTAGAGAAACA-1,1,787,2.8289757,2.898412,1,2.898412,1,0.0,0,3.1104722,1,3.1104722,1,1.6651236,1,0.0,0,4.92843,1,1.6651236,1,0.0,0,5.827827,1,2.898412,1,3.1104722,1,2.6289334,1,3.285336,1,0.0,0,1.6651236,1,4.46276,1,1.6651236,1,3.9595919,1
GGTCTAGATAGCGT-1,1,1461,1.2014589,3.011276,1,2.899628,1,0.0,0,3.4353707,1,3.2865746,1,1.1461073,1,0.0,0,5.3931007,1,3.5648673,1,1.6661671,1,5.4407444,1,3.2029557,1,3.4353707,1,3.011276,1,2.899628,1,0.0,0,2.6301274,1,4.3870034,1,3.5648673,1,4.35995,1
GGTGATACCGACTA-1,3,732,2.4734983,0.0,0,0.0,0,0.0,0,1.9319832,1,0.0,0,0.0,0,1.9319832,1,2.9290347,1,1.9319832,1,0.0,0,3.2032647,1,0.0,0,1.9319832,1,0.0,0,3.2032647,1,0.0,0,0.0,0,0.0,0,0.0,0,0.0,0
GGTGATACGACTAC-1,1,941,1.4354067,2.9657588,1,3.2874012,1,0.0,0,2.7554133,1,2.488704,1,2.488704,1,0.0,0,5.0235996,1,2.9657588,1,2.1239092,1,5.931057,1,2.488704,1,2.9657588,1,2.9657588,1,3.530381,1,0.0,0,2.1239092,1,4.312646,1,0.0,0,4.092846,1
GGTGATACTGTTTC-1,0,785,1.1996161,1.7583878,1,0.0,0,0.0,0,0.0,0,0.0,0,1.7583878,1,0.0,0,2.7349663,1,1.7583878,1,0.0,0,3.2194905,1,1.7583878,1,2.361434,1,1.7583878,1,2.361434,1,0.0,0,0.0,0,1.7583878,1,0.0,0,0.0,0
GGTGGAGAAACGGG-1,2,696,1.717967,0.0,0,3.1144395,1,0.0,0,2.7309332,1,0.0,0,2.1009095,1,3.3909585,1,3.6073442,1,0.0,0,0.0,0,3.1144395,1,2.1009095,1,0.0,0,2.1009095,1,3.1144395,1,0.0,0,0.0,0,2.1009095,1,0.0,0,0.0,0
GGTGGAGAAGTAGA-1,0,795,1.6859852,0.0,0,0.0,0,0.0,0,0.0,0,0.0,0,1.8360126,1,0.0,0,3.0949404,1,0.0,0,0.0,0,3.3089871,1,0.0,0,1.8360126,1,1.8360126,1,2.8222382,1,0.0,0,0.0,0,3.3089871,1,0.0,0,0.0,0
GGTGGAGACAGATC-1,2,809,2.0138888,0.0,0,2.0724728,1,0.0,0,2.0724728,1,0.0,0,2.7006152,1,0.0,0,3.3596034,1,0.0,0,2.0724728,1,3.575773,1,0.0,0,0.0,0,0.0,0,2.0724728,1,0.0,0,0.0,0,3.3596034,1,0.0,0,2.0724728,1
GGTGGAGATCGATG-1,0,828,2.089682,0.0,0,0.0,0,0.0,0,2.273239,1,0.0,0,1.6781056,1,0.0,0,4.4785633,1,0.0,0,0.0,0,2.643775,1,1.6781056,1,0.0,0,3.3007288,1,2.643775,1,0.0,0,0.0,0,2.273239,1,0.0,0,0.0,0
GGTGGAGATCTCTA-1,1,651,2.4509804,2.4779685,1,2.4779685,1,0.0,0,2.855064,1,2.855064,1,0.0,0,0.0,0,4.999776,1,4.1115894,1,2.4779685,1,6.118222,1,1.8653995,1,2.855064,1,1.8653995,1,3.6689217,1,0.0,0,2.4779685,1,4.1972346,1,2.855064,1,3.3425994,1
GGTGGAGATTACTC-1,2,882,1.018745,0.0,0,0.0,0,0.0,0,2.2144756,1,0.0,0,1.6249772,1,0.0,0,3.6297855,1,2.2144756,1,0.0,0,3.3860202,1,2.2144756,1,0.0,0,0.0,0,2.2144756,1,0.0,0,0.0,0,1.6249772,1,0.0,0,0.0,0
GGTTTACTACGCAT-1,2,972,2.2591646,0.0,0,0.0,0,0.0,0,0.0,0,0.0,0,2.254699,1,0.0,0,2.254699,1,0.0,0,0.0,0,3.5590467,1,2.254699,1,0.0,0,1.6613111,1,3.1059785,1,0.0,0,0.0,0,3.4295738,1,0.0,0,1.6613111,1
GTAACGTGACCTCC-1,1,1323,1.7908467,3.594305,1,2.9282668,1,0.0,0,3.1406548,1,3.040089,1,2.2872279,1,2.0328345,1,5.852973,1,2.6582575,1,2.4898527,1,5.5427074,1,2.8023477,1,3.6533117,1,3.4646916,1,3.392987,1,1.6907966,1,2.4898527,1,4.1062946,1,2.6582575,1,3.761807,1
GTAACGTGATCGGT-1,3,679,2.4377317,0.0,0,0.0,0,0.0,0,1.8404571,1,0.0,0,2.4509046,1,0.0,0,3.4903219,1,0.0,0,0.0,0,3.0999873,1,1.8404571,1,1.8404571,1,0.0,0,2.4509046,1,0.0,0,0.0,0,0.0,0,0.0,0,1.8404571,1
GTAACGTGCAGCTA-1,3,774,1.6121384,0.0,0,0.0,0,0.0,0,1.7485186,1,0.0,0,0.0,0,0.0,0,3.532886,1,1.7485186,1,0.0,0,4.0596323,1,0.0,0,0.0,0,1.7485186,1,2.350629,1,0.0,0,0.0,0,1.7485186,1,0.0,0,0.0,0
GTAACGTGGTTGAC-1,3,784,2.080624,0.0,0,0.0,0,0.0,0,0.0,0,0.0,0,1.6752777,1,0.0,0,3.6904407,1,0.0,0,0.0,0,2.910235,1,0.0,0,0.0,0,0.0,0,3.122426,1,0.0,0,0.0,0,0.0,0,0.0,0,0.0,0
GTAAGCACAACGGG-1,0,766,0.83743846,0.0,0,0.0,0,0.0,0,0.0,0,0.0,0,2.3843694,1,0.0,0,3.4195824,1,0.0,0,0.0,0,3.2437847,1,1.7793677,1,0.0,0,0.0,0,1.7793677,1,0.0,0,0.0,0,0.0,0,0.0,0,1.7793677,1
GTAAGCACTCATTC-1,3,520,2.108963,0.0,0,0.0,0,0.0,0,0.0,0,0.0,0,0.0,0,0.0,0,3.3100035,1,0.0,0,0.0,0,3.5885148,1,0.0,0,2.2818797,1,0.0,0,2.9226317,1,0.0,0,0.0,0,0.0,0,0.0,0,0.0,0
GTAAGCTGGTACCA-1,1,671,2.8965518,3.35359,1,3.0774934,1,0.0,0,3.5697174,1,2.6948044,1,0.0,0,2.0670288,1,5.1953654,1,3.35359,1,2.0670288,1,5.370362,1,3.0774934,1,3.35359,1,3.35359,1,3.747334,1,0.0,0,2.0670288,1,4.144908,1,2.0670288,1,4.0291033,1
GTAATAACCTTCTA-1,1,796,3.5778985,2.950952,1,2.6805496,1,0.0,0,2.6805496,1,0.0,0,1.7103754,1,0.0,0,5.072585,1,3.7324018,1,1.7103754,1,5.844584,1,2.6805496,1,2.6805496,1,2.950952,1,3.7324018,1,1.7103754,1,2.3087735,1,4.4135094,1,1.7103754,1,3.835366,1
GTAATAACGTTGTG-1,0,644,2.549575,1.7446094,1,1.7446094,1,0.0,0,2.3463464,1,1.7446094,1,0.0,0,0.0,0,3.2034912,1,0.0,0,0.0,0,3.3790197,1,0.0,0,1.7446094,1,0.0,0,2.3463464,1,0.0,0,0.0,0,3.2034912,1,0.0,0,0.0,0
GTACCCTGACAGTC-1,4,1549,1.6039604,4.7861195,1,3.8406038,1,3.8406038,1,4.164786,1,3.704059,1,3.424551,1,2.9352024,1,5.5700145,1,3.9607246,1,2.8240373,1,6.037643,1,3.3578815,1,3.882268,1,3.0352368,1,3.9607246,1,1.6016438,1,2.1885607,1,4.1950865,1,2.9352024,1,4.6054654,1
GTACCCTGGAGCTT-1,0,756,1.6595745,0.0,0,0.0,0,0.0,0,1.6592407,1,0.0,0,2.252411,1,0.0,0,2.8915532,1,0.0,0,1.6592407,1,3.2783484,1,0.0,0,0.0,0,0.0,0,2.8915532,1,0.0,0,0.0,0,2.6221988,1,0.0,0,0.0,0
GTACCCTGTCCTTA-1,2,723,1.8393623,0.0,0,1.9644805,1,2.9649444,1,1.9644805,1,0.0,0,2.9649444,1,0.0,0,2.9649444,1,1.9644805,1,0.0,0,2.584934,1,0.0,0,1.9644805,1,0.0,0,2.584934,1,0.0,0,0.0,0,1.9644805,1,0.0,0,0.0,0
GTACCCTGTGAACC-1,0,788,2.4691358,0.0,0,0.0,0,0.0,0,1.6062456,1,0.0,0,2.561265,1,0.0,0,3.607034,1,1.6062456,1,0.0,0,3.7096777,1,0.0,0,0.0,0,2.561265,1,2.561265,1,0.0,0,0.0,0,0.0,0,1.6062456,1,1.6062456,1
GTACGTGAACGTTG-1,2,643,2.8128588,0.0,0,1.9086273,1,0.0,0,0.0,0,1.9086273,1,2.5247402,1,0.0,0,3.5684886,1,1.9086273,1,0.0,0,3.1770241,1,0.0,0,0.0,0,1.9086273,1,3.1770241,1,0.0,0,0.0,0,2.5247402,1,0.0,0,0.0,0
GTACTTTGTCGACA-1,2,856,2.6033058,0.0,0,0.0,0,1.6355405,1,0.0,0,0.0,0,2.595008,1,0.0,0,3.2501183,1,0.0,0,0.0,0,2.595008,1,0.0,0,0.0,0,1.6355405,1,2.2261858,1,0.0,0,0.0,0,3.398715,1,0.0,0,0.0,0
GTAGACTGAGATGA-1,1,825,2.8050492,2.7097318,1,3.5182564,1,0.0,0,3.8659961,1,2.9806352,1,1.7360849,1,1.7360849,1,5.417894,1,3.3690355,1,0.0,0,5.8888264,1,3.3690355,1,3.3690355,1,2.7097318,1,4.2644563,1,0.0,0,1.7360849,1,3.76296,1,0.0,0,4.196467,1
GTAGACTGTATTCC-1,0,730,1.0956175,0.0,0,0.0,0,0.0,0,1.7884339,1,0.0,0,1.7884339,1,0.0,0,3.579638,1,2.7688468,1,0.0,0,2.3942668,1,1.7884339,1,0.0,0,1.7884339,1,0.0,0,0.0,0,0.0,0,2.3942668,1,0.0,0,1.7884339,1
GTAGCAACAGTCGT-1,1,831,1.9713262,3.3284032,1,3.4774194,1,0.0,0,3.7218463,1,3.3284032,1,2.6704788,1,0.0,0,5.1945767,1,3.7218463,1,2.299038,1,5.8338,1,2.9407046,1,2.299038,1,2.6704788,1,3.7218463,1,0.0,0,0.0,0,4.5552254,1,2.299038,1,3.9181094,1
GTAGCAACCATTTC-1,3,653,3.3796017,0.0,0,1.9519342,1,0.0,0,2.5714355,1,0.0,0,0.0,0,0.0,0,4.376384,1,0.0,0,0.0,0,3.4407861,1,0.0,0,1.9519342,1,0.0,0,3.4407861,1,0.0,0,0.0,0,1.9519342,1,0.0,0,0.0,0
GTAGCAACGGTAGG-1,1,429,0.41884816,3.4785786,1,0.0,0,0.0,0,3.7585177,1,0.0,0,0.0,0,0.0,0,4.8414626,1,2.4398398,1,0.0,0,5.906702,1,0.0,0,0.0,0,2.4398398,1,3.7585177,1,2.4398398,1,2.4398398,1,4.8414626,1,0.0,0,3.088421,1
GTAGCATGCACTCC-1,3,641,2.4404762,0.0,0,0.0,0,0.0,0,0.0,0,0.0,0,0.0,0,0.0,0,3.6031659,1,0.0,0,0.0,0,2.9368918,1,0.0,0,0.0,0,0.0,0,2.5575964,1,0.0,0,0.0,0,0.0,0,0.0,0,0.0,0
GTAGCATGTAAGCC-1,1,637,4.1450777,2.6369243,1,2.6369243,1,0.0,0,3.2936246,1,2.6369243,1,0.0,0,0.0,0,6.189047,1,3.6866395,1,0.0,0,5.6571927,1,0.0,0,3.0182397,1,3.5093167,1,4.083718,1,0.0,0,2.6369243,1,4.6516848,1,0.0,0,3.9680378,1
GTAGCCCTGACGTT-1,0,812,3.2205462,0.0,0,0.0,0,0.0,0,0.0,0,1.6253048,1,2.583235,1,0.0,0,5.261438,1,1.6253048,1,0.0,0,3.2378862,1,0.0,0,2.214839,1,0.0,0,2.214839,1,0.0,0,0.0,0,1.6253048,1,0.0,0,0.0,0
GTAGCTGAAGCTAC-1,4,1527,2.723888,3.9120307,1,4.057688,1,3.1994967,1,3.786921,1,3.4144504,1,3.4144504,1,2.9253173,1,5.2832117,1,4.533897,1,2.9253173,1,5.7575207,1,2.5463226,1,3.8303869,1,3.4144504,1,3.786921,1,1.5933149,1,1.9286255,1,4.0910134,1,2.1792939,1,4.154506,1
GTAGCTGAATTCGG-1,0,859,2.2222223,0.0,0,0.0,0,0.0,0,0.0,0,0.0,0,2.222875,1,0.0,0,2.222875,1,0.0,0,1.6325527,1,2.8603525,1,0.0,0,1.6325527,1,0.0,0,2.8603525,1,0.0,0,0.0,0,3.395127,1,0.0,0,0.0,0
GTAGGTACACGGGA-1,1,972,1.7144856,2.708097,1,2.917818,1,0.0,0,2.917818,1,1.5041163,1,2.4423928,1,2.0794852,1,5.2832537,1,3.2387266,1,1.5041163,1,6.258675,1,2.708097,1,3.0910902,1,2.0794852,1,3.4812887,1,0.0,0,0.0,0,4.356758,1,1.5041163,1,3.6763494,1
GTAGTGACCTCATT-1,0,744,1.7611685,0.0,0,0.0,0,0.0,0,0.0,0,0.0,0,2.2612169,1,0.0,0,2.6313229,1,0.0,0,0.0,0,3.5661192,1,1.667212,1,0.0,0,1.667212,1,2.2612169,1,0.0,0,0.0,0,2.2612169,1,0.0,0,0.0,0
GTAGTGTGAGCGGA-1,2,869,1.5564202,0.0,0,3.0196285,1,1.7700114,1,0.0,0,0.0,0,2.7480886,1,0.0,0,3.6880631,1,1.7700114,1,0.0,0,2.7480886,1,2.3741465,1,1.7700114,1,3.2329602,1,1.7700114,1,0.0,0,0.0,0,2.3741465,1,1.7700114,1,0.0,0
GTAGTGTGAGGCGA-1,1,508,2.3519163,3.5808492,1,3.5808492,1,0.0,0,2.915173,1,2.915173,1,0.0,0,0.0,0,5.906702,1,3.3024082,1,0.0,0,5.9530983,1,3.3024082,1,3.976987,1,3.7984066,1,3.976987,1,2.915173,1,3.3024082,1,4.574567,1,0.0,0,3.3024082,1
GTAGTGTGTGGTTG-1,0,624,0.8633824,0.0,0,1.8052187,1,0.0,0,0.0,0,0.0,0,0.0,0,0.0,0,3.0598898,1,1.8052187,1,0.0,0,3.2736104,1,0.0,0,1.8052187,1,0.0,0,2.7877176,1,0.0,0,0.0,0,2.412569,1,0.0,0,0.0,0
GTATCACTGGTAGG-1,1,923,2.756692,3.2181082,1,3.0437608,1,0.0,0,3.712792,1,3.0437608,1,2.8324606,1,2.5642111,1,5.54828,1,2.5642111,1,2.5642111,1,5.5004616,1,1.6087983,1,3.3665237,1,2.5642111,1,3.0437608,1,0.0,0,0.0,0,4.2333183,1,0.0,0,3.712792,1
GTATCTACAGAAGT-1,2,976,1.9693654,0.0,0,0.0,0,0.0,0,0.0,0,0.0,0,2.9193091,1,0.0,0,2.278727,1,0.0,0,0.0,0,3.5851002,1,0.0,0,0.0,0,2.278727,1,2.278727,1,0.0,0,0.0,0,3.5851002,1,0.0,0,0.0,0
GTATCTACGACGAG-1,2,801,1.7019082,0.0,0,0.0,0,1.8180702,1,2.4265637,1,0.0,0,0.0,0,0.0,0,2.4265637,1,1.8180702,1,0.0,0,2.80214,1,0.0,0,1.8180702,1,0.0,0,2.80214,1,0.0,0,0.0,0,2.4265637,1,0.0,0,0.0,0
GTATCTACGTTACG-1,0,1014,3.0270655,0.0,0,0.0,0,0.0,0,2.0949512,1,0.0,0,1.5178756,1,0.0,0,3.2556958,1,1.5178756,1,0.0,0,3.1079502,1,0.0,0,0.0,0,0.0,0,3.3843963,1,0.0,0,0.0,0,3.1079502,1,1.5178756,1,2.0949512,1
GTATTAGAAACAGA-1,0,1429,1.4326648,1.3526845,1,0.0,0,0.0,0,2.730397,1,0.0,0,1.3526845,1,0.0,0,3.567094,1,2.2621155,1,0.0,0,3.0480669,1,0.0,0,1.3526845,1,2.2621155,1,3.0480669,1,0.0,0,0.0,0,4.0665603,1,0.0,0,1.3526845,1
GTATTAGAGGTCTA-1,0,586,1.4184396,0.0,0,0.0,0,0.0,0,0.0,0,0.0,0,0.0,0,0.0,0,3.5976236,1,0.0,0,0.0,0,0.0,0,0.0,0,0.0,0,0.0,0,2.0921447,1,0.0,0,0.0,0,2.7215946,1,2.0921447,1,0.0,0
GTATTCACACAGCT-1,0,692,2.9900334,0.0,0,0.0,0,0.0,0,0.0,0,1.878432,1,1.878432,1,0.0,0,2.8695855,1,0.0,0,1.878432,1,3.6839337,1,0.0,0,0.0,0,0.0,0,1.878432,1,0.0,0,1.878432,1,1.878432,1,0.0,0,1.878432,1
GTATTCACGGGTGA-1,2,704,2.1252153,0.0,0,0.0,0,0.0,0,2.904236,1,0.0,0,1.9096065,1,0.0,0,3.5696056,1,2.5257976,1,0.0,0,3.5696056,1,0.0,0,0.0,0,1.9096065,1,2.5257976,1,0.0,0,0.0,0,2.904236,1,0.0,0,0.0,0
GTCAACGACACTGA-1,0,1176,1.791127,0.0,0,0.0,0,0.0,0,1.323445,1,0.0,0,1.323445,1,0.0,0,3.3521261,1,2.2266777,1,0.0,0,3.1376967,1,1.323445,1,0.0,0,1.323445,1,2.2266777,1,1.323445,1,0.0,0,2.8643723,1,0.0,0,0.0,0
GTCAACGAGTGTAC-1,1,806,1.8621974,2.7058132,1,2.7058132,1,0.0,0,2.97665,1,3.5141823,1,0.0,0,1.7326274,1,5.983223,1,4.040696,1,2.33321,1,5.8450117,1,2.7058132,1,3.1895487,1,3.7588587,1,3.8618855,1,0.0,0,2.7058132,1,4.1193852,1,2.33321,1,3.9552822,1
GTCAACGATCAGGT-1,2,324,6.666667,0.0,0,0.0,0,0.0,0,0.0,0,0.0,0,0.0,0,0.0,0,3.613646,1,2.9470954,1,0.0,0,0.0,0,0.0,0,0.0,0,0.0,0,0.0,0,0.0,0,0.0,0,4.010086,1,0.0,0,0.0,0
GTCAATCTACACCA-1,2,883,2.4197097,0.0,0,0.0,0,0.0,0,1.6866597,1,0.0,0,1.6866597,1,0.0,0,2.6535394,1,0.0,0,0.0,0,3.8069754,1,1.6866597,1,0.0,0,0.0,0,2.2826698,1,0.0,0,0.0,0,3.4597762,1,0.0,0,0.0,0
GTCAATCTGTAGCT-1,2,1249,3.207434,0.0,0,0.0,0,0.0,0,0.0,0,1.3865944,1,0.0,0,0.0,0,2.3029451,1,3.0914245,1,1.3865944,1,3.4343743,1,0.0,0,4.4430466,1,1.9462531,1,1.9462531,1,1.3865944,1,0.0,0,4.0608363,1,0.0,0,0.0,0
GTCAATCTTGTGGT-1,0,765,0.66342324,0.0,0,0.0,0,0.0,0,0.0,0,0.0,0,0.0,0,0.0,0,2.9284763,1,0.0,0,0.0,0,3.1408665,1,0.0,0,0.0,0,0.0,0,2.6584632,1,0.0,0,0.0,0,1.6909771,1,0.0,0,0.0,0
GTCACCTGCCTCCA-1,0,743,1.0343206,0.0,0,0.0,0,0.0,0,0.0,0,1.7411096,1,2.7154233,1,0.0,0,2.3425112,1,1.7411096,1,0.0,0,3.6540124,1,0.0,0,0.0,0,2.3425112,1,0.0,0,0.0,0,0.0,0,1.7411096,1,0.0,0,1.7411096,1
GTCACCTGTCCCGT-1,0,907,2.4320457,0.0,0,0.0,0,0.0,0,1.521502,1,2.4627714,1,2.099023,1,0.0,0,2.7289238,1,0.0,0,0.0,0,3.6052527,1,0.0,0,2.099023,1,1.521502,1,2.099023,1,0.0,0,0.0,0,2.9389234,1,0.0,0,1.521502,1
GTCATACTAATCGC-1,3,666,2.9813664,0.0,0,0.0,0,0.0,0,1.9772393,1,0.0,0,0.0,0,0.0,0,1.9772393,1,1.9772393,1,0.0,0,2.5986483,1,0.0,0,1.9772393,1,0.0,0,1.9772393,1,0.0,0,0.0,0,0.0,0,0.0,0,1.9772393,1
GTCATACTGCGATT-1,2,669,0.6863418,0.0,0,0.0,0,0.0,0,0.0,0,0.0,0,2.0628207,1,0.0,0,3.7426286,1,2.0628207,1,0.0,0,3.0728967,1,0.0,0,0.0,0,5.7143855,1,3.0728967,1,0.0,0,0.0,0,2.0628207,1,0.0,0,0.0,0
GTCATACTTCGCCT-1,6,364,2.9471545,0.0,0,2.417208,1,0.0,0,3.454533,1,0.0,0,0.0,0,0.0,0,4.636136,1,4.131753,1,0.0,0,3.9526374,1,2.417208,1,0.0,0,0.0,0,5.3244243,1,0.0,0,0.0,0,0.0,0,2.417208,1,0.0,0
GTCATACTTTACCT-1,2,794,1.8807093,0.0,0,1.8530483,1,0.0,0,1.8530483,1,0.0,0,2.464574,1,0.0,0,3.114268,1,0.0,0,0.0,0,3.900216,1,1.8530483,1,2.464574,1,0.0,0,2.8412812,1,0.0,0,0.0,0,2.464574,1,0.0,0,0.0,0
GTCATACTTTGACG-1,0,959,1.1687363,1.5385098,1,0.0,0,0.0,0,0.0,0,2.1180959,1,0.0,0,0.0,0,2.9594946,1,2.749229,1,0.0,0,1.5385098,1,0.0,0,0.0,0,1.5385098,1,2.4826486,1,0.0,0,0.0,0,1.5385098,1,0.0,0,0.0,0
GTCCAAGAAAAACG-1,0,766,1.3268465,1.6909771,1,0.0,0,0.0,0,2.2874265,1,0.0,0,1.6909771,1,0.0,0,3.3159544,1,0.0,0,0.0,0,3.3159544,1,0.0,0,1.6909771,1,0.0,0,0.0,0,0.0,0,0.0,0,0.0,0,0.0,0,1.6909771,1
GTCCACTGACCTCC-1,0,937,1.1704681,0.0,0,0.0,0,0.0,0,0.0,0,1.3870448,1,1.3870448,1,0.0,0,1.9467678,1,0.0,0,0.0,0,3.2198362,1,0.0,0,0.0,0,0.0,0,2.3034856,1,0.0,0,1.3870448,1,2.3034856,1,1.3870448,1,0.0,0
GTCCACTGGGTACT-1,4,1398,2.7846954,3.8831275,1,3.6176064,1,1.1834186,1,3.7324018,1,3.8831275,1,3.4161432,1,2.950952,1,5.63357,1,4.1298566,1,1.7103754,1,6.056591,1,3.1635826,1,2.950952,1,3.0629082,1,3.255042,1,1.7103754,1,2.51184,1,4.2336073,1,2.6805496,1,4.265929,1
GTCCAGCTACGGGA-1,0,942,1.2528473,0.0,0,0.0,0,0.0,0,2.1509497,1,1.567888,1,1.567888,1,0.0,0,3.4459176,1,1.567888,1,0.0,0,2.9948587,1,0.0,0,0.0,0,0.0,0,1.567888,1,0.0,0,0.0,0,0.0,0,0.0,0,0.0,0
GTCCCATGTGGTGT-1,1,1469,2.528445,2.7571883,1,2.4457872,1,0.0,0,3.901615,1,3.269383,1,2.2440767,1,3.0946386,1,5.095652,1,2.994298,1,2.2440767,1,5.283392,1,3.6064413,1,3.0946386,1,3.185823,1,3.547512,1,1.1339555,1,2.2440767,1,4.1292267,1,2.4457872,1,4.09471,1
GTCGAATGAAGGCG-1,1,905,2.2169812,2.7185035,1,3.3781075,1,0.0,0,3.2025852,1,3.2025852,1,3.3781075,1,2.7185035,1,5.4477763,1,3.2025852,1,2.7185035,1,5.245804,1,2.9895546,1,4.6963058,1,3.772137,1,4.99244,1,0.0,0,2.7185035,1,3.8751945,1,1.7438302,1,4.273719,1
GTCGACCTGAATGA-1,2,812,2.0645163,2.0084305,1,0.0,0,0.0,0,0.0,0,0.0,0,3.2886426,1,0.0,0,2.0084305,1,0.0,0,0.0,0,3.8321416,1,0.0,0,0.0,0,2.6321208,1,2.6321208,1,0.0,0,0.0,0,3.2886426,1,0.0,0,0.0,0
GTCGACCTGTTCAG-1,0,572,1.9607844,0.0,0,0.0,0,0.0,0,0.0,0,0.0,0,0.0,0,0.0,0,3.1282532,1,2.4779685,1,0.0,0,3.5190127,1,0.0,0,1.8653995,1,0.0,0,2.4779685,1,0.0,0,0.0,0,1.8653995,1,0.0,0,1.8653995,1
GTCGCACTTGAGAA-1,3,1378,1.6474059,0.0,0,0.0,0,1.2416255,1,1.2416255,1,0.0,0,2.3836987,1,0.0,0,3.7574956,1,0.0,0,0.0,0,3.243075,1,0.0,0,1.7787538,1,1.2416255,1,3.029645,1,0.0,0,1.2416255,1,1.7787538,1,0.0,0,0.0,0
GTCTAACTGGTCTA-1,4,1058,2.8791926,3.6785038,1,3.9408064,1,2.555129,1,3.9968846,1,3.9968846,1,3.0808856,1,3.4236891,1,6.127107,1,3.3219435,1,2.555129,1,5.6558204,1,2.2930114,1,3.3219435,1,2.9343588,1,3.7508059,1,1.9367944,1,0.0,0,4.564178,1,2.2930114,1,3.8813956,1
GTCTAGGAGCTTCC-1,1,1215,2.1072798,1.3190124,1,2.8586721,1,0.0,0,2.8586721,1,1.868636,1,1.3190124,1,2.2212858,1,4.7541804,1,4.115355,1,1.3190124,1,5.6652884,1,3.4383965,1,3.4383965,1,2.481476,1,3.522728,1,0.0,0,2.8586721,1,4.115355,1,1.3190124,1,3.6726527,1
GTGAACACACTCTT-1,0,697,1.3525699,0.0,0,0.0,0,0.0,0,0.0,0,0.0,0,0.0,0,0.0,0,3.6145248,1,0.0,0,0.0,0,2.947951,1,0.0,0,2.305922,1,0.0,0,1.707782,1,0.0,0,0.0,0,1.707782,1,0.0,0,0.0,0
GTGAACACAGATCC-1,2,424,10.447762,0.0,0,0.0,0,0.0,0,2.524212,1,0.0,0,0.0,0,0.0,0,0.0,0,0.0,0,0.0,0,3.1764739,1,0.0,0,0.0,0,0.0,0,0.0,0,0.0,0,0.0,0,3.1764739,1,0.0,0,0.0,0
GTGAACACTCAGGT-1,0,531,0.9646302,0.0,0,0.0,0,0.0,0,0.0,0,0.0,0,2.8384995,1,0.0,0,3.7190511,1,2.2022178,1,0.0,0,2.2022178,1,0.0,0,0.0,0,0.0,0,0.0,0,0.0,0,0.0,0,3.5019536,1,0.0,0,0.0,0
GTGACCCTTAAGCC-1,0,676,1.5295359,0.0,0,0.0,0,0.0,0,3.0959477,1,1.8368993,1,2.8232303,1,0.0,0,3.6359878,1,1.8368993,1,0.0,0,2.8232303,1,0.0,0,0.0,0,1.8368993,1,3.0959477,1,0.0,0,0.0,0,0.0,0,0.0,0,0.0,0
GTGATGACAAGTGA-1,0,1819,2.1159008,0.9478004,1,0.0,0,0.0,0,2.349485,1,0.9478004,1,1.7474741,1,0.0,0,3.1407151,1,1.7474741,1,0.0,0,3.069929,1,0.0,0,0.9478004,1,2.1860673,1,2.1860673,1,0.0,0,0.0,0,2.6130233,1,0.0,0,0.9478004,1
GTGATGACCTGAGT-1,3,503,2.0072992,0.0,0,0.0,0,0.0,0,0.0,0,2.3157403,1,0.0,0,0.0,0,2.3157403,1,2.3157403,1,0.0,0,3.8429322,1,0.0,0,2.3157403,1,0.0,0,2.3157403,1,0.0,0,0.0,0,2.3157403,1,0.0,0,0.0,0
GTGATGACGGTTTG-1,2,801,2.447217,0.0,0,0.0,0,1.7575932,1,0.0,0,0.0,0,1.7575932,1,0.0,0,2.3605642,1,0.0,0,0.0,0,3.3941991,1,1.7575932,1,0.0,0,0.0,0,2.3605642,1,0.0,0,0.0,0,3.673454,1,0.0,0,0.0,0
GTGATTCTCATTTC-1,0,943,0.93421566,1.5883365,1,0.0,0,0.0,0,1.5883365,1,0.0,0,2.5405617,1,0.0,0,2.8083415,1,2.5405617,1,0.0,0,3.4708722,1,0.0,0,0.0,0,2.5405617,1,1.5883365,1,0.0,0,0.0,0,3.9443502,1,1.5883365,1,0.0,0
GTGATTCTCTCTCG-1,1,874,2.6569118,2.5305724,1,2.7981503,1,0.0,0,3.4603627,1,2.1641421,1,2.1641421,1,1.5797133,1,4.253684,1,2.5305724,1,1.5797133,1,5.266198,1,2.5305724,1,2.7981503,1,2.7981503,1,3.5746486,1,2.1641421,1,2.1641421,1,4.006422,1,1.5797133,1,4.307003,1
GTGATTCTGGTTCA-1,2,813,1.6898009,0.0,0,2.5725522,1,1.9529718,1,0.0,0,0.0,0,2.9522412,1,0.0,0,0.0,0,2.5725522,1,1.9529718,1,3.4419565,1,1.9529718,1,1.9529718,1,0.0,0,3.2267816,1,0.0,0,0.0,0,3.4419565,1,0.0,0,1.9529718,1
GTGATTCTGTCGAT-1,0,694,1.8081367,0.0,0,0.0,0,0.0,0,0.0,0,0.0,0,1.7955194,1,0.0,0,3.2624335,1,0.0,0,0.0,0,3.438352,1,1.7955194,1,0.0,0,0.0,0,0.0,0,0.0,0,0.0,0,0.0,0,1.7955194,1,0.0,0
GTGATTCTTAGCGT-1,3,494,2.455357,0.0,0,0.0,0,0.0,0,0.0,0,0.0,0,2.133695,1,0.0,0,3.6436226,1,2.7658179,1,0.0,0,4.2197156,1,0.0,0,0.0,0,0.0,0,3.1500852,1,0.0,0,0.0,0,0.0,0,0.0,0,0.0,0
GTGCCACTCAGGAG-1,0,660,0.89615184,0.0,0,0.0,0,0.0,0,1.8368993,1,0.0,0,1.8368993,1,0.0,0,3.4862206,1,0.0,0,0.0,0,3.7662191,1,0.0,0,0.0,0,0.0,0,0.0,0,0.0,0,0.0,0,3.0959477,1,0.0,0,1.8368993,1
GTGGATTGCACTAG-1,4,1467,3.2229774,4.903584,1,3.9821382,1,3.0319118,1,3.8035388,1,3.8035388,1,3.1324384,1,3.8035388,1,5.5166774,1,3.3074648,1,1.6837964,1,5.825172,1,3.223776,1,4.2651477,1,2.9201388,1,2.6502724,1,2.279514,1,2.279514,1,3.456372,1,4.6020074,1,3.5232599,1
GTGGATTGCGGAGA-1,0,976,2.2710888,0.0,0,0.0,0,0.0,0,1.5274038,1,0.0,0,2.105646,1,0.0,0,3.1195953,1,1.5274038,1,0.0,0,3.510226,1,1.5274038,1,0.0,0,1.5274038,1,2.7359772,1,0.0,0,0.0,0,3.2674153,1,0.0,0,0.0,0
GTGGATTGTAACGC-1,0,833,1.880651,0.0,0,0.0,0,0.0,0,0.0,0,0.0,0,2.4726515,1,0.0,0,2.1085014,1,2.7390177,1,0.0,0,2.1085014,1,1.5299498,1,0.0,0,0.0,0,2.1085014,1,0.0,0,0.0,0,1.5299498,1,0.0,0,0.0,0
GTGTACGATCAGTG-1,0,689,1.6675088,1.8005635,1,0.0,0,0.0,0,1.8005635,1,0.0,0,0.0,0,0.0,0,3.0545778,1,0.0,0,0.0,0,3.0545778,1,0.0,0,0.0,0,0.0,0,1.8005635,1,0.0,0,0.0,0,0.0,0,0.0,0,0.0,0
GTGTAGTGGGTACT-1,0,921,2.740769,0.0,0,0.0,0,0.0,0,2.1539745,1,0.0,0,1.5705981,1,0.0,0,3.4492314,1,0.0,0,0.0,0,3.9224448,1,0.0,0,2.1539745,1,4.126366,1,3.3202283,1,0.0,0,0.0,0,4.186041,1,1.5705981,1,1.5705981,1
GTGTATCTAGCCTA-1,3,625,2.4407253,0.0,0,0.0,0,0.0,0,0.0,0,0.0,0,2.0773444,1,0.0,0,3.3649814,1,0.0,0,0.0,0,4.1565237,1,2.0773444,1,0.0,0,0.0,0,2.0773444,1,0.0,0,0.0,0,0.0,0,0.0,0,0.0,0
GTGTATCTAGTAGA-1,2,1428,2.0477047,0.0,0,2.506031,1,1.7051982,1,1.1790359,1,0.0,0,2.3030803,1,0.0,0,3.548714,1,1.1790359,1,1.1790359,1,3.1575272,1,1.1790359,1,0.0,0,2.048172,1,2.3030803,1,0.0,0,0.0,0,2.8189156,1,1.1790359,1,0.0,0
GTGTATCTGTTACG-1,3,817,1.602262,0.0,0,1.743441,1,0.0,0,1.743441,1,1.743441,1,1.743441,1,0.0,0,4.2052555,1,1.743441,1,0.0,0,3.5269153,1,0.0,0,0.0,0,0.0,0,2.9891067,1,0.0,0,0.0,0,0.0,0,0.0,0,0.0,0
GTGTCAGAAGCGTT-1,2,909,2.0914397,0.0,0,0.0,0,1.7704158,1,0.0,0,0.0,0,2.3745885,1,0.0,0,2.7485447,1,2.3745885,1,0.0,0,3.4091578,1,0.0,0,1.7704158,1,0.0,0,3.020092,1,0.0,0,0.0,0,2.7485447,1,0.0,0,0.0,0
GTGTCAGAATGCTG-1,0,326,6.0,0.0,0,0.0,0,0.0,0,0.0,0,0.0,0,0.0,0,0.0,0,3.3215144,1,0.0,0,0.0,0,3.7148738,1,0.0,0,0.0,0,0.0,0,3.3215144,1,0.0,0,0.0,0,0.0,0,0.0,0,0.0,0
GTTAAAACCGAGAG-1,2,956,0.842001,0.0,0,2.7637272,1,1.7838863,1,0.0,0,0.0,0,2.3893032,1,0.0,0,1.7838863,1,0.0,0,1.7838863,1,2.3893032,1,1.7838863,1,2.3893032,1,0.0,0,3.4248385,1,0.0,0,0.0,0,3.4248385,1,0.0,0,0.0,0
GTTAAAACTTCGCC-1,0,676,5.0509953,0.0,0,0.0,0,0.0,0,0.0,0,0.0,0,2.3715003,1,0.0,0,2.7453575,1,1.7675909,1,0.0,0,3.2301574,1,0.0,0,0.0,0,1.7675909,1,2.3715003,1,0.0,0,0.0,0,2.7453575,1,0.0,0,1.7675909,1
GTTAAATGCTCGAA-1,0,765,2.2632968,0.0,0,0.0,0,0.0,0,1.5630976,1,0.0,0,1.5630976,1,0.0,0,3.5542693,1,1.5630976,1,0.0,0,3.3110938,1,0.0,0,1.5630976,1,0.0,0,1.5630976,1,0.0,0,0.0,0,2.5112853,1,0.0,0,0.0,0
GTTAAATGTCGACA-1,3,1207,1.9561195,0.0,0,0.0,0,0.0,0,1.2938784,1,0.0,0,0.0,0,0.0,0,3.2117355,1,1.2938784,1,0.0,0,3.4050543,1,0.0,0,1.8395661,1,0.0,0,3.4050543,1,0.0,0,0.0,0,1.2938784,1,0.0,0,0.0,0
GTTAACCTAGCTAC-1,0,829,2.6938775,0.0,0,0.0,0,0.0,0,1.6266168,1,0.0,0,0.0,0,0.0,0,3.2394555,1,1.6266168,1,0.0,0,3.5172927,1,1.6266168,1,0.0,0,0.0,0,2.5847452,1,0.0,0,0.0,0,3.6317728,1,0.0,0,0.0,0
GTTAACCTTGCTTT-1,5,1648,1.6224189,2.3833265,1,1.7784129,1,0.0,0,2.856557,1,2.946629,1,2.524212,1,3.9482522,1,4.7519555,1,2.856557,1,0.0,0,4.336597,1,1.7784129,1,2.7575612,1,2.524212,1,2.3833265,1,0.0,0,0.97083604,1,3.105571,1,0.0,0,4.457689,1
GTTAGGTGCACTCC-1,0,554,3.5226457,0.0,0,0.0,0,0.0,0,0.0,0,0.0,0,0.0,0,0.0,0,3.1178734,1,0.0,0,0.0,0,2.104064,1,0.0,0,0.0,0,0.0,0,2.7342927,1,0.0,0,0.0,0,3.394431,1,0.0,0,2.104064,1
GTTAGGTGCCAGTA-1,1,1500,2.6733668,2.4031847,1,2.9499505,1,0.0,0,2.838689,1,2.7134802,1,1.102494,1,2.4031847,1,4.494388,1,3.0500631,1,1.102494,1,5.394862,1,2.9499505,1,3.141059,1,2.4031847,1,3.6692297,1,0.0,0,2.7134802,1,4.210423,1,0.0,0,3.5609992,1
GTTAGGTGCCCAAA-1,4,953,0.59387845,4.7062736,1,3.495843,1,3.171427,1,4.4216,1,3.495843,1,3.740396,1,2.9587147,1,5.7564144,1,3.8433793,1,3.6255767,1,5.5483932,1,3.171427,1,2.68818,1,2.68818,1,3.495843,1,2.3161519,1,1.717089,1,4.3053174,1,2.68818,1,4.746734,1
GTTAGGTGGAACTC-1,3,647,1.754386,0.0,0,0.0,0,0.0,0,0.0,0,0.0,0,0.0,0,0.0,0,3.7698345,1,0.0,0,0.0,0,3.7698345,1,0.0,0,0.0,0,0.0,0,3.4425423,1,0.0,0,0.0,0,0.0,0,0.0,0,0.0,0
GTTAGTCTAAGAAC-1,2,537,4.3327556,0.0,0,0.0,0,0.0,0,0.0,0,0.0,0,2.9094145,1,0.0,0,2.2693412,1,0.0,0,0.0,0,3.792454,1,2.2693412,1,0.0,0,0.0,0,3.2965434,1,0.0,0,0.0,0,3.5749297,1,0.0,0,0.0,0
GTTATAGAGGACAG-1,0,786,1.6074038,0.0,0,0.0,0,1.7704158,1,1.7704158,1,0.0,0,1.7704158,1,0.0,0,3.2334282,1,1.7704158,1,0.0,0,3.020092,1,0.0,0,0.0,0,0.0,0,3.020092,1,0.0,0,0.0,0,2.7485447,1,1.7704158,1,0.0,0
GTTATGCTTTCATC-1,0,814,1.8922255,0.0,0,0.0,0,0.0,0,0.0,0,0.0,0,1.6332157,1,0.0,0,3.247342,1,1.6332157,1,0.0,0,2.5923355,1,0.0,0,1.6332157,1,0.0,0,2.861129,1,0.0,0,0.0,0,0.0,0,0.0,0,0.0,0
GTTCAACTGGGACA-1,2,761,2.129075,0.0,0,2.661968,1,2.0363026,1,0.0,0,0.0,0,3.319586,1,0.0,0,3.319586,1,2.0363026,1,0.0,0,2.661968,1,2.0363026,1,0.0,0,2.0363026,1,3.0438879,1,0.0,0,0.0,0,4.1102185,1,0.0,0,0.0,0
GTTCAACTTATGCG-1,0,862,2.2205493,0.0,0,0.0,0,0.0,0,0.0,0,0.0,0,0.0,0,0.0,0,2.5092075,1,1.5613102,1,0.0,0,2.5092075,1,0.0,0,1.5613102,1,0.0,0,2.5092075,1,0.0,0,0.0,0,1.5613102,1,0.0,0,0.0,0
GTTGACGAGCCCTT-1,2,838,0.94786733,0.0,0,0.0,0,2.4455945,1,0.0,0,0.0,0,3.4846873,1,0.0,0,2.8217425,1,0.0,0,0.0,0,4.3143077,1,0.0,0,0.0,0,1.8355696,1,3.4846873,1,0.0,0,0.0,0,3.3084795,1,0.0,0,1.8355696,1
GTTGACGATATCGG-1,2,1102,1.9434628,0.0,0,3.3151019,1,2.2866318,1,1.6902556,1,0.0,0,3.1400201,1,0.0,0,2.927639,1,1.6902556,1,1.6902556,1,2.6576407,1,1.6902556,1,1.6902556,1,1.6902556,1,2.2866318,1,0.0,0,0.0,0,3.8112888,1,0.0,0,1.6902556,1
GTTGAGTGGTCTTT-1,1,1392,1.0689106,2.5160139,1,2.8291354,1,0.0,0,2.9552565,1,2.5160139,1,1.1865715,1,2.8291354,1,4.6817985,1,2.5160139,1,1.1865715,1,5.2701526,1,2.9552565,1,2.9552565,1,2.9552565,1,3.4205358,1,1.1865715,1,2.8291354,1,4.0586443,1,1.7140973,1,4.616472,1
GTTGAGTGTGCTTT-1,0,1042,1.953125,0.0,0,0.0,0,0.0,0,1.8258924,1,1.2820907,1,2.4350743,1,0.0,0,2.6405444,1,0.0,0,1.2820907,1,3.2973788,1,1.8258924,1,1.8258924,1,1.8258924,1,2.4350743,1,0.0,0,0.0,0,3.753418,1,1.2820907,1,0.0,0
GTTGATCTGGGACA-1,0,372,0.42372882,0.0,0,0.0,0,0.0,0,0.0,0,2.451389,1,0.0,0,0.0,0,2.451389,1,0.0,0,0.0,0,2.451389,1,0.0,0,0.0,0,0.0,0,2.451389,1,0.0,0,0.0,0,3.1004934,1,0.0,0,0.0,0
GTTGATCTTTTCAC-1,2,971,2.1535962,0.0,0,0.0,0,0.0,0,2.2115746,1,0.0,0,2.2115746,1,0.0,0,2.2115746,1,0.0,0,1.6223621,1,3.3828733,1,0.0,0,1.6223621,1,0.0,0,3.234365,1,0.0,0,0.0,0,2.848401,1,0.0,0,0.0,0
GTTGGATGTTTACC-1,4,1364,2.5236595,3.6127684,1,4.0492964,1,2.8201866,1,4.124965,1,3.671805,1,2.5072727,1,2.5072727,1,5.6366844,1,3.8782582,1,2.5072727,1,6.2571683,1,3.3340385,1,2.8201866,1,3.1588213,1,4.0492964,1,1.7063044,1,2.0493495,1,4.6510706,1,2.8201866,1,3.78035,1
GTTGTACTATTCCT-1,1,1137,1.9658396,3.1601174,1,3.2883322,1,0.0,0,3.4019604,1,3.1601174,1,0.0,0,2.0081513,1,5.2366357,1,2.0081513,1,2.0081513,1,5.7589874,1,2.840471,1,3.1601174,1,2.3678389,1,3.4019604,1,0.0,0,0.0,0,4.0221505,1,1.440964,1,4.402064,1
GTTGTACTTTTGGG-1,0,847,2.246256,1.641556,1,0.0,0,0.0,0,2.2328486,1,0.0,0,1.641556,1,2.2328486,1,2.2328486,1,1.641556,1,1.641556,1,3.2572956,1,0.0,0,1.641556,1,0.0,0,2.6019185,1,0.0,0,0.0,0,1.641556,1,0.0,0,0.0,0
GTTTAAGACCATGA-1,1,935,2.2709777,0.0,0,2.7970655,1,0.0,0,2.7970655,1,3.1819916,1,1.5787961,1,1.5787961,1,4.404661,1,3.1819916,1,1.5787961,1,5.395442,1,3.0079362,1,3.0079362,1,2.7970655,1,3.4592435,1,0.0,0,0.0,0,4.252545,1,2.1631196,1,4.404661,1
GTTTAAGACTGTCC-1,2,710,2.209596,0.0,0,0.0,0,0.0,0,1.9896716,1,0.0,0,1.9896716,1,0.0,0,2.9926975,1,0.0,0,0.0,0,3.2677622,1,0.0,0,0.0,0,1.9896716,1,2.611999,1,0.0,0,0.0,0,2.611999,1,0.0,0,0.0,0
TAAACAACCAACCA-1,0,1070,1.868613,0.0,0,0.0,0,0.0,0,0.0,0,0.0,0,1.9227023,1,0.0,0,2.7471774,1,0.0,0,0.0,0,2.9187565,1,0.0,0,0.0,0,2.2782025,1,1.3660172,1,0.0,0,0.0,0,3.5845323,1,0.0,0,1.9227023,1
TAAACAACGAATCC-1,3,914,1.0645847,0.0,0,0.0,0,0.0,0,2.4559236,1,0.0,0,2.0924559,1,0.0,0,3.5979688,1,1.5156541,1,0.0,0,3.5979688,1,2.0924559,1,1.5156541,1,0.0,0,3.2529597,1,0.0,0,0.0,0,0.0,0,0.0,0,0.0,0
TAAAGACTCAGGAG-1,0,855,1.5157895,0.0,0,0.0,0,0.0,0,1.6513617,1,0.0,0,0.0,0,0.0,0,3.5471027,1,0.0,0,0.0,0,3.4176784,1,1.6513617,1,0.0,0,1.6513617,1,2.2437,1,0.0,0,0.0,0,3.4176784,1,0.0,0,0.0,0
TAAATCGATGAGGG-1,0,759,1.9155207,0.0,0,1.7773232,1,0.0,0,1.7773232,1,0.0,0,1.7773232,1,0.0,0,3.5666564,1,0.0,0,0.0,0,2.7563334,1,0.0,0,0.0,0,2.3821363,1,2.3821363,1,0.0,0,0.0,0,1.7773232,1,2.3821363,1,0.0,0
TAACAATGTGCCCT-1,3,654,1.5636634,0.0,0,0.0,0,0.0,0,0.0,0,0.0,0,2.133695,1,0.0,0,3.6436226,1,0.0,0,0.0,0,3.4269972,1,2.7658179,1,0.0,0,0.0,0,3.1500852,1,0.0,0,0.0,0,0.0,0,0.0,0,0.0,0
TAACACCTTCGCTC-1,1,981,1.4519056,2.1116865,1,2.4759707,1,0.0,0,3.7121542,1,3.402818,1,1.5327905,1,1.5327905,1,5.674994,1,3.5168965,1,1.5327905,1,5.337402,1,3.7121542,1,2.4759707,1,1.5327905,1,4.138814,1,0.0,0,2.1116865,1,3.797128,1,1.5327905,1,3.9480684,1
TAACACCTTCGTAG-1,1,1193,1.7666768,2.7871456,1,2.7871456,1,0.0,0,3.2337794,1,3.3471742,1,1.9592274,1,1.3979567,1,5.6818933,1,1.9592274,1,2.3165636,1,5.606449,1,3.5414274,1,3.6260214,1,3.105862,1,3.3471742,1,1.9592274,1,1.9592274,1,3.7040143,1,1.3979567,1,4.4220514,1
TAACACCTTGTTTC-1,6,397,1.0956175,0.0,0,0.0,0,0.0,0,0.0,0,0.0,0,0.0,0,0.0,0,5.0823984,1,4.87619,1,0.0,0,4.6161113,1,0.0,0,0.0,0,0.0,0,4.87619,1,0.0,0,0.0,0,3.0454752,1,0.0,0,2.398805,1
TAACATGACACTAG-1,3,1123,1.9469026,0.0,0,1.3741189,1,0.0,0,1.9319832,1,0.0,0,1.9319832,1,0.0,0,2.9290347,1,1.3741189,1,0.0,0,3.2032647,1,0.0,0,1.3741189,1,1.3741189,1,2.9290347,1,0.0,0,0.0,0,2.2879567,1,0.0,0,0.0,0
TAACCGGACTTACT-1,0,616,1.3439522,0.0,0,0.0,0,0.0,0,0.0,0,1.7880193,1,0.0,0,0.0,0,0.0,0,0.0,0,0.0,0,3.0402467,1,0.0,0,0.0,0,0.0,0,2.3938143,1,0.0,0,0.0,0,0.0,0,0.0,0,0.0,0
TAACGTCTCAACCA-1,1,747,2.1750388,2.806026,1,3.2923765,1,0.0,0,3.0784814,1,2.806026,1,0.0,0,0.0,0,5.085259,1,1.8215362,1,0.0,0,6.0899844,1,3.0784814,1,3.2923765,1,2.4303355,1,3.7483451,1,0.0,0,0.0,0,3.9667664,1,2.4303355,1,3.4684846,1
TAACGTCTCATTGG-1,0,876,2.1425788,0.0,0,0.0,0,0.0,0,1.5883365,1,0.0,0,2.1737506,1,0.0,0,3.3417723,1,1.5883365,1,0.0,0,2.1737506,1,0.0,0,1.5883365,1,0.0,0,2.1737506,1,0.0,0,0.0,0,0.0,0,0.0,0,0.0,0
TAACTAGAATTTCC-1,0,949,1.4184396,0.0,0,0.0,0,0.0,0,0.0,0,0.0,0,1.597702,1,0.0,0,3.9558797,1,2.1841762,1,0.0,0,2.5513957,1,0.0,0,1.597702,1,1.597702,1,2.1841762,1,0.0,0,0.0,0,3.3531146,1,0.0,0,0.0,0
TAACTAGACTTAGG-1,0,965,2.0198562,0.0,0,0.0,0,0.0,0,2.4221847,1,0.0,0,2.0601275,1,0.0,0,3.3459623,1,1.4869279,1,0.0,0,3.3459623,1,1.4869279,1,2.0601275,1,2.0601275,1,2.4221847,1,0.0,0,0.0,0,3.5620356,1,2.0601275,1,0.0,0
TAACTAGATCTGGA-1,0,789,1.448041,0.0,0,0.0,0,0.0,0,0.0,0,1.6599302,1,2.8923573,1,0.0,0,2.8923573,1,0.0,0,0.0,0,3.2791677,1,0.0,0,0.0,0,1.6599302,1,2.6229882,1,1.6599302,1,0.0,0,0.0,0,0.0,0,0.0,0
TAACTCACGAGGAC-1,1,752,4.058273,3.4735181,1,3.4735181,1,0.0,0,3.083438,1,3.083438,1,0.0,0,3.083438,1,5.6051893,1,3.6232293,1,0.0,0,5.8275967,1,2.8109076,1,3.4735181,1,3.4735181,1,3.2973788,1,0.0,0,1.8258924,1,3.4735181,1,0.0,0,4.0654593,1
TAACTCACGTACAC-1,3,717,2.6355047,0.0,0,0.0,0,0.0,0,0.0,0,0.0,0,1.7871907,1,0.0,0,2.3929102,1,1.7871907,1,0.0,0,2.7674475,1,0.0,0,2.3929102,1,0.0,0,1.7871907,1,0.0,0,0.0,0,0.0,0,0.0,0,0.0,0
TAACTCACGTATCG-1,1,1198,1.9437877,2.9648612,1,2.8192685,1,0.0,0,3.0919259,1,2.1840596,1,1.2885245,1,2.1840596,1,5.327583,1,3.0919259,1,0.0,0,5.219924,1,2.443192,1,2.8192685,1,2.443192,1,3.9302788,1,0.0,0,1.8333589,1,3.6991134,1,0.0,0,3.6318865,1
TAACTCACTCTACT-1,2,952,3.0085316,0.0,0,1.7044618,1,2.3022702,1,0.0,0,0.0,0,2.6738229,1,0.0,0,2.9441075,1,0.0,0,0.0,0,3.1566653,1,2.3022702,1,1.7044618,1,0.0,0,0.0,0,0.0,0,0.0,0,3.480901,1,0.0,0,0.0,0
TAAGAACTGTGTCA-1,1,625,3.7572253,2.9096878,1,3.3984754,1,0.0,0,2.5311046,1,0.0,0,0.0,0,0.0,0,4.5383787,1,3.3984754,1,0.0,0,5.670517,1,0.0,0,2.9096878,1,2.5311046,1,3.7253518,1,1.9145212,1,1.9145212,1,4.3332033,1,1.9145212,1,3.3984754,1
TAAGAGGACTAAGC-1,3,784,2.1297672,0.0,0,0.0,0,0.0,0,1.7847111,1,0.0,0,1.7847111,1,0.0,0,3.036463,1,1.7847111,1,0.0,0,4.9752007,1,1.7847111,1,2.3902035,1,0.0,0,3.2499595,1,0.0,0,0.0,0,0.0,0,0.0,0,0.0,0
TAAGAGGACTTGTT-1,2,914,1.5526444,0.0,0,2.744903,1,2.3710601,1,0.0,0,0.0,0,2.3710601,1,0.0,0,2.744903,1,1.7671883,1,0.0,0,4.2335434,1,0.0,0,1.7671883,1,1.7671883,1,3.0163913,1,0.0,0,0.0,0,3.229691,1,0.0,0,1.7671883,1
TAAGATACCCACAA-1,0,534,5.4211845,0.0,0,2.2358274,1,0.0,0,2.2358274,1,2.2358274,1,2.2358274,1,0.0,0,0.0,0,2.2358274,1,0.0,0,0.0,0,0.0,0,0.0,0,0.0,0,2.874041,1,0.0,0,0.0,0,2.874041,1,0.0,0,0.0,0
TAAGATACGGTTCA-1,1,659,0.9556314,4.570197,1,3.0670207,1,0.0,0,2.0574436,1,3.3429945,1,2.0574436,1,3.3429945,1,5.948694,1,2.6845684,1,2.0574436,1,6.329234,1,2.6845684,1,3.3429945,1,0.0,0,3.3429945,1,0.0,0,0.0,0,4.570197,1,2.0574436,1,4.417771,1
TAAGATTGCGTAGT-1,0,913,1.5776263,2.1009095,1,0.0,0,0.0,0,2.4647381,1,1.5231826,1,1.5231826,1,0.0,0,2.9409595,1,1.5231826,1,0.0,0,3.1144395,1,1.5231826,1,0.0,0,0.0,0,2.7309332,1,0.0,0,0.0,0,0.0,0,0.0,0,0.0,0
TAAGATTGTTGCTT-1,0,863,1.2669288,0.0,0,0.0,0,1.6805896,1,1.6805896,1,0.0,0,2.9164119,1,0.0,0,3.978272,1,1.6805896,1,0.0,0,2.2759783,1,0.0,0,0.0,0,3.128671,1,0.0,0,0.0,0,0.0,0,2.9164119,1,1.6805896,1,0.0,0
TAAGCGTGAGGTTC-1,1,959,2.2903454,2.7146552,1,2.7146552,1,1.5095845,1,2.4488087,1,3.245477,1,1.5095845,1,1.5095845,1,5.272316,1,3.8463757,1,2.4488087,1,5.468756,1,2.4488087,1,2.9244647,1,1.5095845,1,3.590398,1,0.0,0,2.085635,1,3.7681112,1,2.9244647,1,3.918957,1
TAAGCGTGGACAAA-1,1,1637,2.0608628,3.7249758,1,2.9093235,1,1.9141926,1,3.3981028,1,3.0092177,1,2.3642228,1,3.1000333,1,5.276289,1,3.6773906,1,2.3642228,1,5.7468386,1,3.0092177,1,3.4605494,1,3.0092177,1,4.0066113,1,0.0,0,2.3642228,1,3.9709172,1,1.0740305,1,4.3328233,1
TAAGCGTGGGAAAT-1,0,796,1.1587983,0.0,0,0.0,0,0.0,0,1.6665152,1,0.0,0,1.6665152,1,0.0,0,3.875993,1,0.0,0,0.0,0,2.9000335,1,0.0,0,0.0,0,0.0,0,1.6665152,1,0.0,0,0.0,0,1.6665152,1,0.0,0,0.0,0
TAAGCGTGTGCTCC-1,4,1508,2.2298112,3.3012452,1,3.7666855,1,2.4030018,1,4.1486616,1,3.1408665,1,4.9543357,1,2.94976,1,5.385487,1,4.0485687,1,2.8384995,1,6.1814713,1,2.8384995,1,3.3727183,1,3.1408665,1,3.2242675,1,2.4030018,1,2.2022178,1,4.239641,1,2.4030018,1,4.424389,1
TAAGGCTGCCATGA-1,0,906,2.4989412,0.0,0,0.0,0,0.0,0,1.6558038,1,0.0,0,1.6558038,1,0.0,0,2.6182616,1,0.0,0,0.0,0,3.422992,1,1.6558038,1,0.0,0,2.248612,1,2.6182616,1,0.0,0,1.6558038,1,2.6182616,1,1.6558038,1,1.6558038,1
TAAGGCTGCTGCTC-1,0,714,1.583605,0.0,0,0.0,0,0.0,0,2.3340514,1,1.7333943,1,2.9775343,1,0.0,0,3.6448927,1,0.0,0,0.0,0,2.3340514,1,0.0,0,1.7333943,1,0.0,0,1.7333943,1,0.0,0,0.0,0,1.7333943,1,0.0,0,0.0,0
TAAGGCTGTCTCGC-1,1,1195,2.134503,3.1942475,1,3.066556,1,0.0,0,2.9201388,1,3.066556,1,1.3671056,1,1.9239498,1,5.086477,1,1.9239498,1,2.279514,1,5.5984435,1,3.9260757,1,3.5014572,1,3.5014572,1,3.4091578,1,0.0,0,2.279514,1,4.3054075,1,1.3671056,1,3.8035388,1
TAAGGGCTGCTGTA-1,0,867,1.349892,0.0,0,0.0,0,0.0,0,1.8562305,1,0.0,0,0.0,0,0.0,0,3.7886467,1,1.8562305,1,0.0,0,3.6583424,1,0.0,0,0.0,0,0.0,0,2.4680264,1,0.0,0,0.0,0,3.3321273,1,0.0,0,0.0,0
TAAGGGCTTTACTC-1,0,819,3.2155797,0.0,0,0.0,0,1.7107468,1,1.7107468,1,0.0,0,2.3091817,1,0.0,0,2.6809719,1,1.7107468,1,0.0,0,2.6809719,1,1.7107468,1,1.7107468,1,1.7107468,1,1.7107468,1,0.0,0,0.0,0,2.6809719,1,0.0,0,0.0,0
TAAGTAACCGAGAG-1,3,375,2.7065527,0.0,0,0.0,0,0.0,0,0.0,0,0.0,0,0.0,0,0.0,0,2.7255845,1,2.7255845,1,0.0,0,3.7795427,1,0.0,0,0.0,0,0.0,0,2.7255845,1,0.0,0,0.0,0,0.0,0,0.0,0,0.0,0
TAAGTAACCTCCAC-1,3,656,3.3333335,0.0,0,0.0,0,0.0,0,1.9091167,1,0.0,0,0.0,0,0.0,0,3.3923461,1,0.0,0,0.0,0,2.9036927,1,1.9091167,1,0.0,0,0.0,0,0.0,0,0.0,0,0.0,0,0.0,0,0.0,0,0.0,0
TAAGTAACCTGTAG-1,0,1047,2.7671475,0.0,0,0.0,0,0.0,0,1.9302186,1,0.0,0,2.2861023,1,0.0,0,2.927081,1,1.9302186,1,1.3725777,1,3.5930867,1,0.0,0,0.0,0,0.0,0,2.2861023,1,0.0,0,0.0,0,3.5930867,1,0.0,0,1.9302186,1
TAAGTAACTTGTCT-1,0,745,2.9342167,0.0,0,0.0,0,0.0,0,3.3813038,1,0.0,0,0.0,0,0.0,0,0.0,0,0.0,0,1.7465613,1,5.057837,1,1.7465613,1,0.0,0,1.7465613,1,2.348485,1,0.0,0,0.0,0,2.348485,1,0.0,0,1.7465613,1
TAATGATGAGCGGA-1,0,866,1.5534682,1.5291001,1,0.0,0,0.0,0,2.1075485,1,0.0,0,1.5291001,1,0.0,0,3.2694988,1,0.0,0,0.0,0,3.5123274,1,0.0,0,0.0,0,1.5291001,1,0.0,0,0.0,0,0.0,0,0.0,0,0.0,0,0.0,0
TAATGCCTCATGAC-1,0,1186,0.95488185,1.2206783,1,0.0,0,0.0,0,1.2206783,1,1.2206783,1,1.2206783,1,0.0,0,3.6066465,1,2.1002803,1,0.0,0,2.8750553,1,0.0,0,1.2206783,1,0.0,0,3.8875198,1,0.0,0,0.0,0,2.1002803,1,1.2206783,1,0.0,0
TAATGCCTCGTCTC-1,2,1669,1.9700925,0.0,0,2.9956255,1,1.2163162,1,1.2163162,1,1.2163162,1,3.722567,1,1.2163162,1,2.9956255,1,1.2163162,1,0.0,0,1.2163162,1,1.2163162,1,1.2163162,1,0.0,0,2.5551836,1,0.0,0,0.0,0,2.0948472,1,0.0,0,1.2163162,1
TAATGTGAAGATGA-1,0,539,1.4459665,0.0,0,0.0,0,0.0,0,0.0,0,0.0,0,0.0,0,0.0,0,3.8429322,1,0.0,0,0.0,0,2.7862883,1,0.0,0,0.0,0,0.0,0,2.1529648,1,0.0,0,0.0,0,0.0,0,0.0,0,0.0,0
TAATGTGACTGCAA-1,1,942,2.172196,2.5532148,1,3.3550184,1,0.0,0,2.8212473,1,2.5532148,1,3.032413,1,3.9578147,1,5.185849,1,3.4841766,1,0.0,0,5.7462234,1,3.4841766,1,2.8212473,1,4.6025286,1,3.206669,1,1.599276,1,2.5532148,1,4.331253,1,1.599276,1,4.3818884,1
TAATGTGATTACTC-1,2,839,2.8374891,0.0,0,0.0,0,0.0,0,0.0,0,0.0,0,0.0,0,0.0,0,3.1137543,1,0.0,0,0.0,0,3.5669549,1,0.0,0,1.6679097,1,2.2619872,1,3.1137543,1,0.0,0,0.0,0,2.2619872,1,1.6679097,1,0.0,0
TACAAATGGGTACT-1,0,927,2.1986651,0.0,0,0.0,0,0.0,0,2.5484931,1,0.0,0,2.1813827,1,0.0,0,3.3500764,1,1.5951916,1,0.0,0,3.2017555,1,1.5951916,1,1.5951916,1,2.1813827,1,2.8164318,1,0.0,0,0.0,0,3.2017555,1,0.0,0,0.0,0
TACAATGAAAACAG-1,1,796,1.60401,2.7754056,1,2.7754056,1,0.0,0,3.436895,1,3.2609856,1,1.7942638,1,0.0,0,5.3548484,1,1.7942638,1,2.4006271,1,6.3415933,1,3.047384,1,3.047384,1,3.2609856,1,3.8315806,1,0.0,0,2.4006271,1,4.1926136,1,1.7942638,1,3.9347713,1
TACAATGACTTAGG-1,0,734,1.6940452,0.0,0,0.0,0,0.0,0,0.0,0,1.8146205,1,0.0,0,0.0,0,4.2166166,1,0.0,0,0.0,0,3.6101398,1,0.0,0,0.0,0,1.8146205,1,2.422809,1,0.0,0,0.0,0,2.798271,1,0.0,0,0.0,0
TACAATGATGCTAG-1,2,831,3.2846715,0.0,0,0.0,0,0.0,0,0.0,0,0.0,0,2.2094057,1,0.0,0,3.6242435,1,2.577596,1,0.0,0,3.232025,1,0.0,0,0.0,0,0.0,0,2.2094057,1,0.0,0,0.0,0,3.5097888,1,0.0,0,0.0,0
TACACACTCACACA-1,0,967,2.3017902,0.0,0,0.0,0,0.0,0,0.0,0,0.0,0,2.359985,1,0.0,0,2.6237786,1,1.4343536,1,0.0,0,1.4343536,1,1.4343536,1,1.4343536,1,0.0,0,2.359985,1,0.0,0,0.0,0,1.4343536,1,0.0,0,0.0,0
TACACACTCTTACT-1,0,620,3.210273,0.0,0,0.0,0,0.0,0,2.2000742,1,0.0,0,0.0,0,0.0,0,4.0462003,1,0.0,0,0.0,0,3.4996157,1,0.0,0,0.0,0,0.0,0,3.4996157,1,0.0,0,0.0,0,4.0462003,1,0.0,0,0.0,0
TACATAGAACGCAT-1,2,814,3.5537562,0.0,0,0.0,0,0.0,0,1.7044618,1,0.0,0,1.7044618,1,0.0,0,3.1566653,1,2.6738229,1,0.0,0,3.1566653,1,1.7044618,1,0.0,0,0.0,0,1.7044618,1,0.0,0,0.0,0,3.480901,1,0.0,0,0.0,0
TACATCACACGGGA-1,0,605,1.6646115,0.0,0,0.0,0,0.0,0,0.0,0,0.0,0,1.9697706,1,0.0,0,2.5906217,1,0.0,0,0.0,0,2.5906217,1,0.0,0,0.0,0,1.9697706,1,1.9697706,1,0.0,0,0.0,0,0.0,0,0.0,0,0.0,0
TACATCACCTGTTT-1,4,1391,3.6887195,3.4640162,1,3.1101081,1,3.6029344,1,3.5358856,1,3.780705,1,3.5358856,1,3.210999,1,5.9069395,1,3.6029344,1,2.5573769,1,5.7682323,1,3.3865786,1,3.3865786,1,3.4640162,1,3.5358856,1,1.2179898,1,2.0969322,1,4.0626693,1,2.3534248,1,3.8837821,1
TACATCACGCTAAC-1,3,655,1.7827299,0.0,0,0.0,0,0.0,0,0.0,0,1.8840891,1,2.8758824,1,0.0,0,3.5404415,1,0.0,0,0.0,0,3.8208473,1,0.0,0,2.4982107,1,0.0,0,3.3639035,1,0.0,0,0.0,0,0.0,0,0.0,0,1.8840891,1
TACATCACTGAACC-1,4,1512,1.2812161,3.74489,1,3.692135,1,3.577462,1,3.577462,1,3.6364412,1,4.052163,1,3.2153916,1,5.685205,1,3.692135,1,2.642158,1,5.5843134,1,3.577462,1,3.9318256,1,3.2990522,1,3.9318256,1,1.1549652,1,2.642158,1,3.8882647,1,1.6766901,1,4.2868795,1
TACCATTGAGGTTC-1,0,625,1.4983714,0.0,0,0.0,0,0.0,0,0.0,0,0.0,0,2.6435726,1,0.0,0,3.300519,1,0.0,0,0.0,0,3.69362,1,0.0,0,0.0,0,0.0,0,0.0,0,0.0,0,0.0,0,0.0,0,0.0,0,0.0,0
TACCATTGCGGGAA-1,1,719,3.0902946,3.226433,1,3.4021163,1,0.0,0,3.0131652,1,4.0784717,1,3.226433,1,2.7417293,1,6.0332346,1,3.8995314,1,2.367985,1,6.2968297,1,2.367985,1,2.367985,1,1.7643762,1,3.4021163,1,1.7643762,1,3.0131652,1,4.0784717,1,1.7643762,1,4.531746,1
TACCATTGGGGATG-1,1,547,2.3157895,2.0822465,1,2.711042,1,0.0,0,2.0822465,1,2.0822465,1,0.0,0,2.0822465,1,5.355048,1,0.0,0,2.711042,1,5.69017,1,2.711042,1,2.0822465,1,3.0941021,1,3.7643309,1,0.0,0,2.0822465,1,4.0462003,1,0.0,0,4.1620383,1
TACCATTGTGAGGG-1,1,864,3.7037036,2.253554,1,1.6602752,1,0.0,0,2.6233833,1,3.4283361,1,0.0,0,0.0,0,4.982687,1,1.6602752,1,0.0,0,5.496608,1,2.253554,1,3.2795777,1,2.6233833,1,3.8684545,1,0.0,0,0.0,0,3.9537234,1,0.0,0,3.1047568,1
TACCGGCTGTTGGT-1,0,902,2.776789,1.5178756,1,0.0,0,0.0,0,1.5178756,1,0.0,0,2.7245853,1,0.0,0,3.1079502,1,0.0,0,0.0,0,2.4585257,1,0.0,0,0.0,0,0.0,0,2.4585257,1,0.0,0,0.0,0,0.0,0,1.5178756,1,0.0,0
TACGAGTGATCTCT-1,0,853,1.857355,0.0,0,0.0,0,0.0,0,2.131728,1,0.0,0,1.5506874,1,0.0,0,3.64145,1,2.131728,1,0.0,0,3.2959468,1,0.0,0,1.5506874,1,0.0,0,2.7637272,1,0.0,0,0.0,0,0.0,0,1.5506874,1,1.5506874,1
TACGAGTGATGCTG-1,1,1143,2.0059636,3.3365636,1,3.1222706,1,1.3116333,1,3.5906882,1,2.2122989,1,2.6783578,1,3.2351463,1,5.596609,1,3.90842,1,2.6783578,1,5.9420443,1,3.428636,1,2.4722376,1,2.2122989,1,3.6628242,1,1.3116333,1,2.4722376,1,4.307172,1,1.8601133,1,4.059699,1
TACGAGTGCGGAGA-1,0,990,1.7218543,0.0,0,0.0,0,1.689535,1,0.0,0,0.0,0,2.285838,1,0.0,0,3.3142502,1,2.285838,1,0.0,0,3.3142502,1,1.689535,1,1.689535,1,0.0,0,2.9268026,1,0.0,0,0.0,0,1.689535,1,0.0,0,0.0,0
TACGAGTGGTTGGT-1,0,858,1.8451846,0.0,0,0.0,0,0.0,0,2.3026752,1,0.0,0,1.7048299,1,0.0,0,3.1570961,1,2.3026752,1,0.0,0,2.9445338,1,0.0,0,0.0,0,2.6742418,1,2.6742418,1,0.0,0,0.0,0,2.6742418,1,0.0,0,0.0,0
TACGATCTAGTGTC-1,0,604,2.7426162,0.0,0,0.0,0,2.0840929,1,2.0840929,1,0.0,0,2.0840929,1,0.0,0,3.7663908,1,2.0840929,1,2.0840929,1,3.0961156,1,0.0,0,0.0,0,0.0,0,2.0840929,1,0.0,0,0.0,0,2.7130108,1,0.0,0,0.0,0
TACGATCTCACTGA-1,1,1291,2.3537803,3.5361168,1,3.1103356,1,0.0,0,3.3868086,1,3.3868086,1,2.9981103,1,2.0971413,1,5.303305,1,3.2112277,1,0.0,0,5.887558,1,2.9981103,1,3.1103356,1,2.9981103,1,3.7809377,1,2.3536403,1,2.3536403,1,4.489706,1,2.3536403,1,3.977454,1
TACGATCTTACGAC-1,2,701,2.787663,1.9360327,1,0.0,0,2.554308,1,0.0,0,0.0,0,1.9360327,1,1.9360327,1,3.4228282,1,1.9360327,1,0.0,0,3.599698,1,0.0,0,0.0,0,1.9360327,1,3.2078066,1,0.0,0,0.0,0,3.2078066,1,0.0,0,0.0,0
TACGCAGACGTCTC-1,3,340,10.416666,0.0,0,0.0,0,0.0,0,0.0,0,0.0,0,0.0,0,0.0,0,3.363634,1,2.7045107,1,0.0,0,4.039325,1,0.0,0,2.7045107,1,0.0,0,0.0,0,0.0,0,0.0,0,2.7045107,1,0.0,0,2.7045107,1
TACGCAGAGAATCC-1,2,859,0.80150867,0.0,0,2.7176223,1,0.0,0,1.7430519,1,0.0,0,1.7430519,1,1.7430519,1,1.7430519,1,2.3446398,1,0.0,0,3.3771966,1,0.0,0,0.0,0,0.0,0,1.7430519,1,0.0,0,1.7430519,1,1.7430519,1,1.7430519,1,0.0,0
TACGCCACATTCCT-1,0,768,0.6100661,0.0,0,0.0,0,0.0,0,0.0,0,0.0,0,1.8064935,1,0.0,0,3.4510775,1,3.275078,1,0.0,0,3.275078,1,0.0,0,1.8064935,1,0.0,0,1.8064935,1,0.0,0,0.0,0,0.0,0,0.0,0,0.0,0
TACGCCACTCCCAC-1,4,1621,3.157497,3.8373632,1,4.0228825,1,3.0823543,1,3.4426155,1,3.4426155,1,3.0823543,1,2.147936,1,5.9284563,1,3.6094034,1,2.8918211,1,6.042579,1,3.0823543,1,3.6094034,1,3.4426155,1,3.4426155,1,1.8984245,1,1.5651891,1,4.9076204,1,1.5651891,1,3.5568388,1
TACGCCACTCCGAA-1,3,715,2.1001616,0.0,0,0.0,0,0.0,0,0.0,0,1.8544104,1,1.8544104,1,0.0,0,3.1158116,1,2.4660518,1,0.0,0,3.6562405,1,2.4660518,1,0.0,0,0.0,0,2.4660518,1,0.0,0,0.0,0,0.0,0,0.0,0,0.0,0
TACGCGCTCTTCTA-1,2,642,5.3595657,0.0,0,0.0,0,0.0,0,2.678863,1,0.0,0,0.0,0,0.0,0,3.337087,1,0.0,0,0.0,0,3.8813539,1,0.0,0,0.0,0,2.0521038,1,2.0521038,1,0.0,0,0.0,0,3.337087,1,2.0521038,1,0.0,0
TACGGAACGCGTTA-1,3,594,2.246377,0.0,0,0.0,0,0.0,0,0.0,0,0.0,0,2.110411,1,0.0,0,3.4014149,1,2.7410505,1,2.110411,1,2.110411,1,0.0,0,2.7410505,1,0.0,0,2.7410505,1,0.0,0,0.0,0,0.0,0,0.0,0,0.0,0
TACGGCCTGGGACA-1,2,783,1.734104,0.0,0,2.6279397,1,2.6279397,1,0.0,0,0.0,0,2.0045304,1,0.0,0,3.6772027,1,2.0045304,1,0.0,0,3.0090346,1,2.0045304,1,0.0,0,2.0045304,1,2.6279397,1,0.0,0,0.0,0,2.0045304,1,0.0,0,0.0,0
TACGGCCTGTCCTC-1,0,419,5.4634147,0.0,0,0.0,0,0.0,0,0.0,0,0.0,0,0.0,0,0.0,0,2.3754728,1,0.0,0,0.0,0,0.0,0,0.0,0,0.0,0,0.0,0,0.0,0,0.0,0,0.0,0,0.0,0,0.0,0,0.0,0
TACGTACTACGGAG-1,0,1608,1.4956455,0.0,0,1.0626187,1,0.0,0,1.5660875,1,0.0,0,2.8928938,1,0.0,0,3.166625,1,1.5660875,1,0.0,0,2.9926975,1,0.0,0,1.0626187,1,1.5660875,1,2.8928938,1,0.0,0,0.0,0,2.782014,1,1.0626187,1,0.0,0
TACGTACTCAGTTG-1,0,927,1.6371534,0.0,0,0.0,0,0.0,0,1.4681346,1,1.4681346,1,0.0,0,0.0,0,2.8738837,1,1.4681346,1,0.0,0,3.436248,1,1.4681346,1,1.4681346,1,2.0389137,1,2.0389137,1,0.0,0,1.4681346,1,2.8738837,1,1.4681346,1,0.0,0
TACGTACTCCCGTT-1,3,740,1.9101703,0.0,0,0.0,0,0.0,0,0.0,0,0.0,0,0.0,0,0.0,0,4.0573034,1,0.0,0,1.8189352,1,3.8604686,1,0.0,0,0.0,0,0.0,0,0.0,0,0.0,0,0.0,0,0.0,0,0.0,0,0.0,0
TACGTTACAGAAGT-1,0,805,1.4184396,0.0,0,0.0,0,0.0,0,1.6924223,1,0.0,0,2.6601107,1,1.6924223,1,2.930153,1,2.2890182,1,1.6924223,1,2.930153,1,0.0,0,0.0,0,1.6924223,1,2.6601107,1,0.0,0,1.6924223,1,3.3176615,1,0.0,0,0.0,0
TACGTTACCAAGCT-1,1,705,2.5279248,2.9251318,1,1.928458,1,0.0,0,1.928458,1,2.9251318,1,2.546142,1,0.0,0,5.10963,1,4.9564853,1,1.928458,1,5.851785,1,1.928458,1,1.928458,1,2.546142,1,3.1993089,1,0.0,0,2.546142,1,4.090821,1,1.928458,1,2.546142,1
TACTAAGAAAGGTA-1,3,491,1.417004,0.0,0,0.0,0,0.0,0,0.0,0,0.0,0,0.0,0,0.0,0,3.943663,1,0.0,0,0.0,0,3.0560234,1,2.4088764,1,0.0,0,0.0,0,3.4456725,1,0.0,0,0.0,0,0.0,0,0.0,0,0.0,0
TACTAAGAATCACG-1,0,514,3.1173093,0.0,0,0.0,0,0.0,0,2.2210417,1,2.2210417,1,0.0,0,0.0,0,3.244574,1,2.858414,1,0.0,0,2.858414,1,0.0,0,0.0,0,0.0,0,0.0,0,0.0,0,0.0,0,2.2210417,1,2.2210417,1,2.2210417,1
TACTAAGATGATGC-1,1,768,2.3068671,3.1132407,1,2.4635901,1,0.0,0,1.8521417,1,2.4635901,1,1.8521417,1,0.0,0,5.3239427,1,2.8402686,1,1.8521417,1,5.918271,1,1.8521417,1,2.8402686,1,3.5037758,1,3.5037758,1,0.0,0,0.0,0,4.2606344,1,0.0,0,4.6356573,1
TACTAAGATTGCGA-1,0,880,1.4896119,0.0,0,0.0,0,0.0,0,2.1799896,1,1.5939398,1,0.0,0,0.0,0,5.0866537,1,2.1799896,1,0.0,0,3.87281,1,0.0,0,0.0,0,0.0,0,2.8149552,1,0.0,0,0.0,0,2.5470455,1,1.5939398,1,1.5939398,1
TACTACACGAGAGC-1,0,993,0.92707044,0.0,0,0.0,0,0.0,0,1.4086025,1,0.0,0,2.3292956,1,1.4086025,1,3.717784,1,0.0,0,0.0,0,3.247342,1,0.0,0,1.4086025,1,1.4086025,1,1.9713649,1,0.0,0,0.0,0,2.9725358,1,1.9713649,1,0.0,0
TACTACACTTACCT-1,0,356,3.733333,0.0,0,0.0,0,0.0,0,0.0,0,0.0,0,0.0,0,0.0,0,3.995138,1,0.0,0,0.0,0,2.662588,1,2.662588,1,2.662588,1,0.0,0,2.662588,1,0.0,0,0.0,0,0.0,0,0.0,0,0.0,0
TACTACTGAACCTG-1,1,748,1.693064,3.5200727,1,2.478969,1,0.0,0,2.478969,1,2.478969,1,2.478969,1,2.478969,1,5.4402866,1,3.1292977,1,0.0,0,6.427275,1,3.1292977,1,0.0,0,3.1292977,1,3.3436532,1,0.0,0,2.478969,1,4.198311,1,0.0,0,4.0189886,1
TACTACTGATGTCG-1,2,993,1.5625,0.0,0,0.0,0,2.6405444,1,0.0,0,0.0,0,2.6405444,1,0.0,0,3.122426,1,0.0,0,0.0,0,2.6405444,1,1.6752777,1,0.0,0,2.2701192,1,2.910235,1,0.0,0,0.0,0,2.910235,1,0.0,0,0.0,0
TACTACTGATTCTC-1,0,801,1.3008813,0.0,0,0.0,0,0.0,0,0.0,0,0.0,0,2.2399416,1,0.0,0,3.090222,1,0.0,0,0.0,0,3.090222,1,1.6479644,1,2.2399416,1,0.0,0,2.2399416,1,0.0,0,0.0,0,1.6479644,1,0.0,0,0.0,0
TACTACTGTATGGC-1,0,843,2.8491032,0.0,0,0.0,0,0.0,0,0.0,0,0.0,0,2.0837848,1,0.0,0,3.0957797,1,1.5079391,1,0.0,0,3.2434466,1,0.0,0,0.0,0,1.5079391,1,2.0837848,1,0.0,0,0.0,0,2.0837848,1,0.0,0,0.0,0
TACTCAACGGTCTA-1,1,1194,1.3900027,2.8362303,1,2.9819674,1,0.0,0,2.6655698,1,3.577332,1,1.8485265,1,1.8485265,1,4.75389,1,2.8362303,1,1.301615,1,5.7746363,1,2.4596667,1,3.221953,1,2.9819674,1,3.4996157,1,0.0,0,2.4596667,1,3.7166991,1,0.0,0,4.0462003,1
TACTCAACTGCTAG-1,3,794,2.9438002,0.0,0,0.0,0,0.0,0,0.0,0,0.0,0,2.2954166,1,0.0,0,3.473518,1,0.0,0,0.0,0,3.9141636,1,2.2954166,1,0.0,0,0.0,0,2.666732,1,0.0,0,0.0,0,0.0,0,0.0,0,0.0,0
TACTCCCTCAGTTG-1,0,606,1.1568123,0.0,0,0.0,0,0.0,0,0.0,0,0.0,0,0.0,0,0.0,0,3.5024219,1,0.0,0,0.0,0,3.5024219,1,2.0067565,1,0.0,0,2.0067565,1,0.0,0,0.0,0,0.0,0,3.5024219,1,2.0067565,1,0.0,0
TACTCTGAATCGAC-1,2,810,1.8126888,0.0,0,2.4056585,1,0.0,0,0.0,0,0.0,0,2.4056585,1,0.0,0,3.4422493,1,0.0,0,0.0,0,3.266306,1,1.7988782,1,0.0,0,0.0,0,3.266306,1,0.0,0,0.0,0,3.836993,1,2.4056585,1,0.0,0
TACTCTGACGAGTT-1,0,882,1.8621236,1.6021183,1,0.0,0,0.0,0,2.1890883,1,0.0,0,2.1890883,1,0.0,0,3.7046385,1,1.6021183,1,0.0,0,3.3584552,1,0.0,0,0.0,0,1.6021183,1,2.1890883,1,0.0,0,0.0,0,2.8245964,1,0.0,0,1.6021183,1
TACTCTGATTGACG-1,3,682,1.5415549,0.0,0,0.0,0,0.0,0,2.042701,1,0.0,0,2.042701,1,0.0,0,3.3266764,1,2.042701,1,0.0,0,2.6688116,1,0.0,0,3.0508938,1,0.0,0,0.0,0,0.0,0,2.042701,1,0.0,0,0.0,0,0.0,0
TACTGGGATCGATG-1,0,1126,1.569448,0.0,0,1.2852985,1,0.0,0,1.2852985,1,1.2852985,1,2.4391234,1,0.0,0,3.3936093,1,1.2852985,1,0.0,0,3.4778178,1,0.0,0,0.0,0,1.2852985,1,2.4391234,1,0.0,0,0.0,0,2.1801057,1,0.0,0,0.0,0
TACTGTTGAAAGCA-1,0,792,1.8081367,0.0,0,1.7959383,1,0.0,0,0.0,0,2.4024532,1,0.0,0,0.0,0,2.4024532,1,1.7959383,1,0.0,0,3.4388385,1,0.0,0,0.0,0,2.4024532,1,2.4024532,1,0.0,0,0.0,0,1.7959383,1,0.0,0,1.7959383,1
TACTGTTGAGGCGA-1,2,829,2.7630806,0.0,0,3.7418625,1,3.199873,1,0.0,0,0.0,0,3.7418625,1,0.0,0,3.4148295,1,1.9289606,1,0.0,0,3.199873,1,0.0,0,1.9289606,1,1.9289606,1,3.5916557,1,0.0,0,0.0,0,3.4148295,1,1.9289606,1,0.0,0
TACTGTTGCTGAAC-1,3,1657,3.1916938,0.0,0,1.0742843,1,0.0,0,2.164654,1,0.0,0,1.5801725,1,0.0,0,3.1004014,1,1.9145212,1,0.0,0,3.5196984,1,1.9145212,1,0.0,0,1.9145212,1,2.6738229,1,0.0,0,0.0,0,1.0742843,1,0.0,0,1.5801725,1
TACTTGACTCCTCG-1,2,786,1.6422286,1.926451,1,0.0,0,0.0,0,1.926451,1,0.0,0,1.926451,1,0.0,0,2.5439775,1,0.0,0,0.0,0,4.3469996,1,1.926451,1,0.0,0,1.926451,1,3.197056,1,0.0,0,0.0,0,1.926451,1,0.0,0,0.0,0
TACTTGACTGGTGT-1,3,610,1.9387116,0.0,0,0.0,0,0.0,0,0.0,0,0.0,0,1.9820799,1,0.0,0,2.603848,1,0.0,0,0.0,0,3.8023143,1,1.9820799,1,0.0,0,0.0,0,3.8023143,1,0.0,0,0.0,0,0.0,0,0.0,0,0.0,0
TACTTTCTTTTGGG-1,2,664,4.1483345,0.0,0,0.0,0,0.0,0,0.0,0,0.0,0,0.0,0,0.0,0,1.9864087,1,1.9864087,1,0.0,0,3.479594,1,0.0,0,0.0,0,0.0,0,0.0,0,0.0,0,0.0,0,2.9891067,1,0.0,0,0.0,0
TAGAAACTAATCGC-1,0,790,1.2228261,0.0,0,0.0,0,0.0,0,0.0,0,0.0,0,1.7103754,1,0.0,0,3.3388333,1,0.0,0,0.0,0,3.7324018,1,1.7103754,1,0.0,0,1.7103754,1,2.6805496,1,0.0,0,0.0,0,1.7103754,1,0.0,0,0.0,0
TAGAAACTGCTTCC-1,1,852,2.351877,2.3091817,1,1.7107468,1,0.0,0,2.9513814,1,0.0,0,2.6809719,1,1.7107468,1,5.0145745,1,3.1640165,1,2.3091817,1,5.592674,1,2.6809719,1,1.7107468,1,1.7107468,1,3.1640165,1,0.0,0,1.7107468,1,3.9291556,1,1.7107468,1,3.6180475,1
TAGAAACTGGGATG-1,2,678,1.3129103,0.0,0,0.0,0,2.7464945,1,0.0,0,0.0,0,2.7464945,1,0.0,0,2.115526,1,2.7464945,1,0.0,0,3.1303434,1,2.115526,1,2.115526,1,2.115526,1,2.7464945,1,0.0,0,0.0,0,3.6235335,1,0.0,0,0.0,0
TAGAATTGCGACAT-1,0,589,2.1239955,0.0,0,0.0,0,0.0,0,1.9086273,1,0.0,0,0.0,0,0.0,0,3.3917909,1,0.0,0,0.0,0,0.0,0,1.9086273,1,0.0,0,0.0,0,0.0,0,0.0,0,0.0,0,1.9086273,1,0.0,0,0.0,0
TAGAATTGTATCGG-1,0,930,2.048417,0.0,0,1.4123495,1,0.0,0,0.0,0,0.0,0,1.4123495,1,0.0,0,2.805053,1,0.0,0,0.0,0,3.5599515,1,0.0,0,0.0,0,0.0,0,2.596922,1,0.0,0,0.0,0,1.4123495,1,0.0,0,0.0,0
TAGACGTGCTTGAG-1,0,690,3.3736155,0.0,0,0.0,0,0.0,0,0.0,0,0.0,0,2.7791758,1,0.0,0,3.0512137,1,0.0,0,0.0,0,5.3102946,1,1.7976167,1,0.0,0,2.7791758,1,0.0,0,0.0,0,0.0,0,3.0512137,1,3.0512137,1,0.0,0
TAGACGTGTCGCTC-1,0,840,1.0026996,0.0,0,0.0,0,0.0,0,1.5803256,1,0.0,0,2.1648247,1,0.0,0,3.183838,1,0.0,0,0.0,0,2.531282,1,0.0,0,0.0,0,2.1648247,1,2.531282,1,0.0,0,0.0,0,0.0,0,0.0,0,0.0,0
TAGAGCACCTTACT-1,3,647,2.0083103,0.0,0,0.0,0,0.0,0,2.0712597,1,0.0,0,0.0,0,0.0,0,3.902855,1,3.0821135,1,0.0,0,3.7520628,1,0.0,0,2.0712597,1,0.0,0,3.358264,1,0.0,0,0.0,0,0.0,0,0.0,0,2.0712597,1
TAGATTGACTTGTT-1,3,622,3.4504392,0.0,0,1.9853241,1,0.0,0,0.0,0,0.0,0,1.9853241,1,0.0,0,1.9853241,1,1.9853241,1,0.0,0,4.052353,1,0.0,0,0.0,0,0.0,0,3.2629168,1,0.0,0,0.0,0,2.6073318,1,0.0,0,0.0,0
TAGATTGAGGCATT-1,2,427,2.2140222,0.0,0,0.0,0,0.0,0,0.0,0,0.0,0,0.0,0,0.0,0,3.6361592,1,0.0,0,0.0,0,2.5889115,1,0.0,0,0.0,0,0.0,0,2.5889115,1,0.0,0,0.0,0,0.0,0,0.0,0,0.0,0
TAGCATCTCAGCTA-1,2,856,1.2352941,1.9294635,1,1.9294635,1,3.2004373,1,0.0,0,0.0,0,3.2004373,1,0.0,0,3.2004373,1,0.0,0,0.0,0,2.9262452,1,0.0,0,0.0,0,1.9294635,1,1.9294635,1,0.0,0,0.0,0,4.350479,1,0.0,0,0.0,0
TAGCATCTCCCTCA-1,0,522,2.636204,0.0,0,0.0,0,0.0,0,2.2810905,1,0.0,0,0.0,0,0.0,0,3.8052557,1,2.9218001,1,0.0,0,2.2810905,1,0.0,0,0.0,0,2.9218001,1,0.0,0,0.0,0,0.0,0,2.9218001,1,0.0,0,0.0,0
TAGCATCTGCTGTA-1,4,1262,2.232635,3.4453163,1,3.6796205,1,3.5296664,1,3.9253118,1,3.9783397,1,3.3531907,1,2.488029,1,5.771716,1,3.6796205,1,1.3242546,1,5.854161,1,3.4453163,1,3.8099928,1,2.8654125,1,3.6074514,1,2.2276616,1,2.8654125,1,4.208048,1,0.0,0,3.6074514,1
TAGCATCTGGGACA-1,0,722,2.029966,0.0,0,0.0,0,0.0,0,0.0,0,0.0,0,0.0,0,0.0,0,3.0131652,1,1.7643762,1,0.0,0,3.551498,1,1.7643762,1,0.0,0,0.0,0,3.226433,1,0.0,0,0.0,0,1.7643762,1,0.0,0,0.0,0
TAGCATCTTGTCGA-1,0,641,1.4831717,1.9027799,1,0.0,0,0.0,0,0.0,0,1.9027799,1,1.9027799,1,0.0,0,3.561814,1,0.0,0,0.0,0,2.8966587,1,1.9027799,1,0.0,0,0.0,0,1.9027799,1,0.0,0,0.0,0,0.0,0,0.0,0,1.9027799,1
TAGCCCACAAAAGC-1,0,997,1.3274336,0.0,0,0.0,0,0.0,0,0.0,0,0.0,0,2.6137557,1,0.0,0,3.3831353,1,1.9913083,1,0.0,0,2.6137557,1,0.0,0,0.0,0,2.8221393,1,0.0,0,0.0,0,0.0,0,4.210848,1,0.0,0,0.0,0
TAGCCCACAGCCAT-1,2,983,2.211411,1.6906164,1,0.0,0,0.0,0,0.0,0,0.0,0,2.658052,1,0.0,0,3.4644773,1,2.287029,1,0.0,0,3.59409,1,1.6906164,1,0.0,0,0.0,0,2.287029,1,0.0,0,0.0,0,3.59409,1,0.0,0,2.287029,1
TAGCCCACAGCTAC-1,2,1099,2.9018884,0.0,0,1.7238683,1,3.5038505,1,0.0,0,0.0,0,2.6958776,1,0.0,0,2.9665449,1,0.0,0,0.0,0,1.7238683,1,0.0,0,1.7238683,1,1.7238683,1,2.9665449,1,0.0,0,0.0,0,2.9665449,1,1.7238683,1,0.0,0
TAGCCCACCCACAA-1,0,607,2.2155085,1.7980369,1,0.0,0,0.0,0,0.0,0,0.0,0,1.7980369,1,0.0,0,3.4412735,1,0.0,0,0.0,0,3.9392068,1,1.7980369,1,0.0,0,0.0,0,2.779648,1,0.0,0,0.0,0,1.7980369,1,0.0,0,0.0,0
TAGCCCTGCGGAGA-1,2,704,4.892368,1.7744708,1,0.0,0,0.0,0,0.0,0,0.0,0,1.7744708,1,0.0,0,1.7744708,1,0.0,0,0.0,0,3.4138818,1,0.0,0,1.7744708,1,0.0,0,3.0247393,1,0.0,0,0.0,0,2.7531178,1,1.7744708,1,0.0,0
TAGCCGCTTACGAC-1,0,947,1.2517883,1.5217818,1,0.0,0,0.0,0,1.5217818,1,0.0,0,1.5217818,1,0.0,0,2.7292583,1,0.0,0,0.0,0,3.1127274,1,0.0,0,0.0,0,0.0,0,2.7292583,1,0.0,0,0.0,0,2.099337,1,0.0,0,0.0,0
TAGCCGCTTACTTC-1,2,886,1.7383747,0.0,0,0.0,0,0.0,0,1.6763368,1,0.0,0,0.0,0,0.0,0,3.2986336,1,1.6763368,1,0.0,0,3.9731414,1,1.6763368,1,0.0,0,1.6763368,1,2.6417544,1,0.0,0,0.0,0,3.447494,1,2.2712877,1,0.0,0
TAGCCGCTTTCCAT-1,1,1062,2.2515762,2.7735267,1,3.6118915,1,0.0,0,3.5273316,1,3.8296201,1,2.3034856,1,2.3034856,1,5.6031156,1,3.5273316,1,1.3870448,1,5.775549,1,3.6118915,1,3.0919974,1,4.3704357,1,3.5273316,1,1.3870448,1,1.9467678,1,3.7621775,1,0.0,0,3.952225,1
TAGCTACTGAATAG-1,3,659,1.1550152,0.0,0,0.0,0,0.0,0,0.0,0,0.0,0,1.9571365,1,0.0,0,3.6236517,1,0.0,0,0.0,0,3.231441,1,0.0,0,1.9571365,1,0.0,0,2.5770342,1,0.0,0,0.0,0,0.0,0,0.0,0,0.0,0
TAGCTACTGTAGCT-1,0,995,1.2692968,0.0,0,0.0,0,0.0,0,0.0,0,2.0619218,1,2.4240587,1,0.0,0,3.6567655,1,1.4885197,1,0.0,0,3.071915,1,1.4885197,1,1.4885197,1,0.0,0,2.4240587,1,0.0,0,0.0,0,1.4885197,1,0.0,0,0.0,0
TAGCTACTTTTGCT-1,2,492,2.6876738,0.0,0,0.0,0,0.0,0,0.0,0,0.0,0,2.3298538,1,0.0,0,3.3613927,1,0.0,0,0.0,0,2.3298538,1,0.0,0,0.0,0,0.0,0,2.9731224,1,0.0,0,0.0,0,2.3298538,1,0.0,0,0.0,0
TAGGACTGTGCTGA-1,0,754,2.9842014,0.0,0,0.0,0,0.0,0,1.9249493,1,0.0,0,2.5423577,1,1.9249493,1,3.1953697,1,0.0,0,0.0,0,3.4102893,1,1.9249493,1,0.0,0,1.9249493,1,1.9249493,1,0.0,0,0.0,0,3.4102893,1,1.9249493,1,0.0,0
TAGGAGCTAAGGCG-1,3,676,3.091266,1.7760994,1,0.0,0,0.0,0,0.0,0,0.0,0,2.3807993,1,0.0,0,2.3807993,1,1.7760994,1,0.0,0,4.092364,1,1.7760994,1,1.7760994,1,0.0,0,3.0266051,1,0.0,0,0.0,0,0.0,0,0.0,0,2.3807993,1
TAGGAGCTGAGGGT-1,0,837,1.8489984,0.0,0,0.0,0,0.0,0,0.0,0,1.5794075,1,1.5794075,1,0.0,0,3.4599893,1,2.163801,1,0.0,0,2.5302176,1,0.0,0,0.0,0,0.0,0,2.163801,1,0.0,0,0.0,0,2.7977884,1,0.0,0,0.0,0
TAGGAGCTTGCATG-1,3,532,0.7738607,0.0,0,0.0,0,0.0,0,0.0,0,0.0,0,0.0,0,0.0,0,3.2898855,1,0.0,0,0.0,0,2.2631438,1,0.0,0,0.0,0,0.0,0,2.902878,1,0.0,0,0.0,0,2.2631438,1,0.0,0,0.0,0
TAGGCAACCGTCTC-1,3,598,1.7149616,0.0,0,0.0,0,0.0,0,1.9340053,1,0.0,0,2.9312727,1,0.0,0,3.8782032,1,1.9340053,1,0.0,0,3.5973933,1,1.9340053,1,1.9340053,1,0.0,0,2.9312727,1,0.0,0,0.0,0,0.0,0,0.0,0,0.0,0
TAGGCATGCTCTCG-1,5,1274,1.3522215,0.0,0,1.4419492,1,0.0,0,0.0,0,0.0,0,2.0092688,1,0.0,0,5.070272,1,1.4419492,1,1.4419492,1,3.403208,1,2.3690088,1,2.3690088,1,1.4419492,1,3.0142393,1,0.0,0,2.6330194,1,0.0,0,0.0,0,3.403208,1
TAGGCATGGCGAGA-1,2,921,1.2068248,0.0,0,1.641556,1,0.0,0,2.6019185,1,1.641556,1,2.2328486,1,0.0,0,2.6019185,1,0.0,0,0.0,0,2.870894,1,0.0,0,1.641556,1,0.0,0,3.7526045,1,0.0,0,0.0,0,2.870894,1,0.0,0,0.0,0
TAGGCTGATGCCTC-1,1,700,1.4634147,3.4501908,1,3.234951,1,0.0,0,2.9603043,1,3.4501908,1,1.9602752,1,1.9602752,1,5.7818785,1,2.9603043,1,0.0,0,5.922056,1,2.9603043,1,3.6272085,1,3.6272085,1,3.6272085,1,0.0,0,1.9602752,1,4.707935,1,0.0,0,3.6272085,1
TAGGGACTGAACTC-1,2,828,2.7618551,0.0,0,2.8123772,1,2.436501,1,1.8272045,1,0.0,0,3.624751,1,0.0,0,2.8123772,1,0.0,0,0.0,0,1.8272045,1,2.8123772,1,1.8272045,1,1.8272045,1,2.436501,1,0.0,0,0.0,0,3.9733973,1,0.0,0,0.0,0
TAGGTCGACACTGA-1,0,828,2.1871204,0.0,0,0.0,0,0.0,0,1.6197572,1,0.0,0,1.6197572,1,1.6197572,1,3.2312462,1,0.0,0,0.0,0,3.379737,1,0.0,0,2.208684,1,0.0,0,2.8453426,1,0.0,0,0.0,0,0.0,0,0.0,0,1.6197572,1
TAGGTCGAGGATCT-1,3,543,2.047502,0.0,0,0.0,0,2.2181168,1,2.2181168,1,0.0,0,0.0,0,0.0,0,3.5192776,1,0.0,0,0.0,0,2.2181168,1,0.0,0,2.2181168,1,0.0,0,2.8553212,1,0.0,0,0.0,0,0.0,0,0.0,0,0.0,0
TAGGTGACACACTG-1,0,815,3.6664991,1.7955194,1,0.0,0,0.0,0,1.7955194,1,0.0,0,1.7955194,1,0.0,0,3.7179725,1,1.7955194,1,0.0,0,3.7179725,1,0.0,0,0.0,0,1.7955194,1,2.4019961,1,0.0,0,0.0,0,3.7179725,1,0.0,0,0.0,0
TAGGTGACACGTTG-1,3,709,3.8644786,0.0,0,0.0,0,0.0,0,0.0,0,0.0,0,2.8267117,1,0.0,0,3.3135695,1,0.0,0,0.0,0,4.246435,1,1.8400114,1,1.8400114,1,0.0,0,2.4504204,1,0.0,0,0.0,0,0.0,0,0.0,0,0.0,0
TAGGTGTGTTCTGT-1,0,842,3.012746,0.0,0,0.0,0,0.0,0,0.0,0,0.0,0,0.0,0,0.0,0,2.5327032,1,1.916002,1,0.0,0,3.9729993,1,1.916002,1,0.0,0,0.0,0,2.91133,1,0.0,0,0.0,0,0.0,0,0.0,0,0.0,0
TAGGTTCTGAAGGC-1,0,1200,1.8931901,0.0,0,0.0,0,0.0,0,1.341939,1,1.8950546,1,0.0,0,0.0,0,3.2748063,1,2.5100725,1,0.0,0,2.2491176,1,0.0,0,1.341939,1,1.341939,1,1.8950546,1,0.0,0,0.0,0,2.71683,1,0.0,0,0.0,0
TAGGTTCTTCTTAC-1,4,1126,2.4645717,3.7877424,1,3.8552241,1,2.798078,1,3.9778938,1,4.396274,1,3.9778938,1,3.1169891,1,5.873527,1,3.7877424,1,2.5900514,1,6.410627,1,2.798078,1,3.8552241,1,3.8552241,1,3.9778938,1,2.3270671,1,2.798078,1,4.396274,1,3.637359,1,3.9778938,1
TAGGTTCTTGCTGA-1,1,1327,1.8119749,2.1842928,1,2.1842928,1,0.0,0,3.2049022,1,2.9651105,1,1.8335797,1,1.2887149,1,4.8031483,1,3.0921767,1,2.4434319,1,5.459172,1,2.6490505,1,3.2049022,1,3.821618,1,3.5600677,1,1.2887149,1,2.1842928,1,4.20025,1,1.2887149,1,3.9808476,1
TAGTAAACCTCGCT-1,0,849,1.9057893,0.0,0,1.5251491,1,0.0,0,0.0,0,0.0,0,1.5251491,1,0.0,0,2.9433408,1,0.0,0,0.0,0,2.7332835,1,1.5251491,1,0.0,0,0.0,0,1.5251491,1,0.0,0,0.0,0,0.0,0,0.0,0,1.5251491,1
TAGTAAACGTCACA-1,0,1160,2.125556,1.2453133,1,0.0,0,0.0,0,1.2453133,1,0.0,0,2.1308556,1,0.0,0,3.4238806,1,1.7830627,1,0.0,0,2.907893,1,0.0,0,0.0,0,1.2453133,1,1.7830627,1,0.0,0,0.0,0,3.147002,1,1.2453133,1,1.2453133,1
TAGTAATGAGATCC-1,0,707,0.82690185,0.0,0,0.0,0,0.0,0,0.0,0,0.0,0,0.0,0,0.0,0,3.5296664,1,0.0,0,0.0,0,4.0286965,1,0.0,0,0.0,0,0.0,0,0.0,0,0.0,0,0.0,0,2.488029,1,0.0,0,0.0,0
TAGTACCTAAGAAC-1,1,675,1.8641009,2.9465256,1,2.5669825,1,0.0,0,3.4361186,1,2.9465256,1,1.9477983,1,0.0,0,4.892535,1,1.9477983,1,1.9477983,1,6.4107275,1,3.613061,1,3.613061,1,2.9465256,1,3.2209902,1,0.0,0,1.9477983,1,4.2068624,1,0.0,0,4.1130404,1
TAGTATGATCTTAC-1,3,709,3.055101,1.8649383,1,0.0,0,0.0,0,0.0,0,0.0,0,3.1277316,1,0.0,0,3.66839,1,0.0,0,0.0,0,3.342073,1,1.8649383,1,1.8649383,1,0.0,0,1.8649383,1,0.0,0,0.0,0,2.4774687,1,1.8649383,1,0.0,0
TAGTATGATTCTCA-1,0,990,2.0250149,0.0,0,0.0,0,0.0,0,2.7659574,1,0.0,0,2.2962198,1,0.0,0,3.4271412,1,2.2962198,1,0.0,0,2.7659574,1,0.0,0,1.3809929,1,1.3809929,1,2.2962198,1,0.0,0,0.0,0,2.9377377,1,1.3809929,1,0.0,0
TAGTCTTGGCTGTA-1,0,270,0.0,0.0,0,0.0,0,0.0,0,0.0,0,0.0,0,2.7934585,1,0.0,0,2.7934585,1,0.0,0,0.0,0,0.0,0,0.0,0,0.0,0,0.0,0,0.0,0,0.0,0,0.0,0,0.0,0,0.0,0,0.0,0
TAGTCTTGGGACTT-1,0,445,1.6931217,3.1004934,1,2.451389,1,0.0,0,0.0,0,0.0,0,0.0,0,0.0,0,2.451389,1,0.0,0,0.0,0,2.451389,1,0.0,0,0.0,0,0.0,0,2.451389,1,0.0,0,0.0,0,2.451389,1,2.451389,1,0.0,0
TAGTCTTGTGGAAA-1,2,892,3.5342093,0.0,0,0.0,0,0.0,0,0.0,0,0.0,0,1.7107468,1,0.0,0,2.3091817,1,2.3091817,1,0.0,0,4.4673867,1,1.7107468,1,1.7107468,1,1.7107468,1,3.3392706,1,0.0,0,0.0,0,3.3392706,1,0.0,0,0.0,0
TAGTGGTGAAGTGA-1,2,1040,3.5892322,0.0,0,2.7711837,1,2.7711837,1,1.7905107,1,0.0,0,3.4325368,1,1.7905107,1,3.2566555,1,0.0,0,0.0,0,3.4325368,1,1.7905107,1,0.0,0,2.3965328,1,3.4325368,1,0.0,0,0.0,0,2.7711837,1,0.0,0,0.0,0
TAGTTAGAACCACA-1,2,832,1.5544041,0.0,0,2.5279164,1,3.395127,1,0.0,0,0.0,0,2.9064126,1,0.0,0,3.1803327,1,2.9064126,1,0.0,0,3.7219713,1,2.5279164,1,0.0,0,0.0,0,2.9064126,1,0.0,0,0.0,0,3.5718436,1,0.0,0,0.0,0
TAGTTAGATGAACC-1,0,815,1.5336039,0.0,0,0.0,0,0.0,0,2.6771798,1,0.0,0,1.7074122,1,0.0,0,2.947523,1,1.7074122,1,0.0,0,3.6140854,1,0.0,0,0.0,0,0.0,0,2.6771798,1,0.0,0,0.0,0,1.7074122,1,0.0,0,1.7074122,1
TATAAGACAACAGA-1,2,437,4.887984,0.0,0,0.0,0,0.0,0,2.4144216,1,0.0,0,0.0,0,0.0,0,2.4144216,1,2.4144216,1,0.0,0,2.4144216,1,0.0,0,0.0,0,0.0,0,0.0,0,0.0,0,2.4144216,1,3.9496367,1,0.0,0,2.4144216,1
TATAAGACAGCTCA-1,4,1401,2.192771,4.2621703,1,3.7938209,1,3.6788473,1,3.3155668,1,4.1545954,1,3.6159909,1,3.1229334,1,5.385087,1,4.4478035,1,2.1087134,1,5.688095,1,3.0106387,1,3.0106387,1,3.0106387,1,3.6159909,1,1.2274584,1,3.1229334,1,4.2621703,1,2.569763,1,3.8969278,1
TATAAGTGACACCA-1,4,1341,4.307692,3.7387805,1,3.069138,1,3.6086411,1,3.8539176,1,3.5366147,1,3.458995,1,1.2712812,1,5.7971926,1,3.1817455,1,1.8133311,1,5.599787,1,3.9068687,1,3.5366147,1,3.069138,1,4.176469,1,2.6266298,1,2.942222,1,3.6758263,1,1.2712812,1,2.7968245,1
TATAAGTGTATCGG-1,1,480,1.6443988,3.0706072,1,3.0706072,1,0.0,0,2.422809,1,2.422809,1,2.422809,1,0.0,0,5.044472,1,0.0,0,0.0,0,5.7343917,1,2.422809,1,3.7402844,1,2.422809,1,4.1378026,1,2.422809,1,2.422809,1,3.4604871,1,0.0,0,4.1378026,1
TATAAGTGTGGTGT-1,4,1517,2.4424994,3.9490376,1,3.823829,1,3.384249,1,3.9090183,1,4.307774,1,3.5135334,1,3.5135334,1,5.2269444,1,3.7783487,1,2.7244427,1,6.226108,1,3.3127453,1,3.384249,1,3.7783487,1,3.7783487,1,1.9609746,1,1.9609746,1,4.0947957,1,2.961076,1,4.128142,1
TATACAGAACCCTC-1,2,704,2.3785424,0.0,0,0.0,0,0.0,0,1.8022528,1,0.0,0,0.0,0,0.0,0,1.8022528,1,0.0,0,0.0,0,3.4461627,1,0.0,0,0.0,0,2.409337,1,2.784386,1,0.0,0,0.0,0,3.4461627,1,0.0,0,0.0,0
TATACAGAAGAACA-1,0,622,1.5643803,2.5675378,1,0.0,0,0.0,0,0.0,0,0.0,0,0.0,0,0.0,0,1.948314,1,0.0,0,0.0,0,2.5675378,1,0.0,0,1.948314,1,0.0,0,0.0,0,0.0,0,0.0,0,0.0,0,0.0,0,0.0,0
TATACAGATCCAGA-1,0,823,1.8230325,0.0,0,0.0,0,0.0,0,2.2922113,1,0.0,0,2.2922113,1,0.0,0,3.1459608,1,0.0,0,0.0,0,1.6953217,1,0.0,0,1.6953217,1,0.0,0,2.933516,1,0.0,0,0.0,0,2.933516,1,0.0,0,0.0,0
TATACCACCTGATG-1,3,731,3.397566,0.0,0,0.0,0,1.803946,1,0.0,0,0.0,0,1.803946,1,0.0,0,3.2721448,1,0.0,0,0.0,0,4.204041,1,0.0,0,2.4111824,1,0.0,0,2.4111824,1,0.0,0,0.0,0,0.0,0,0.0,0,0.0,0
TATACGCTACCAAC-1,0,781,1.4925373,0.0,0,0.0,0,0.0,0,2.3353148,1,0.0,0,0.0,0,0.0,0,3.5164435,1,0.0,0,0.0,0,0.0,0,0.0,0,0.0,0,2.707988,1,2.3353148,1,0.0,0,0.0,0,3.646255,1,0.0,0,1.7345462,1
TATAGATGGACGGA-1,0,849,1.4367816,0.0,0,0.0,0,0.0,0,3.392809,1,0.0,0,0.0,0,0.0,0,3.217188,1,1.7564029,1,0.0,0,1.7564029,1,1.7564029,1,0.0,0,1.7564029,1,1.7564029,1,0.0,0,0.0,0,1.7564029,1,0.0,0,0.0,0
TATAGATGTTCCGC-1,4,1209,3.1506848,4.1596365,1,3.6731868,1,0.0,0,5.0921073,1,4.022214,1,3.9188418,1,2.8591888,1,4.8662853,1,3.7404852,1,2.4819784,1,6.163804,1,3.6010303,1,2.4819784,1,3.6731868,1,4.2417684,1,2.688265,1,2.4819784,1,4.629135,1,0.0,0,3.8035388,1
TATCACTGACTGTG-1,1,511,5.508146,3.6843662,1,2.8050528,1,0.0,0,2.1706495,1,3.190144,1,0.0,0,0.0,0,5.1001315,1,3.4674811,1,2.1706495,1,5.859015,1,2.1706495,1,2.1706495,1,3.4674811,1,3.8624935,1,0.0,0,2.1706495,1,4.0136375,1,0.0,0,3.190144,1
TATCCAACCAGCTA-1,1,472,1.4897579,2.97665,1,2.33321,1,0.0,0,3.3649814,1,2.33321,1,0.0,0,0.0,0,6.240479,1,3.8618855,1,0.0,0,6.125205,1,2.97665,1,2.97665,1,2.33321,1,4.323972,1,0.0,0,2.33321,1,5.3271074,1,0.0,0,3.6439853,1
TATCCAACTCTCTA-1,2,838,2.7369487,0.0,0,0.0,0,0.0,0,0.0,0,0.0,0,3.0584378,1,0.0,0,3.2721448,1,0.0,0,0.0,0,3.0584378,1,2.4111824,1,0.0,0,1.803946,1,1.803946,1,0.0,0,0.0,0,3.2721448,1,2.4111824,1,1.803946,1
TATCGACTACTAGC-1,2,643,2.503383,0.0,0,0.0,0,0.0,0,0.0,0,0.0,0,2.0497425,1,2.6763394,1,3.5504646,1,0.0,0,0.0,0,2.6763394,1,0.0,0,0.0,0,0.0,0,2.0497425,1,0.0,0,0.0,0,2.6763394,1,0.0,0,0.0,0
TATCGACTCGATAC-1,4,1101,2.6023486,3.7440739,1,3.2732437,1,3.3868086,1,3.8840156,1,2.9981103,1,4.062903,1,2.8257158,1,6.1477556,1,3.488782,1,3.1451097,1,5.821589,1,1.9945923,1,2.9981103,1,3.488782,1,4.533282,1,1.9945923,1,1.4290193,1,4.1160645,1,2.61728,1,4.006756,1
TATCGTACAGATGA-1,2,879,2.5171626,0.0,0,0.0,0,0.0,0,1.7185899,1,0.0,0,0.0,0,0.0,0,2.6898847,1,2.960449,1,0.0,0,3.1731791,1,1.7185899,1,1.7185899,1,0.0,0,2.6898847,1,0.0,0,0.0,0,3.4976165,1,0.0,0,1.7185899,1
TATCGTACATTCCT-1,1,895,2.4096384,2.6329195,1,3.4382827,1,0.0,0,3.8785193,1,3.6824338,1,1.668608,1,2.902471,1,5.9621134,1,3.1145766,1,0.0,0,5.652894,1,3.1145766,1,2.902471,1,3.2894711,1,3.9638057,1,0.0,0,2.262758,1,4.6878505,1,0.0,0,5.0496764,1
TATCTCGAGAGATA-1,0,408,1.362862,0.0,0,0.0,0,0.0,0,2.2539356,1,0.0,0,2.8931623,1,0.0,0,2.8931623,1,0.0,0,0.0,0,2.2539356,1,0.0,0,0.0,0,0.0,0,0.0,0,0.0,0,0.0,0,2.8931623,1,0.0,0,0.0,0
TATCTGACAGGTTC-1,2,832,2.4894068,0.0,0,0.0,0,0.0,0,0.0,0,0.0,0,2.8267117,1,0.0,0,2.8267117,1,1.8400114,1,0.0,0,3.3135695,1,0.0,0,0.0,0,0.0,0,2.8267117,1,0.0,0,0.0,0,2.4504204,1,0.0,0,0.0,0
TATCTGACTGTTTC-1,2,845,1.2772352,0.0,0,0.0,0,0.0,0,2.775288,1,0.0,0,2.775288,1,0.0,0,3.1597571,1,0.0,0,1.5604184,1,2.775288,1,1.5604184,1,0.0,0,1.5604184,1,1.5604184,1,0.0,0,0.0,0,1.5604184,1,0.0,0,0.0,0
TATCTTCTAAACAG-1,0,928,2.0648968,0.0,0,1.4536465,1,0.0,0,0.0,0,0.0,0,2.6472206,1,0.0,0,3.4179955,1,0.0,0,0.0,0,2.8560932,1,1.4536465,1,0.0,0,0.0,0,2.38288,1,0.0,0,0.0,0,1.4536465,1,0.0,0,0.0,0
TATGAATGGAGGAC-1,2,920,1.0329562,1.7801871,1,0.0,0,2.3852644,1,0.0,0,0.0,0,3.4205358,1,0.0,0,1.7801871,1,1.7801871,1,0.0,0,3.031286,1,0.0,0,0.0,0,0.0,0,1.7801871,1,0.0,0,0.0,0,3.4205358,1,0.0,0,0.0,0
TATGAATGTTTGCT-1,4,1269,2.577181,4.553453,1,3.7200985,1,4.0953507,1,3.4187164,1,3.8424067,1,4.001704,1,2.4628532,1,5.6354847,1,3.7200985,1,0.0,0,5.6161366,1,2.985275,1,2.6688116,1,3.1124706,1,4.139078,1,1.8514625,1,1.3041521,1,4.6084533,1,1.3041521,1,3.3266764,1
TATGCGGATAACCG-1,0,652,3.350328,0.0,0,0.0,0,0.0,0,3.1289496,1,0.0,0,2.114244,1,0.0,0,3.4056304,1,2.114244,1,0.0,0,4.0820456,1,0.0,0,0.0,0,0.0,0,3.6221147,1,0.0,0,0.0,0,3.4056304,1,2.114244,1,0.0,0
TATGGGTGCATCAG-1,2,1463,1.1827654,0.0,0,2.7152476,1,2.7152476,1,0.0,0,0.0,0,3.3747406,1,2.247602,1,1.3406876,1,1.8936149,1,1.3406876,1,2.7152476,1,1.3406876,1,1.8936149,1,0.0,0,3.0326278,1,0.0,0,0.0,0,3.273176,1,0.0,0,1.3406876,1
TATGGGTGCTAGCA-1,3,840,2.3232822,0.0,0,0.0,0,0.0,0,2.762336,1,0.0,0,0.0,0,0.0,0,3.7029004,1,0.0,0,0.0,0,3.5728846,1,0.0,0,1.7826512,1,1.7826512,1,2.762336,1,0.0,0,0.0,0,1.7826512,1,0.0,0,0.0,0
TATGGTCTCTACCC-1,0,706,2.4762907,0.0,0,0.0,0,0.0,0,0.0,0,0.0,0,1.8360126,1,0.0,0,2.446076,1,1.8360126,1,0.0,0,3.3089871,1,1.8360126,1,1.8360126,1,0.0,0,0.0,0,0.0,0,0.0,0,3.3089871,1,0.0,0,0.0,0
TATGTCACGGAACG-1,3,956,2.5479617,0.0,0,0.0,0,0.0,0,1.9459959,1,0.0,0,2.3026752,1,0.0,0,3.218972,1,1.3863693,1,1.3863693,1,3.091138,1,0.0,0,1.3863693,1,1.3863693,1,3.434084,1,0.0,0,0.0,0,1.3863693,1,1.3863693,1,0.0,0
TATGTCACTAACCG-1,1,1219,1.817133,3.2951524,1,2.529509,1,0.0,0,3.5735257,1,3.3967998,1,2.529509,1,3.1819913,1,5.9605827,1,3.913546,1,1.9130434,1,5.4465084,1,2.2680464,1,3.0543716,1,3.3967998,1,2.9080489,1,1.3575954,1,1.3575954,1,3.4890616,1,2.9080489,1,4.439331,1
TATGTCACTTCTCA-1,3,612,2.9538906,0.0,0,0.0,0,0.0,0,0.0,0,0.0,0,0.0,0,0.0,0,3.3979166,1,2.107231,1,0.0,0,5.6699405,1,0.0,0,0.0,0,0.0,0,2.107231,1,0.0,0,0.0,0,0.0,0,0.0,0,0.0,0
TATGTGCTCCGATA-1,1,970,1.6483518,3.07388,1,2.4259367,1,0.0,0,2.4259367,1,3.3499343,1,1.4901154,1,0.0,0,5.132515,1,1.4901154,1,1.4901154,1,6.2473483,1,3.221403,1,3.5660357,1,3.07388,1,3.658773,1,1.4901154,1,1.4901154,1,4.1944094,1,0.0,0,4.3828382,1
TATGTGCTGGATTC-1,0,789,0.83479786,0.0,0,0.0,0,0.0,0,0.0,0,0.0,0,1.6852267,1,0.0,0,2.9218001,1,0.0,0,0.0,0,3.8985407,1,1.6852267,1,0.0,0,0.0,0,1.6852267,1,0.0,0,0.0,0,0.0,0,1.6852267,1,0.0,0
TATTGCTGAAGAAC-1,1,382,3.8509316,5.2971053,1,2.596922,1,0.0,0,2.596922,1,4.144908,1,2.596922,1,0.0,0,5.5192475,1,4.324585,1,2.596922,1,6.1851215,1,3.2521064,1,2.596922,1,0.0,0,3.2521064,1,0.0,0,0.0,0,3.6445901,1,0.0,0,3.6445901,1
TATTGCTGCCGTTC-1,0,533,4.88751,0.0,0,0.0,0,0.0,0,2.1706495,1,0.0,0,2.1706495,1,0.0,0,4.0136375,1,2.1706495,1,0.0,0,3.190144,1,0.0,0,2.1706495,1,0.0,0,0.0,0,0.0,0,0.0,0,0.0,0,0.0,0,0.0,0
TATTGCTGTCTGGA-1,0,627,2.1022456,0.0,0,0.0,0,0.0,0,1.7540283,1,0.0,0,0.0,0,0.0,0,3.0012832,1,1.7540283,1,0.0,0,2.7300396,1,0.0,0,0.0,0,0.0,0,1.7540283,1,0.0,0,0.0,0,0.0,0,0.0,0,0.0,0
TATTGCTGTGCACA-1,2,388,3.0769231,0.0,0,0.0,0,0.0,0,5.1956596,1,0.0,0,0.0,0,0.0,0,2.626154,1,0.0,0,0.0,0,0.0,0,0.0,0,0.0,0,0.0,0,0.0,0,0.0,0,0.0,0,3.2824523,1,0.0,0,0.0,0
TATTTCCTATTGGC-1,1,655,1.892552,3.7781496,1,2.960883,1,1.9607997,1,1.9607997,1,3.2355373,1,3.2355373,1,2.580975,1,5.662736,1,3.4507818,1,0.0,0,5.7441416,1,3.6278026,1,3.908819,1,2.960883,1,3.908819,1,0.0,0,1.9607997,1,4.02437,1,0.0,0,3.7781496,1
TATTTCCTGGAGGT-1,2,1103,1.8101546,0.0,0,2.2862349,1,2.2862349,1,0.0,0,0.0,0,1.6898952,1,0.0,0,3.314676,1,2.2862349,1,0.0,0,2.6572297,1,1.6898952,1,0.0,0,1.6898952,1,1.6898952,1,0.0,0,0.0,0,3.463621,1,0.0,0,0.0,0
TATTTCCTGGTGTT-1,0,782,0.905387,0.0,0,0.0,0,0.0,0,1.7100043,1,0.0,0,0.0,0,1.7100043,1,3.4874637,1,1.7100043,1,1.7100043,1,3.6171656,1,0.0,0,0.0,0,0.0,0,2.9505227,1,0.0,0,1.7100043,1,3.1631486,1,0.0,0,0.0,0
TCAACACTGTTTGG-1,2,1231,2.4231465,0.0,0,3.2705424,1,2.4726515,1,0.0,0,0.0,0,3.1227028,1,0.0,0,3.6157563,1,2.1085014,1,0.0,0,3.3993142,1,0.0,0,1.5299498,1,0.0,0,2.7390177,1,0.0,0,0.0,0,3.1227028,1,0.0,0,0.0,0
TCAAGGACAGCGTT-1,0,617,1.4959724,0.0,0,0.0,0,0.0,0,0.0,0,0.0,0,2.526327,1,0.0,0,3.850784,1,2.526327,1,0.0,0,3.9662015,1,1.9100964,1,1.9100964,1,0.0,0,3.5701647,1,0.0,0,0.0,0,2.526327,1,0.0,0,0.0,0
TCAAGGACATTCTC-1,2,589,1.8062398,0.0,0,2.2210417,1,0.0,0,0.0,0,0.0,0,0.0,0,2.2210417,1,2.858414,1,0.0,0,0.0,0,3.5224621,1,0.0,0,0.0,0,0.0,0,2.858414,1,0.0,0,0.0,0,4.680464,1,2.2210417,1,0.0,0
TCAAGGACGGTGTT-1,1,758,1.0125362,3.0117862,1,3.0117862,1,0.0,0,2.7403724,1,2.3666706,1,2.7403724,1,2.7403724,1,4.8021584,1,3.7950006,1,0.0,0,5.3176227,1,3.0117862,1,3.0117862,1,0.0,0,3.4007142,1,0.0,0,0.0,0,3.4007142,1,3.0117862,1,4.949445,1
TCAATCACACTCTT-1,2,882,2.764761,0.0,0,0.0,0,1.7380133,1,1.7380133,1,1.7380133,1,2.3391168,1,0.0,0,2.3391168,1,1.7380133,1,1.7380133,1,2.7119164,1,2.3391168,1,0.0,0,0.0,0,2.3391168,1,0.0,0,0.0,0,2.3391168,1,0.0,0,0.0,0
TCAATCACAGTCGT-1,4,909,3.2133176,4.259017,1,3.0141778,1,3.4656026,1,4.0117335,1,3.8605952,1,3.6824758,1,2.8032312,1,5.921441,1,3.3365264,1,2.168932,1,5.727118,1,3.4656026,1,3.1882849,1,3.3365264,1,3.579907,1,0.0,0,2.168932,1,4.259017,1,2.168932,1,3.4656026,1
TCACAACTATGTGC-1,0,661,1.9575857,0.0,0,0.0,0,0.0,0,0.0,0,0.0,0,1.8621773,1,0.0,0,2.85147,1,0.0,0,0.0,0,2.4744754,1,1.8621773,1,0.0,0,2.85147,1,1.8621773,1,0.0,0,0.0,0,3.3389208,1,0.0,0,0.0,0
TCACAACTTTGCTT-1,1,558,3.3846154,2.7970655,1,2.1631196,1,0.0,0,3.1819916,1,3.1819916,1,2.1631196,1,2.1631196,1,5.0431967,1,2.7970655,1,2.1631196,1,5.893898,1,3.1819916,1,2.7970655,1,0.0,0,4.0052876,1,0.0,0,0.0,0,4.6158824,1,0.0,0,3.854169,1
TCACATACACTTTC-1,0,947,1.5891473,0.0,0,0.0,0,0.0,0,2.8039594,1,0.0,0,2.1696186,1,0.0,0,3.5806606,1,1.584627,1,0.0,0,3.5806606,1,0.0,0,1.584627,1,1.584627,1,2.8039594,1,0.0,0,0.0,0,2.1696186,1,0.0,0,1.584627,1
TCACATACAGGGTG-1,0,491,1.6625104,0.0,0,0.0,0,0.0,0,0.0,0,2.2321055,1,0.0,0,0.0,0,3.5345,1,0.0,0,0.0,0,2.2321055,1,0.0,0,2.2321055,1,0.0,0,0.0,0,0.0,0,0.0,0,2.2321055,1,0.0,0,0.0,0
TCACCCGAGACGGA-1,1,1386,2.156398,2.8678691,1,2.994273,1,1.2153145,1,3.7769904,1,2.8678691,1,2.723144,1,0.0,0,5.779212,1,2.994273,1,1.7479309,1,5.6951427,1,2.3499854,1,2.5538707,1,3.2989762,1,3.4603338,1,0.0,0,2.0935986,1,4.4307857,1,1.7479309,1,4.0589333,1
TCACCGTGCTCGCT-1,4,1481,3.4965034,3.7508516,1,3.8009694,1,3.304933,1,3.6423867,1,3.5833974,1,4.1655726,1,3.0294108,1,5.5655923,1,3.453827,1,2.6478302,1,5.079337,1,2.2771552,1,3.0294108,1,3.0294108,1,3.979559,1,2.4795702,1,0.0,0,3.979559,1,2.6478302,1,3.8942456,1
TCACCTCTACGACT-1,2,823,3.613327,1.7395598,1,0.0,0,0.0,0,0.0,0,0.0,0,2.3408122,1,0.0,0,5.2406535,1,1.7395598,1,0.0,0,3.1976187,1,0.0,0,0.0,0,0.0,0,0.0,0,0.0,0,0.0,0,2.9846382,1,0.0,0,0.0,0
TCACCTCTTCCAAG-1,4,1064,2.567812,4.3431478,1,3.2701945,1,3.2701945,1,4.3890767,1,3.7932312,1,4.0118604,1,2.4723203,1,5.50911,1,2.4723203,1,3.122357,1,5.4943557,1,3.2701945,1,3.87154,1,3.122357,1,4.1348915,1,2.1081836,1,2.4723203,1,4.7284117,1,2.7386794,1,3.2701945,1
TCACGAGAGGAGGT-1,3,681,1.946472,0.0,0,0.0,0,0.0,0,0.0,0,0.0,0,0.0,0,0.0,0,3.905236,1,1.9576588,1,0.0,0,3.6242435,1,0.0,0,1.9576588,1,0.0,0,3.4472418,1,0.0,0,0.0,0,0.0,0,0.0,0,0.0,0
TCACTATGGGGCAA-1,2,652,1.8867924,0.0,0,0.0,0,0.0,0,2.079179,1,0.0,0,2.7077703,1,0.0,0,3.5832274,1,0.0,0,0.0,0,3.7609072,1,0.0,0,0.0,0,2.079179,1,2.079179,1,0.0,0,0.0,0,2.7077703,1,0.0,0,0.0,0
TCACTATGGTTGTG-1,3,363,0.6188119,0.0,0,0.0,0,0.0,0,0.0,0,0.0,0,2.5934799,1,0.0,0,4.1412473,1,0.0,0,0.0,0,4.1412473,1,0.0,0,2.5934799,1,2.5934799,1,2.5934799,1,0.0,0,0.0,0,0.0,0,0.0,0,0.0,0
TCAGACGACGCTAA-1,0,824,1.255955,0.0,0,0.0,0,0.0,0,2.268564,1,0.0,0,1.6738682,1,0.0,0,3.4445534,1,1.6738682,1,0.0,0,3.4445534,1,0.0,0,0.0,0,1.6738682,1,2.6389337,1,0.0,0,0.0,0,3.7916064,1,0.0,0,0.0,0
TCAGACGACGTTAG-1,2,933,1.9136409,0.0,0,2.7554133,1,3.5657017,1,0.0,0,0.0,0,1.7765071,1,0.0,0,3.6956923,1,0.0,0,0.0,0,3.2404768,1,0.0,0,1.7765071,1,2.3812447,1,1.7765071,1,0.0,0,0.0,0,3.2404768,1,1.7765071,1,0.0,0
TCAGAGACTCCAGA-1,0,611,1.4811275,0.0,0,0.0,0,0.0,0,0.0,0,0.0,0,1.7540283,1,0.0,0,0.0,0,0.0,0,1.7540283,1,3.2144322,1,0.0,0,2.3566625,1,0.0,0,2.7300396,1,0.0,0,0.0,0,0.0,0,0.0,0,0.0,0
TCAGCAGACTCCAC-1,0,886,1.0984849,0.0,0,0.0,0,0.0,0,0.0,0,0.0,0,0.0,0,0.0,0,3.3154671,1,1.5666871,1,0.0,0,2.5154562,1,0.0,0,0.0,0,0.0,0,2.7827249,1,0.0,0,0.0,0,2.1496089,1,0.0,0,0.0,0
TCAGCGCTCTAGTG-1,2,806,2.695115,0.0,0,0.0,0,0.0,0,0.0,0,0.0,0,1.8907442,1,1.8907442,1,3.5480583,1,1.8907442,1,0.0,0,3.828519,1,0.0,0,0.0,0,1.8907442,1,0.0,0,0.0,0,0.0,0,3.698089,1,1.8907442,1,0.0,0
TCAGCGCTGGATCT-1,3,531,2.0376177,0.0,0,0.0,0,0.0,0,0.0,0,0.0,0,2.1796417,1,0.0,0,2.1796417,1,0.0,0,0.0,0,4.4690585,1,0.0,0,2.1796417,1,0.0,0,3.199873,1,0.0,0,0.0,0,0.0,0,0.0,0,0.0,0
TCAGCGCTGGTATC-1,2,864,3.0046551,0.0,0,0.0,0,0.0,0,0.0,0,0.0,0,2.6186543,1,0.0,0,2.248991,1,0.0,0,0.0,0,2.887943,1,0.0,0,0.0,0,2.248991,1,3.099886,1,0.0,0,0.0,0,3.099886,1,0.0,0,0.0,0
TCAGGATGAAGTAG-1,0,648,1.2322859,0.0,0,0.0,0,0.0,0,1.971897,1,2.5929074,1,1.971897,1,0.0,0,0.0,0,0.0,0,0.0,0,3.2479362,1,0.0,0,0.0,0,0.0,0,1.971897,1,0.0,0,0.0,0,1.971897,1,0.0,0,0.0,0
TCAGGATGCCTTTA-1,4,1142,2.5944908,4.175648,1,3.3957462,1,3.0069,1,3.6750143,1,3.7531052,1,3.825537,1,2.6258566,1,5.5251336,1,3.956339,1,2.8344188,1,5.82136,1,2.6258566,1,3.0069,1,2.8344188,1,3.0069,1,0.0,0,2.362014,1,4.269561,1,3.893075,1,4.175648,1
TCAGTGGAAGATCC-1,2,736,1.8957347,0.0,0,0.0,0,0.0,0,0.0,0,0.0,0,3.598545,1,1.9350183,1,3.206669,1,0.0,0,0.0,0,3.206669,1,0.0,0,0.0,0,0.0,0,2.9323938,1,0.0,0,0.0,0,3.8793628,1,0.0,0,0.0,0
TCAGTTACCTACGA-1,1,955,2.6806526,2.8061478,1,3.8636343,1,0.0,0,2.5384111,1,2.8061478,1,0.0,0,1.5864792,1,5.1698766,1,2.5384111,1,0.0,0,5.755133,1,3.4686103,1,3.3395205,1,2.1716821,1,3.1912613,1,2.1716821,1,2.5384111,1,3.942061,1,2.1716821,1,3.1912613,1
TCAGTTACTAGAAG-1,0,826,1.2505583,0.0,0,0.0,0,0.0,0,1.6993284,1,0.0,0,1.6993284,1,0.0,0,4.000826,1,0.0,0,0.0,0,2.938161,1,1.6993284,1,1.6993284,1,2.6679792,1,1.6993284,1,0.0,0,0.0,0,3.1506555,1,1.6993284,1,0.0,0
TCATCAACCCGATA-1,0,725,2.2222223,0.0,0,0.0,0,0.0,0,1.6633881,1,0.0,0,2.2569935,1,0.0,0,1.6633881,1,0.0,0,0.0,0,3.7789853,1,0.0,0,0.0,0,0.0,0,2.2569935,1,0.0,0,0.0,0,2.6269472,1,0.0,0,0.0,0
TCATCAACTGTTCT-1,1,1174,2.739388,3.1458187,1,3.0334003,1,1.7820344,1,3.4226847,1,3.246867,1,3.1458187,1,2.3872814,1,6.1589994,1,4.8636055,1,1.2444329,1,6.0659876,1,3.3386347,1,2.7616413,1,3.0334003,1,3.5002146,1,0.0,0,2.3872814,1,4.215324,1,2.3872814,1,3.8701246,1
TCATCATGCAGTTG-1,0,841,1.3513514,0.0,0,0.0,0,0.0,0,1.7063044,1,0.0,0,1.7063044,1,0.0,0,3.1588213,1,0.0,0,0.0,0,3.1588213,1,0.0,0,0.0,0,1.7063044,1,1.7063044,1,0.0,0,0.0,0,2.304297,1,0.0,0,0.0,0
TCATCCCTTACTGG-1,0,1006,1.3761468,1.5106838,1,0.0,0,0.0,0,1.5106838,1,0.0,0,2.0868707,1,1.5106838,1,2.7159727,1,2.0868707,1,0.0,0,3.2468328,1,1.5106838,1,0.0,0,0.0,0,2.4500978,1,0.0,0,0.0,0,3.59177,1,2.4500978,1,0.0,0
TCATTCGATACAGC-1,4,1418,2.979918,3.83657,1,3.967402,1,2.6363223,1,3.7387543,1,3.7888577,1,3.508688,1,3.6860075,1,5.982257,1,4.0830803,1,1.150665,1,5.561586,1,3.2930005,1,3.370182,1,3.7387543,1,4.1188455,1,3.0176232,1,1.150665,1,4.3101277,1,3.8821092,1,4.4950433,1
TCCACGTGGAAACA-1,0,955,1.5932521,0.0,0,0.0,0,0.0,0,0.0,0,1.9815406,1,1.9815406,1,0.0,0,3.3722007,1,2.339964,1,1.4175397,1,2.983747,1,1.4175397,1,0.0,0,0.0,0,1.9815406,1,0.0,0,1.4175397,1,1.9815406,1,2.339964,1,0.0,0
TCCACTCTACACTG-1,0,829,0.6832601,0.0,0,1.7724404,1,0.0,0,2.3768013,1,0.0,0,0.0,0,0.0,0,3.235772,1,1.7724404,1,0.0,0,2.7508283,1,0.0,0,0.0,0,0.0,0,1.7724404,1,0.0,0,0.0,0,3.411517,1,1.7724404,1,0.0,0
TCCACTCTGAGCTT-1,1,1038,2.5109856,3.135139,1,3.3767412,1,0.0,0,2.6076229,1,3.47868,1,2.3442135,1,1.9855951,1,5.7922077,1,3.5711818,1,2.3442135,1,5.648101,1,2.9882112,1,3.5711818,1,2.8159146,1,3.873809,1,1.9855951,1,1.421104,1,3.873809,1,1.9855951,1,4.156283,1
TCCACTCTTACTTC-1,3,632,0.73235685,2.0357234,1,0.0,0,0.0,0,0.0,0,0.0,0,2.0357234,1,0.0,0,3.318944,1,3.318944,1,0.0,0,2.0357234,1,0.0,0,2.0357234,1,0.0,0,2.6613483,1,0.0,0,0.0,0,2.0357234,1,0.0,0,0.0,0
TCCATAACAAAGTG-1,0,750,2.2461815,0.0,0,0.0,0,0.0,0,0.0,0,1.7033585,1,2.6725674,1,0.0,0,3.6092653,1,0.0,0,0.0,0,3.1553743,1,0.0,0,1.7033585,1,0.0,0,1.7033585,1,0.0,0,0.0,0,2.3010566,1,0.0,0,0.0,0
TCCATAACCGTAGT-1,3,846,1.0033444,0.0,0,0.0,0,0.0,0,2.7300396,1,0.0,0,3.390035,1,0.0,0,3.7842004,1,1.7540283,1,0.0,0,3.390035,1,0.0,0,0.0,0,1.7540283,1,3.5393586,1,0.0,0,1.7540283,1,1.7540283,1,0.0,0,0.0,0
TCCATAACGATGAA-1,0,1033,1.6046968,0.0,0,0.0,0,0.0,0,0.0,0,0.0,0,2.8134813,1,0.0,0,2.8134813,1,1.5926906,1,0.0,0,3.6931107,1,1.5926906,1,2.178599,1,0.0,0,2.8134813,1,0.0,0,0.0,0,3.3470483,1,0.0,0,0.0,0
TCCATAACTACGCA-1,0,859,1.7621145,0.0,0,0.0,0,0.0,0,0.0,0,1.6107192,1,2.1986482,1,0.0,0,3.6124759,1,0.0,0,0.0,0,3.0460474,1,0.0,0,0.0,0,0.0,0,2.5664275,1,0.0,0,0.0,0,2.1986482,1,0.0,0,0.0,0
TCCATCCTCCCTAC-1,2,890,2.1393034,0.0,0,0.0,0,2.393362,1,0.0,0,0.0,0,1.7876049,1,1.7876049,1,2.393362,1,0.0,0,1.7876049,1,2.7679136,1,2.393362,1,0.0,0,2.393362,1,2.393362,1,0.0,0,0.0,0,3.5786703,1,0.0,0,0.0,0
TCCCACGATCATTC-1,0,893,1.0622154,0.0,0,0.0,0,0.0,0,1.5672873,1,0.0,0,1.5672873,1,0.0,0,3.1680777,1,0.0,0,0.0,0,1.5672873,1,0.0,0,0.0,0,0.0,0,1.5672873,1,0.0,0,0.0,0,2.7834363,1,1.5672873,1,0.0,0
TCCCATCTCAAAGA-1,1,1030,1.9894311,2.8059287,1,3.9266315,1,0.0,0,3.1249783,1,2.8059287,1,1.9764355,1,3.1249783,1,4.669914,1,2.9781241,1,0.0,0,6.0491533,1,3.3664808,1,3.4683843,1,3.1249783,1,3.4683843,1,0.0,0,1.9764355,1,4.7801523,1,2.3346126,1,3.863406,1
TCCCGAACACAGTC-1,2,913,3.5423927,0.0,0,3.1880991,1,0.0,0,0.0,0,0.0,0,3.5797188,1,0.0,0,3.1880991,1,0.0,0,0.0,0,3.5797188,1,0.0,0,0.0,0,0.0,0,0.0,0,0.0,0,0.0,0,2.5353742,1,0.0,0,0.0,0
TCCCGAACTTCGCC-1,4,1385,2.4162679,4.1084375,1,3.671352,1,3.5414486,1,3.889394,1,3.3921146,1,3.3921146,1,3.3081565,1,6.040162,1,4.026484,1,3.1155827,1,6.334353,1,3.2164981,1,2.8768609,1,2.7320516,1,3.671352,1,2.7320516,1,2.358611,1,4.0683002,1,3.786304,1,3.3081565,1
TCCCGATGAGATCC-1,0,750,2.0868585,0.0,0,0.0,0,0.0,0,0.0,0,0.0,0,1.8945744,1,1.8945744,1,3.5524383,1,2.5095534,1,0.0,0,3.1611989,1,1.8945744,1,0.0,0,2.5095534,1,2.5095534,1,0.0,0,0.0,0,3.3758314,1,1.8945744,1,0.0,0
TCCCGATGCCTGAA-1,1,416,2.0987654,3.9196482,1,2.5911927,1,0.0,0,2.5911927,1,3.6385603,1,0.0,0,0.0,0,6.126411,1,2.5911927,1,0.0,0,5.8833914,1,0.0,0,0.0,0,3.2461548,1,3.6385603,1,2.5911927,1,0.0,0,4.7194905,1,0.0,0,4.3184752,1
TCCCGATGCTGTGA-1,2,740,5.243644,0.0,0,0.0,0,0.0,0,0.0,0,0.0,0,2.4509046,1,0.0,0,3.8855712,1,0.0,0,0.0,0,2.4509046,1,1.8404571,1,2.4509046,1,1.8404571,1,2.4509046,1,0.0,0,0.0,0,3.31408,1,0.0,0,0.0,0
TCCCTACTCAACTG-1,3,703,1.456028,0.0,0,0.0,0,0.0,0,0.0,0,0.0,0,2.5375168,1,0.0,0,3.581981,1,1.9204623,1,0.0,0,3.1903303,1,1.9204623,1,0.0,0,1.9204623,1,2.5375168,1,0.0,0,0.0,0,0.0,0,0.0,0,0.0,0
TCCGAAGACAATCG-1,1,522,1.631913,3.3392706,1,3.6180475,1,0.0,0,3.3392706,1,3.3392706,1,2.3091817,1,2.9513814,1,5.3871903,1,2.9513814,1,0.0,0,5.704396,1,0.0,0,3.3392706,1,2.3091817,1,4.0145273,1,0.0,0,3.6180475,1,4.612424,1,0.0,0,4.297686,1
TCCGAAGACGTTAG-1,0,856,1.7445918,0.0,0,0.0,0,0.0,0,1.501942,1,1.501942,1,1.501942,1,0.0,0,3.3646443,1,1.501942,1,0.0,0,3.3646443,1,1.501942,1,0.0,0,0.0,0,2.077039,1,0.0,0,0.0,0,3.088421,1,0.0,0,0.0,0
TCCGGACTGAGGTG-1,0,914,0.8797654,0.0,0,0.0,0,0.0,0,1.6466103,1,0.0,0,1.6466103,1,0.0,0,4.219945,1,0.0,0,0.0,0,3.6559489,1,0.0,0,2.2384431,1,2.2384431,1,2.8768044,1,0.0,0,0.0,0,3.4119895,1,1.6466103,1,0.0,0
TCCGGACTGTACGT-1,2,742,2.6261587,0.0,0,0.0,0,0.0,0,0.0,0,0.0,0,1.8172061,1,0.0,0,3.0735521,1,0.0,0,0.0,0,4.4844575,1,0.0,0,0.0,0,0.0,0,2.4256234,1,0.0,0,0.0,0,3.7432992,1,1.8172061,1,0.0,0
TCCTAAACATCGAC-1,0,381,0.7838746,0.0,0,0.0,0,0.0,0,3.152583,1,0.0,0,2.5012891,1,0.0,0,2.5012891,1,2.5012891,1,0.0,0,3.152583,1,2.5012891,1,0.0,0,0.0,0,2.5012891,1,0.0,0,0.0,0,0.0,0,0.0,0,0.0,0
TCCTAAACCGAGAG-1,0,1079,2.649804,0.0,0,0.0,0,0.0,0,1.3897543,1,0.0,0,0.0,0,0.0,0,3.3366508,1,0.0,0,1.3897543,1,3.2233024,1,1.9498633,1,2.3067355,1,1.3897543,1,2.3067355,1,0.0,0,1.3897543,1,3.693375,1,0.0,0,1.3897543,1
TCCTAAACCGCATA-1,2,671,2.1645021,0.0,0,2.7376652,1,3.3979166,1,0.0,0,0.0,0,2.7376652,1,0.0,0,3.1213202,1,0.0,0,0.0,0,2.7376652,1,0.0,0,0.0,0,0.0,0,2.107231,1,0.0,0,0.0,0,3.1213202,1,0.0,0,0.0,0
TCCTAATGGTTTGG-1,2,1101,1.6917294,0.0,0,0.0,0,2.775288,1,0.0,0,0.0,0,2.775288,1,0.0,0,2.5081704,1,1.5604184,1,1.5604184,1,2.142607,1,1.5604184,1,2.142607,1,2.142607,1,0.0,0,0.0,0,0.0,0,3.550976,1,1.5604184,1,0.0,0
TCCTACCTGTCGTA-1,0,858,1.0366826,0.0,0,1.6072017,1,0.0,0,2.5623686,1,0.0,0,2.1947396,1,0.0,0,3.4937963,1,0.0,0,0.0,0,3.4937963,1,1.6072017,1,0.0,0,2.830582,1,2.1947396,1,0.0,0,0.0,0,4.040304,1,0.0,0,0.0,0
TCCTATGAAAAGCA-1,2,663,2.2006474,0.0,0,0.0,0,0.0,0,0.0,0,0.0,0,3.0170069,1,0.0,0,3.685376,1,2.635721,1,0.0,0,4.2800426,1,0.0,0,0.0,0,2.0117893,1,2.0117893,1,0.0,0,0.0,0,3.835936,1,2.0117893,1,0.0,0
TCGAATCTCTGGTA-1,2,581,2.3754787,0.0,0,0.0,0,2.7927387,1,0.0,0,0.0,0,0.0,0,0.0,0,3.671585,1,0.0,0,0.0,0,3.4547806,1,0.0,0,0.0,0,2.1590421,1,2.1590421,1,0.0,0,0.0,0,3.671585,1,0.0,0,0.0,0
TCGACCTGCCGATA-1,4,845,1.4726186,4.6273475,1,3.8505588,1,2.695019,1,4.108003,1,3.1784565,1,3.9439337,1,2.9656715,1,5.7491746,1,3.1784565,1,1.7231117,1,5.7780714,1,3.1784565,1,3.3538122,1,3.1784565,1,3.3538122,1,1.7231117,1,1.7231117,1,4.6713743,1,3.3538122,1,4.108003,1
TCGACGCTTCTATC-1,1,881,1.0232192,2.550306,1,2.1831274,1,0.0,0,3.0294108,1,3.5954769,1,1.5967594,1,0.0,0,5.804257,1,3.5954769,1,2.1831274,1,5.8392444,1,2.550306,1,3.2036424,1,3.0294108,1,2.8182807,1,0.0,0,2.550306,1,3.8762734,1,2.8182807,1,4.599406,1
TCGACGCTTTGACG-1,0,823,3.187614,1.7152176,1,0.0,0,1.7152176,1,0.0,0,0.0,0,1.7152176,1,0.0,0,4.098544,1,2.3140957,1,0.0,0,3.6233559,1,0.0,0,0.0,0,2.3140957,1,2.6860538,1,0.0,0,0.0,0,2.6860538,1,0.0,0,1.7152176,1
TCGAGAACGACAGG-1,0,835,4.3269234,1.6113607,1,0.0,0,1.6113607,1,0.0,0,0.0,0,1.6113607,1,0.0,0,3.4988377,1,0.0,0,1.6113607,1,3.4988377,1,1.6113607,1,0.0,0,1.6113607,1,2.835475,1,0.0,0,0.0,0,3.2211826,1,0.0,0,0.0,0
TCGAGAACGTTAGC-1,0,1290,1.5957447,1.3752224,1,0.0,0,0.0,0,2.5513048,1,0.0,0,2.289284,1,0.0,0,2.9304328,1,2.289284,1,0.0,0,2.7587295,1,1.3752224,1,1.3752224,1,0.0,0,2.9304328,1,0.0,0,0.0,0,3.7467566,1,0.0,0,0.0,0
TCGAGCCTATCAGC-1,3,598,2.2162526,0.0,0,0.0,0,0.0,0,0.0,0,0.0,0,0.0,0,0.0,0,3.3286195,1,0.0,0,2.0444553,1,3.872755,1,0.0,0,0.0,0,0.0,0,0.0,0,0.0,0,0.0,0,0.0,0,0.0,0,0.0,0
TCGAGCCTGCGAGA-1,2,1130,2.4405313,0.0,0,0.0,0,0.0,0,0.0,0,1.4088359,1,2.3295746,1,0.0,0,3.1196446,1,1.4088359,1,0.0,0,2.972829,1,0.0,0,1.4088359,1,1.9716308,1,2.5926213,1,0.0,0,0.0,0,3.3610942,1,0.0,0,0.0,0
TCGAGCCTTGTGAC-1,0,793,3.3358893,0.0,0,0.0,0,0.0,0,0.0,0,0.0,0,1.5760522,1,0.0,0,2.7938185,1,0.0,0,0.0,0,3.4558945,1,0.0,0,1.5760522,1,0.0,0,2.526327,1,0.0,0,0.0,0,3.0046492,1,0.0,0,0.0,0
TCGATACTATTCCT-1,0,838,1.367659,0.0,0,0.0,0,1.6145777,1,1.6145777,1,0.0,0,2.5708776,1,0.0,0,3.9765916,1,0.0,0,0.0,0,3.6171656,1,1.6145777,1,0.0,0,0.0,0,2.8392575,1,0.0,0,0.0,0,2.8392575,1,0.0,0,0.0,0
TCGATACTTGCACA-1,0,765,2.1369863,0.0,0,0.0,0,0.0,0,1.868636,1,0.0,0,1.868636,1,1.868636,1,3.522728,1,0.0,0,0.0,0,3.522728,1,0.0,0,0.0,0,0.0,0,1.868636,1,0.0,0,0.0,0,3.6726527,1,0.0,0,1.868636,1
TCGATTTGATGCCA-1,1,768,1.1814746,2.3472013,1,1.7453895,1,0.0,0,2.3472013,1,2.3472013,1,1.7453895,1,0.0,0,3.3799326,1,0.0,0,0.0,0,5.342515,1,2.7202685,1,1.7453895,1,2.7202685,1,4.055908,1,1.7453895,1,0.0,0,4.134618,1,0.0,0,3.5292072,1
TCGATTTGCACTCC-1,0,815,1.0774142,0.0,0,1.6078398,1,0.0,0,0.0,0,0.0,0,1.6078398,1,0.0,0,3.608974,1,0.0,0,0.0,0,3.365367,1,0.0,0,0.0,0,0.0,0,2.1954489,1,0.0,0,0.0,0,1.6078398,1,0.0,0,0.0,0
TCGATTTGCAGCTA-1,2,810,2.3724792,0.0,0,2.554855,1,1.9365404,1,0.0,0,0.0,0,4.193917,1,0.0,0,2.9340777,1,0.0,0,0.0,0,3.423402,1,0.0,0,0.0,0,1.9365404,1,0.0,0,0.0,0,0.0,0,3.423402,1,1.9365404,1,0.0,0
TCGATTTGCCTACC-1,1,912,2.8057868,2.9201388,1,3.3074648,1,0.0,0,1.6837964,1,3.700652,1,2.9201388,1,0.0,0,5.863282,1,2.9201388,1,0.0,0,5.7442956,1,2.6502724,1,3.3074648,1,2.6502724,1,3.456372,1,1.6837964,1,2.6502724,1,4.1336217,1,1.6837964,1,3.456372,1
TCGATTTGTCGTGA-1,3,818,1.8633541,0.0,0,0.0,0,0.0,0,0.0,0,0.0,0,1.5385098,1,0.0,0,3.281043,1,0.0,0,0.0,0,3.281043,1,0.0,0,0.0,0,0.0,0,1.5385098,1,0.0,0,0.0,0,2.1180959,1,0.0,0,0.0,0
TCGCACACCATCAG-1,1,468,7.631874,3.1547294,1,2.5033476,1,0.0,0,0.0,0,3.1547294,1,0.0,0,0.0,0,5.3671136,1,3.5458758,1,2.5033476,1,5.5573564,1,0.0,0,3.1547294,1,3.1547294,1,3.826321,1,0.0,0,0.0,0,3.826321,1,0.0,0,4.625072,1
TCGCAGCTAGATCC-1,2,790,2.383222,0.0,0,0.0,0,0.0,0,0.0,0,0.0,0,2.3545027,1,0.0,0,3.212142,1,2.7278092,1,0.0,0,3.212142,1,0.0,0,0.0,0,2.3545027,1,2.3545027,1,0.0,0,0.0,0,3.7818687,1,0.0,0,0.0,0
TCGCCATGAGACTC-1,0,665,1.7703863,0.0,0,0.0,0,0.0,0,0.0,0,0.0,0,1.8516889,1,0.0,0,2.463099,1,1.8516889,1,0.0,0,3.6530964,1,0.0,0,0.0,0,0.0,0,1.8516889,1,0.0,0,0.0,0,0.0,0,0.0,0,0.0,0
TCGCCATGTGGTCA-1,3,703,1.7699115,0.0,0,0.0,0,0.0,0,0.0,0,0.0,0,1.9913083,1,0.0,0,2.6137557,1,1.9913083,1,0.0,0,3.485096,1,0.0,0,1.9913083,1,0.0,0,1.9913083,1,0.0,0,0.0,0,0.0,0,0.0,0,0.0,0
TCGGACCTAACAGA-1,0,875,1.1340207,0.0,0,0.0,0,0.0,0,2.4262502,1,0.0,0,2.4262502,1,0.0,0,2.901089,1,2.0640206,1,0.0,0,2.4262502,1,1.4903817,1,0.0,0,1.4903817,1,2.901089,1,0.0,0,0.0,0,0.0,0,0.0,0,0.0,0
TCGGACCTATAAGG-1,3,657,1.1695907,0.0,0,0.0,0,0.0,0,0.0,0,0.0,0,3.1324384,1,0.0,0,2.1174526,1,0.0,0,0.0,0,3.6256657,1,2.1174526,1,2.1174526,1,0.0,0,2.7485447,1,0.0,0,0.0,0,0.0,0,0.0,0,0.0,0
TCGGACCTGTACAC-1,0,1567,1.4285715,0.0,0,0.0,0,0.0,0,1.5199653,1,0.0,0,1.5199653,1,0.0,0,3.5010004,1,1.0246189,1,0.0,0,3.5010004,1,0.0,0,0.0,0,1.0246189,1,2.7270856,1,0.0,0,0.0,0,2.9370608,1,1.8497295,1,1.8497295,1
TCGGTAGAGTAGGG-1,0,688,1.5209125,0.0,0,0.0,0,0.0,0,2.3519182,1,0.0,0,1.7496957,1,0.0,0,3.2094016,1,0.0,0,0.0,0,3.779078,1,0.0,0,1.7496957,1,1.7496957,1,2.3519182,1,0.0,0,0.0,0,0.0,0,1.7496957,1,1.7496957,1
TCGGTAGATCCCAC-1,3,749,1.7455213,1.7219784,1,0.0,0,0.0,0,0.0,0,0.0,0,1.7219784,1,0.0,0,3.1771343,1,2.3215222,1,0.0,0,3.5016193,1,1.7219784,1,1.7219784,1,0.0,0,2.964363,1,0.0,0,0.0,0,0.0,0,1.7219784,1,1.7219784,1
TCGTAGGATCGACA-1,0,1076,3.1325302,2.0652225,1,0.0,0,0.0,0,1.4914483,1,0.0,0,2.692876,1,0.0,0,3.3515942,1,1.4914483,1,0.0,0,3.896084,1,0.0,0,1.4914483,1,1.4914483,1,2.0652225,1,0.0,0,0.0,0,3.5677073,1,0.0,0,0.0,0
TCGTGAGAACTGTG-1,3,326,7.241911,0.0,0,0.0,0,0.0,0,0.0,0,0.0,0,0.0,0,0.0,0,3.462979,1,0.0,0,0.0,0,2.800687,1,0.0,0,0.0,0,0.0,0,3.462979,1,0.0,0,0.0,0,0.0,0,0.0,0,0.0,0
TCGTTATGGACAAA-1,0,782,1.2488437,0.0,0,0.0,0,0.0,0,0.0,0,0.0,0,1.7272826,1,0.0,0,3.1833205,1,0.0,0,0.0,0,3.1833205,1,0.0,0,0.0,0,0.0,0,2.6997519,1,0.0,0,0.0,0,3.1833205,1,0.0,0,0.0,0
TCTAACACCAGTTG-1,2,543,3.6697247,0.0,0,2.3231819,1,0.0,0,0.0,0,0.0,0,2.3231819,1,0.0,0,3.3542564,1,2.3231819,1,0.0,0,3.3542564,1,0.0,0,0.0,0,2.3231819,1,2.3231819,1,0.0,0,0.0,0,0.0,0,0.0,0,2.3231819,1
TCTAACACGAGCAG-1,5,1100,1.6027656,2.3462043,1,2.3462043,1,1.4227744,1,3.5733216,1,2.8179846,1,1.4227744,1,1.9874947,1,3.9392068,1,1.9874947,1,0.0,0,3.6579916,1,1.9874947,1,1.4227744,1,1.9874947,1,3.8084521,1,0.0,0,1.4227744,1,3.6579916,1,2.6096623,1,4.6225743,1
TCTAACTGAACCAC-1,0,841,2.648719,0.0,0,0.0,0,0.0,0,2.642158,1,0.0,0,1.6766901,1,0.0,0,3.447915,1,1.6766901,1,1.6766901,1,4.911055,1,0.0,0,0.0,0,0.0,0,1.6766901,1,0.0,0,0.0,0,3.447915,1,2.2716775,1,1.6766901,1
TCTAAGCTAATGCC-1,0,809,1.2723658,0.0,0,0.0,0,0.0,0,2.1929693,1,0.0,0,2.1929693,1,0.0,0,3.4918644,1,1.6056089,1,0.0,0,3.8019807,1,0.0,0,0.0,0,2.1929693,1,2.1929693,1,0.0,0,0.0,0,2.8287072,1,1.6056089,1,1.6056089,1
TCTAAGCTTAGTCG-1,2,789,1.7867112,0.0,0,0.0,0,4.040148,1,0.0,0,0.0,0,1.8845624,1,0.0,0,3.3644423,1,0.0,0,0.0,0,2.498723,1,1.8845624,1,2.876409,1,1.8845624,1,0.0,0,0.0,0,0.0,0,2.876409,1,0.0,0,0.0,0
TCTAAGCTTCTAGG-1,4,1263,1.6922263,4.1662817,1,3.6383028,1,3.2109737,1,4.5100164,1,3.6383028,1,3.6383028,1,3.2109737,1,5.703325,1,4.0349636,1,2.18991,1,6.1338224,1,2.9711127,1,3.3122942,1,2.6549318,1,3.4885254,1,1.8388984,1,1.8388984,1,3.5662155,1,4.0349636,1,4.0349636,1
TCTAAGCTTGTTCT-1,1,758,2.4853802,2.3754728,1,1.771225,1,0.0,0,3.0210197,1,3.4101007,1,0.0,0,0.0,0,5.2787366,1,3.234365,1,2.3754728,1,5.6313868,1,2.7494574,1,3.4101007,1,2.3754728,1,3.804492,1,0.0,0,0.0,0,4.165341,1,1.771225,1,4.0011053,1
TCTAAGCTTTCGCC-1,3,368,0.8746356,0.0,0,0.0,0,0.0,0,2.7471774,1,0.0,0,0.0,0,0.0,0,2.7471774,1,3.4077454,1,0.0,0,4.3039665,1,0.0,0,0.0,0,2.7471774,1,2.7471774,1,0.0,0,0.0,0,2.7471774,1,0.0,0,0.0,0
TCTACAACGACTAC-1,1,1022,2.2620904,3.3436532,1,3.3436532,1,0.0,0,3.3436532,1,3.0212054,1,1.5898882,1,1.5898882,1,5.842041,1,3.0212054,1,3.4727614,1,5.278931,1,3.6896794,1,3.5870905,1,3.0212054,1,3.6896794,1,0.0,0,2.175479,1,4.018989,1,2.175479,1,4.370258,1
TCTAGACTTAGAAG-1,1,730,3.7077427,1.8658609,1,2.8555784,1,0.0,0,3.6694539,1,1.8658609,1,1.8658609,1,3.1287754,1,5.6714635,1,3.343126,1,1.8658609,1,5.9344797,1,2.4784687,1,3.9150877,1,2.8555784,1,3.5195427,1,1.8658609,1,1.8658609,1,3.343126,1,1.8658609,1,3.1287754,1
TCTAGTTGCACCAA-1,4,1101,1.3321223,3.3413134,1,2.9533887,1,1.9540108,1,3.8378816,1,3.4431283,1,2.5736704,1,2.5736704,1,5.633428,1,2.7814455,1,2.3110893,1,6.3083763,1,3.770426,1,3.1000595,1,3.8378816,1,3.770426,1,0.0,0,2.7814455,1,4.8296504,1,2.9533887,1,4.2578053,1
TCTATGTGAAGAGT-1,1,478,1.6799294,3.5953813,1,3.8130195,1,0.0,0,2.9293141,1,3.5953813,1,2.9293141,1,3.3168077,1,5.921607,1,3.3168077,1,0.0,0,6.7363176,1,0.0,0,3.5953813,1,2.9293141,1,3.5953813,1,2.9293141,1,0.0,0,4.7548494,1,0.0,0,3.5953813,1
TCTATGTGAGTCTG-1,2,488,2.9442692,0.0,0,0.0,0,0.0,0,2.443672,1,0.0,0,2.443672,1,0.0,0,3.7626176,1,3.0924277,1,0.0,0,2.443672,1,0.0,0,0.0,0,0.0,0,3.0924277,1,0.0,0,0.0,0,0.0,0,0.0,0,0.0,0
TCTCAAACCTAAGC-1,3,618,1.6903313,0.0,0,0.0,0,0.0,0,0.0,0,0.0,0,0.0,0,0.0,0,3.0592442,1,2.050332,1,0.0,0,2.050332,1,0.0,0,0.0,0,0.0,0,2.050332,1,0.0,0,0.0,0,0.0,0,0.0,0,0.0,0
TCTCTAGAATTTCC-1,0,940,1.2118987,0.0,0,0.0,0,0.0,0,0.0,0,0.0,0,1.5416771,1,0.0,0,5.044983,1,1.5416771,1,0.0,0,3.4137635,1,2.1216433,1,0.0,0,2.486344,1,1.5416771,1,0.0,0,0.0,0,3.88653,1,2.1216433,1,1.5416771,1
TCTGATACACGTGT-1,0,771,2.0674157,1.7040939,1,0.0,0,0.0,0,2.3018656,1,0.0,0,2.6734042,1,0.0,0,2.6734042,1,1.7040939,1,0.0,0,2.9436815,1,2.3018656,1,2.3018656,1,0.0,0,1.7040939,1,0.0,0,0.0,0,0.0,0,0.0,0,1.7040939,1
TCTGATACTCGCCT-1,0,784,3.3455734,0.0,0,0.0,0,0.0,0,1.6262885,1,1.6262885,1,1.6262885,1,0.0,0,2.5843675,1,0.0,0,0.0,0,3.0645509,1,0.0,0,0.0,0,0.0,0,2.8530085,1,0.0,0,0.0,0,2.2159302,1,0.0,0,0.0,0
TCTTACGAACCTGA-1,1,847,2.5046382,2.3306916,1,3.1868744,1,0.0,0,3.1868744,1,3.3622887,1,0.0,0,0.0,0,5.3685718,1,3.5114763,1,2.3306916,1,5.8286643,1,3.3622887,1,2.974003,1,2.7032104,1,3.5114763,1,2.3306916,1,0.0,0,4.2575665,1,0.0,0,4.2575665,1
TCTTCAGAGCTACA-1,1,1303,1.9586208,3.2517085,1,3.2517085,1,1.8746848,1,3.4453163,1,3.3531907,1,2.2276616,1,1.3242546,1,5.6036654,1,2.8654125,1,1.8746848,1,5.700488,1,3.0113926,1,2.8654125,1,3.2517085,1,3.6796205,1,0.0,0,2.488029,1,3.7469296,1,1.8746848,1,4.580656,1
TCTTGATGCGGAGA-1,2,821,2.199736,0.0,0,0.0,0,0.0,0,0.0,0,0.0,0,0.0,0,0.0,0,2.923048,1,0.0,0,0.0,0,2.2822747,1,0.0,0,0.0,0,0.0,0,2.2822747,1,1.6863012,1,0.0,0,3.5889425,1,0.0,0,0.0,0
TGAAATTGGTGAGG-1,1,1111,2.4790921,3.0877075,1,2.5617247,1,0.0,0,2.7693136,1,2.5617247,1,1.3836751,1,1.3836751,1,4.659978,1,3.4306061,1,1.9429162,1,5.108515,1,1.3836751,1,2.5617247,1,3.3288355,1,3.4306061,1,0.0,0,2.5617247,1,4.507404,1,2.299441,1,4.3272853,1
TGAACCGAAAACGA-1,0,752,2.6086955,0.0,0,1.720094,1,0.0,0,1.720094,1,1.720094,1,3.6291406,1,0.0,0,2.6915927,1,0.0,0,0.0,0,2.9621863,1,1.720094,1,0.0,0,0.0,0,1.720094,1,0.0,0,0.0,0,2.3194528,1,1.720094,1,0.0,0
TGAACCGACTACTT-1,4,1128,1.4418126,3.9610224,1,3.0728967,1,2.0628207,1,3.6577685,1,3.3489397,1,3.8933887,1,2.0628207,1,5.427802,1,2.89979,1,1.4893169,1,6.006894,1,3.0728967,1,2.89979,1,3.3489397,1,3.8933887,1,1.4893169,1,2.424997,1,3.820847,1,2.0628207,1,3.820847,1
TGAACCGATTCGGA-1,4,958,2.020202,3.2346997,1,3.4772263,1,3.6722643,1,4.2080474,1,3.8354,1,3.4772263,1,3.4772263,1,5.794964,1,4.0389824,1,2.4385664,1,6.095065,1,3.5794928,1,2.9138536,1,3.0870895,1,3.6722643,1,2.0758188,1,2.0758188,1,4.2080474,1,0.0,0,4.2080474,1
TGAAGCACTCACGA-1,2,742,2.5560772,0.0,0,0.0,0,0.0,0,0.0,0,0.0,0,2.8133585,1,0.0,0,3.29989,1,2.4374537,1,1.8280805,1,3.085926,1,1.8280805,1,0.0,0,2.4374537,1,0.0,0,0.0,0,0.0,0,4.0680223,1,0.0,0,0.0,0
TGAAGCTGAACGAA-1,0,782,2.108194,2.193323,1,0.0,0,0.0,0,1.6059271,1,1.6059271,1,0.0,0,0.0,0,3.0403416,1,0.0,0,0.0,0,2.5608974,1,0.0,0,0.0,0,0.0,0,2.5608974,1,0.0,0,0.0,0,1.6059271,1,0.0,0,0.0,0
TGAAGCTGAGACTC-1,0,279,6.0755334,0.0,0,0.0,0,0.0,0,0.0,0,0.0,0,0.0,0,0.0,0,3.5216649,1,0.0,0,0.0,0,3.917231,1,0.0,0,0.0,0,0.0,0,0.0,0,0.0,0,0.0,0,0.0,0,0.0,0,0.0,0
TGAAGCTGCATGGT-1,3,824,1.9221292,0.0,0,0.0,0,0.0,0,0.0,0,0.0,0,0.0,0,0.0,0,2.3852644,1,2.7595603,1,0.0,0,1.7801871,1,1.7801871,1,1.7801871,1,0.0,0,3.570005,1,0.0,0,0.0,0,1.7801871,1,1.7801871,1,1.7801871,1
TGAAGCTGCGTAAC-1,0,751,2.3875115,0.0,0,0.0,0,0.0,0,2.3211079,1,1.7216011,1,1.7216011,1,0.0,0,2.693304,1,0.0,0,0.0,0,3.94213,1,1.7216011,1,1.7216011,1,0.0,0,1.7216011,1,0.0,0,0.0,0,0.0,0,0.0,0,0.0,0
TGAATAACCACTTT-1,0,872,1.7367812,0.0,0,0.0,0,0.0,0,0.0,0,1.581245,1,0.0,0,0.0,0,2.7999616,1,0.0,0,0.0,0,2.5323477,1,0.0,0,1.581245,1,0.0,0,2.1658494,1,0.0,0,0.0,0,1.581245,1,0.0,0,0.0,0
TGAATAACTCCCAC-1,2,939,4.528478,0.0,0,0.0,0,1.7357,1,0.0,0,0.0,0,3.517803,1,0.0,0,2.9801917,1,2.33658,1,0.0,0,3.1931267,1,1.7357,1,0.0,0,0.0,0,1.7357,1,0.0,0,0.0,0,3.1931267,1,0.0,0,0.0,0
TGACACGACCTTAT-1,3,606,1.9205298,0.0,0,0.0,0,0.0,0,2.6564083,1,2.0311065,1,2.0311065,1,0.0,0,2.0311065,1,2.6564083,1,0.0,0,3.8577278,1,0.0,0,0.0,0,0.0,0,3.3138247,1,0.0,0,0.0,0,2.6564083,1,0.0,0,0.0,0
TGACCAGACAACCA-1,0,698,1.1111112,0.0,0,0.0,0,0.0,0,1.8807838,1,0.0,0,2.4946332,1,1.8807838,1,3.1456413,1,2.4946332,1,0.0,0,3.5366561,1,0.0,0,1.8807838,1,1.8807838,1,2.8722038,1,0.0,0,0.0,0,3.6866395,1,0.0,0,0.0,0
TGACCAGAGGATTC-1,0,705,2.4440978,0.0,0,0.0,0,0.0,0,2.4336498,1,0.0,0,0.0,0,0.0,0,2.4336498,1,0.0,0,0.0,0,2.4336498,1,1.8245828,1,0.0,0,0.0,0,2.4336498,1,1.8245828,1,0.0,0,1.8245828,1,0.0,0,0.0,0
TGACCGCTAAAAGC-1,0,963,1.4233698,0.0,0,0.0,0,0.0,0,0.0,0,0.0,0,1.4612298,1,0.0,0,4.302005,1,0.0,0,0.0,0,3.622308,1,0.0,0,0.0,0,1.4612298,1,2.3918567,1,0.0,0,0.0,0,3.7852428,1,2.0311065,1,0.0,0
TGACCGCTCTGCAA-1,0,607,1.6095533,1.823711,1,0.0,0,0.0,0,0.0,0,0.0,0,0.0,0,0.0,0,2.4327016,1,0.0,0,0.0,0,2.8084636,1,0.0,0,0.0,0,0.0,0,2.8084636,1,0.0,0,0.0,0,0.0,0,0.0,0,0.0,0
TGACGATGCAAAGA-1,1,621,1.7135862,2.964363,1,2.5843675,1,0.0,0,3.2390628,1,2.964363,1,2.5843675,1,0.0,0,4.9553437,1,2.5843675,1,1.9639536,1,5.687374,1,1.9639536,1,1.9639536,1,0.0,0,3.7817357,1,0.0,0,1.9639536,1,4.027974,1,1.9639536,1,3.7817357,1
TGACGCCTGTACCA-1,0,1650,2.9656909,0.0,0,0.0,0,0.0,0,1.9197997,1,0.0,0,2.1701338,1,0.0,0,3.337835,1,1.5850896,1,0.0,0,2.91554,1,0.0,0,1.0783634,1,2.1701338,1,2.3701804,1,0.0,0,1.0783634,1,3.9773674,1,0.0,0,1.0783634,1
TGACGCCTTTACTC-1,0,1093,0.8802143,0.0,0,0.0,0,0.0,0,1.5757478,1,0.0,0,0.0,0,0.0,0,4.2487583,1,2.1597202,1,0.0,0,3.6723323,1,2.1597202,1,1.5757478,1,1.5757478,1,1.5757478,1,0.0,0,0.0,0,2.525974,1,0.0,0,2.1597202,1
TGACTGGAAGAGAT-1,1,545,2.21914,2.0712597,1,2.6993206,1,0.0,0,3.0821135,1,3.902855,1,0.0,0,2.0712597,1,5.890567,1,3.358264,1,0.0,0,6.3925767,1,2.0712597,1,2.6993206,1,3.358264,1,3.902855,1,0.0,0,2.0712597,1,4.654172,1,0.0,0,3.358264,1
TGACTGGACCGTAA-1,0,670,0.46854085,0.0,0,0.0,0,0.0,0,0.0,0,0.0,0,0.0,0,0.0,0,3.8701246,1,2.042117,1,0.0,0,3.7194438,1,0.0,0,0.0,0,2.042117,1,3.0502548,1,0.0,0,0.0,0,3.54196,1,0.0,0,0.0,0
TGACTGGACGCAAT-1,0,617,1.6514806,0.0,0,0.0,0,0.0,0,1.9022948,1,1.9022948,1,1.9022948,1,0.0,0,2.5178988,1,0.0,0,0.0,0,3.3846028,1,1.9022948,1,0.0,0,0.0,0,2.8961198,1,0.0,0,0.0,0,1.9022948,1,0.0,0,0.0,0
TGACTGGAGGACAG-1,3,723,2.1598272,0.0,0,0.0,0,0.0,0,3.3342123,1,0.0,0,1.8580551,1,0.0,0,3.9060311,1,1.8580551,1,0.0,0,3.3342123,1,0.0,0,0.0,0,0.0,0,3.11994,1,0.0,0,0.0,0,1.8580551,1,0.0,0,0.0,0
TGACTGGATTCTCA-1,0,1194,1.9627085,2.1241255,1,0.0,0,0.0,0,1.7767111,1,0.0,0,2.1241255,1,0.0,0,3.5659404,1,0.0,0,0.0,0,3.0273056,1,0.0,0,0.0,0,1.7767111,1,1.7767111,1,0.0,0,0.0,0,3.0273056,1,1.7767111,1,0.0,0
TGACTTACACACCA-1,0,1019,0.9025271,0.0,0,0.0,0,0.0,0,1.948572,1,0.0,0,1.948572,1,0.0,0,4.5139303,1,1.948572,1,0.0,0,3.3351986,1,0.0,0,1.3886238,1,2.3053799,1,2.5678158,1,0.0,0,0.0,0,3.6139388,1,0.0,0,0.0,0
TGACTTACAGTCTG-1,1,1291,1.910058,2.3677657,1,1.7641757,1,0.0,0,3.3178947,1,2.3677657,1,1.7641757,1,1.7641757,1,5.991546,1,2.5719936,1,3.2262008,1,5.4722757,1,3.4793594,1,3.1252427,1,2.3677657,1,3.3178947,1,0.0,0,0.0,0,3.8490665,1,1.2291666,1,4.078234,1
TGACTTTGCGCATA-1,0,758,1.362862,0.0,0,0.0,0,0.0,0,2.253554,1,1.6602752,1,1.6602752,1,1.6602752,1,2.6233833,1,1.6602752,1,0.0,0,2.6233833,1,0.0,0,0.0,0,0.0,0,1.6602752,1,0.0,0,0.0,0,1.6602752,1,0.0,0,0.0,0
TGACTTTGTTTGTC-1,0,855,1.5727391,0.0,0,0.0,0,0.0,0,1.6809452,1,0.0,0,2.6470175,1,0.0,0,3.45298,1,1.6809452,1,0.0,0,3.1290889,1,0.0,0,0.0,0,1.6809452,1,0.0,0,0.0,0,0.0,0,4.130175,1,1.6809452,1,0.0,0
TGAGACACAAGGTA-1,0,1549,1.3234721,0.0,0,0.0,0,0.0,0,1.923118,1,1.5881815,1,1.0809301,1,0.0,0,3.6376119,1,1.5881815,1,0.0,0,3.2701945,1,1.0809301,1,1.5881815,1,1.0809301,1,1.923118,1,0.0,0,1.0809301,1,3.981182,1,1.0809301,1,0.0,0
TGAGACACTCAAGC-1,2,743,3.9647574,0.0,0,0.0,0,0.0,0,0.0,0,0.0,0,0.0,0,0.0,0,3.1371696,1,0.0,0,0.0,0,3.3515942,1,0.0,0,0.0,0,0.0,0,1.8732845,1,0.0,0,0.0,0,3.8083751,1,1.8732845,1,0.0,0
TGAGACACTGTGCA-1,0,411,6.5019503,0.0,0,0.0,0,0.0,0,0.0,0,0.0,0,3.2973788,1,0.0,0,3.6904407,1,0.0,0,0.0,0,3.2973788,1,0.0,0,0.0,0,0.0,0,0.0,0,0.0,0,0.0,0,3.2973788,1,0.0,0,0.0,0
TGAGCTGAATGCTG-1,4,1372,2.0408163,3.7335212,1,3.3951273,1,2.5655403,1,3.8924475,1,3.3951273,1,3.2194905,1,2.1046963,1,5.4653163,1,4.1115036,1,1.2242274,1,5.6670647,1,3.0062912,1,3.0062912,1,3.4725869,1,3.8924475,1,2.5655403,1,2.361434,1,3.6115408,1,3.1185617,1,4.3547735,1
TGAGCTGACTGGAT-1,1,802,3.283302,2.339964,1,2.339964,1,0.0,0,2.983747,1,2.712792,1,1.7387861,1,0.0,0,5.1349483,1,3.5214372,1,0.0,0,5.6920376,1,2.712792,1,0.0,0,2.339964,1,4.048042,1,1.7387861,1,1.7387861,1,4.267688,1,0.0,0,4.267688,1
TGAGCTGAGCGAGA-1,0,280,5.421687,0.0,0,0.0,0,0.0,0,0.0,0,2.7763467,1,0.0,0,0.0,0,3.4378662,1,0.0,0,0.0,0,0.0,0,0.0,0,0.0,0,0.0,0,0.0,0,0.0,0,0.0,0,2.7763467,1,0.0,0,0.0,0
TGAGCTGATGCTAG-1,1,337,3.3282905,4.339158,1,2.7805936,1,0.0,0,0.0,0,0.0,0,0.0,0,2.7805936,1,6.3292894,1,4.339158,1,0.0,0,6.215095,1,3.4422493,1,0.0,0,2.7805936,1,3.4422493,1,0.0,0,2.7805936,1,4.671895,1,0.0,0,0.0,0
TGAGGACTCTCATT-1,1,1121,4.0337963,2.2176304,1,1.8651688,1,0.0,0,2.2176304,1,2.6839328,1,1.8651688,1,0.0,0,3.9673016,1,3.1279924,1,2.4777186,1,5.5076303,1,2.2176304,1,3.2408962,1,2.6839328,1,3.7359467,1,0.0,0,2.2176304,1,4.3130765,1,1.3160095,1,3.7359467,1
TGAGGACTTCATTC-1,0,1028,1.8452574,1.4444196,1,0.0,0,0.0,0,2.01207,1,1.4444196,1,0.0,0,0.0,0,3.4063349,1,0.0,0,0.0,0,3.2926886,1,0.0,0,0.0,0,1.4444196,1,1.4444196,1,0.0,0,0.0,0,2.6360216,1,2.3719406,1,0.0,0
TGAGGTACGAACCT-1,4,1524,2.8601472,3.4832582,1,3.763234,1,3.09303,1,4.020228,1,3.856432,1,3.3448706,1,2.611999,1,5.4119315,1,4.51621,1,3.09303,1,6.0790315,1,2.8811638,1,2.9926975,1,3.09303,1,3.1842077,1,1.1328131,1,2.2425704,1,4.193219,1,1.1328131,1,3.856432,1
TGAGTCGAGTTACG-1,3,645,2.4691358,2.1129642,1,0.0,0,0.0,0,0.0,0,0.0,0,0.0,0,0.0,0,3.620698,1,2.1129642,1,0.0,0,3.798549,1,0.0,0,2.1129642,1,0.0,0,2.1129642,1,2.1129642,1,0.0,0,0.0,0,0.0,0,0.0,0
TGAGTGACTGAGCT-1,0,847,1.9129019,0.0,0,0.0,0,0.0,0,1.6236684,1,1.6236684,1,1.6236684,1,0.0,0,2.213024,1,0.0,0,1.6236684,1,1.6236684,1,0.0,0,0.0,0,1.6236684,1,1.6236684,1,0.0,0,0.0,0,2.8499343,1,0.0,0,0.0,0
TGATAAACGAATCC-1,0,866,2.1437078,0.0,0,0.0,0,0.0,0,2.19085,1,0.0,0,2.8264625,1,0.0,0,3.884793,1,2.8264625,1,0.0,0,3.36037,1,0.0,0,0.0,0,2.5583289,1,0.0,0,0.0,0,0.0,0,3.2119896,1,2.19085,1,0.0,0
TGATAAACTCCGTC-1,2,941,1.7891682,0.0,0,2.7417293,1,2.367985,1,0.0,0,0.0,0,3.551498,1,0.0,0,2.7417293,1,1.7643762,1,0.0,0,3.226433,1,1.7643762,1,1.7643762,1,2.367985,1,2.367985,1,0.0,0,0.0,0,3.551498,1,1.7643762,1,0.0,0
TGATAAACTTTCAC-1,0,751,1.8210196,0.0,0,0.0,0,0.0,0,0.0,0,0.0,0,1.8250191,1,0.0,0,3.2963762,1,0.0,0,0.0,0,1.8250191,1,0.0,0,1.8250191,1,1.8250191,1,3.2963762,1,0.0,0,0.0,0,0.0,0,0.0,0,1.8250191,1
TGATACCTCACTAG-1,1,583,1.3280213,3.316381,1,2.6588748,1,0.0,0,3.040721,1,3.040721,1,2.6588748,1,0.0,0,4.944796,1,2.0334115,1,2.6588748,1,6.114848,1,3.532241,1,2.6588748,1,2.6588748,1,2.6588748,1,0.0,0,0.0,0,4.304621,1,0.0,0,4.210661,1
TGATACCTGTTGGT-1,0,796,1.534296,0.0,0,0.0,0,0.0,0,0.0,0,0.0,0,1.7074122,1,0.0,0,3.7288704,1,2.3055153,1,0.0,0,2.947523,1,0.0,0,2.3055153,1,2.947523,1,2.6771798,1,0.0,0,0.0,0,3.3353438,1,0.0,0,0.0,0
TGATACCTTATGCG-1,0,793,2.3409894,0.0,0,0.0,0,0.0,0,2.285838,1,1.689535,1,2.9268026,1,1.689535,1,3.707521,1,0.0,0,0.0,0,2.285838,1,2.285838,1,0.0,0,0.0,0,2.285838,1,0.0,0,0.0,0,1.689535,1,0.0,0,0.0,0
TGATACCTTGAAGA-1,0,975,1.2732614,0.0,0,0.0,0,0.0,0,1.450889,1,1.450889,1,2.8527005,1,0.0,0,3.5165794,1,0.0,0,0.0,0,3.0253608,1,1.450889,1,1.450889,1,1.450889,1,2.643876,1,0.0,0,0.0,0,2.019401,1,0.0,0,0.0,0
TGATATGAACCTTT-1,0,936,1.7241379,0.0,0,1.4774609,1,0.0,0,1.4774609,1,1.4774609,1,0.0,0,0.0,0,3.0582767,1,1.4774609,1,0.0,0,3.0582767,1,0.0,0,0.0,0,0.0,0,1.4774609,1,0.0,0,0.0,0,3.0582767,1,0.0,0,0.0,0
TGATCACTAGCATC-1,2,524,4.5945945,2.3034856,1,0.0,0,0.0,0,0.0,0,0.0,0,0.0,0,0.0,0,3.3331692,1,0.0,0,0.0,0,2.3034856,1,2.3034856,1,0.0,0,0.0,0,0.0,0,0.0,0,0.0,0,3.6118915,1,0.0,0,0.0,0
TGATCACTCTCGCT-1,0,659,2.4416711,0.0,0,0.0,0,0.0,0,1.8603423,1,0.0,0,0.0,0,0.0,0,2.4724858,1,0.0,0,0.0,0,2.4724858,1,0.0,0,0.0,0,0.0,0,2.849423,1,0.0,0,0.0,0,0.0,0,0.0,0,0.0,0
TGATCACTTCTACT-1,3,607,2.6765375,0.0,0,0.0,0,0.0,0,1.9018098,1,0.0,0,1.9018098,1,0.0,0,3.1693504,1,1.9018098,1,0.0,0,3.1693504,1,0.0,0,0.0,0,0.0,0,2.5173748,1,0.0,0,0.0,0,0.0,0,0.0,0,0.0,0
TGATCGGACTGACA-1,4,1433,3.6333413,3.5335774,1,3.8814538,1,3.8814538,1,3.5335774,1,3.7783818,1,3.5335774,1,2.0948472,1,5.5959926,1,2.7244744,1,2.8692124,1,5.65588,1,3.3003476,1,3.5335774,1,2.9956255,1,3.2087176,1,1.2163162,1,2.5551836,1,3.9292614,1,1.2163162,1,3.6006217,1
TGATCGGAGGAGCA-1,3,562,1.2573965,0.0,0,0.0,0,0.0,0,2.127809,1,0.0,0,2.127809,1,0.0,0,3.4205358,1,0.0,0,0.0,0,2.7595606,1,2.127809,1,0.0,0,0.0,0,2.7595606,1,0.0,0,0.0,0,2.127809,1,0.0,0,0.0,0
TGATCGGATATGCG-1,4,696,3.6697247,4.662016,1,3.5194366,1,3.0281627,1,3.8474112,1,3.6968098,1,3.978272,1,2.0219555,1,6.1587186,1,3.8474112,1,2.6466115,1,6.1587186,1,2.6466115,1,2.0219555,1,3.8474112,1,3.978272,1,0.0,0,0.0,0,4.97789,1,2.6466115,1,4.093973,1
TGATTAGACATTGG-1,0,927,1.3169447,0.0,0,0.0,0,0.0,0,0.0,0,0.0,0,0.0,0,0.0,0,2.2810905,1,1.6852267,1,0.0,0,3.1341178,1,1.6852267,1,1.6852267,1,2.2810905,1,2.9218001,1,0.0,0,0.0,0,3.7023647,1,0.0,0,0.0,0
TGATTAGATGACTG-1,3,517,2.9787235,0.0,0,0.0,0,0.0,0,2.8931623,1,2.2539356,1,2.2539356,1,0.0,0,3.5582182,1,0.0,0,0.0,0,3.5582182,1,0.0,0,2.8931623,1,0.0,0,2.2539356,1,0.0,0,0.0,0,0.0,0,0.0,0,2.2539356,1
TGATTAGATGCTAG-1,0,719,1.8287244,0.0,0,0.0,0,0.0,0,0.0,0,0.0,0,0.0,0,0.0,0,2.6663167,1,0.0,0,0.0,0,3.7174826,1,0.0,0,1.6978688,1,0.0,0,2.2950153,1,0.0,0,0.0,0,1.6978688,1,0.0,0,0.0,0
TGATTCACTATGCG-1,0,599,2.3145714,0.0,0,0.0,0,0.0,0,2.4446328,1,1.8346845,1,0.0,0,0.0,0,2.4446328,1,4.760373,1,0.0,0,3.3074648,1,0.0,0,0.0,0,0.0,0,1.8346845,1,0.0,0,0.0,0,0.0,0,2.4446328,1,0.0,0
TGATTCACTGTCAG-1,3,639,1.5002885,0.0,0,0.0,0,0.0,0,1.9130434,1,0.0,0,0.0,0,0.0,0,3.5735257,1,1.9130434,1,0.0,0,3.7236602,1,0.0,0,1.9130434,1,1.9130434,1,0.0,0,0.0,0,0.0,0,0.0,0,0.0,0,0.0,0
TGATTCTGCCGAAT-1,0,977,1.8052869,1.4412102,1,0.0,0,0.0,0,2.0084305,1,0.0,0,2.0084305,1,0.0,0,3.2886426,1,0.0,0,0.0,0,3.5042973,1,0.0,0,0.0,0,0.0,0,1.4412102,1,0.0,0,0.0,0,2.3681312,1,0.0,0,1.4412102,1
TGATTCTGCTCTTA-1,0,1019,1.3829787,0.0,0,0.0,0,0.0,0,2.4546254,1,1.5145463,1,1.5145463,1,0.0,0,3.852605,1,0.0,0,0.0,0,2.0912113,1,0.0,0,1.5145463,1,0.0,0,1.5145463,1,0.0,0,0.0,0,2.9304888,1,0.0,0,0.0,0
TGCAAGTGAGAACA-1,0,816,2.908386,0.0,0,0.0,0,0.0,0,0.0,0,0.0,0,3.4053957,1,0.0,0,3.229691,1,0.0,0,0.0,0,3.6847448,1,0.0,0,0.0,0,0.0,0,1.7671883,1,0.0,0,0.0,0,3.7997346,1,1.7671883,1,0.0,0
TGCAAGTGGGTAGG-1,1,672,1.8181818,3.198745,1,1.9279557,1,0.0,0,3.98674,1,3.198745,1,1.9279557,1,2.9245758,1,5.272433,1,3.198745,1,0.0,0,5.4386973,1,2.9245758,1,1.9279557,1,2.9245758,1,2.5456004,1,0.0,0,1.9279557,1,3.98674,1,1.9279557,1,4.2697716,1
TGCAATCTTCAGGT-1,5,1903,1.693842,3.2708035,1,2.1878924,1,0.0,0,3.2708035,1,1.9924014,1,3.2087936,1,0.0,0,4.3840747,1,2.1878924,1,0.9490601,1,3.5336542,1,1.9924014,1,1.7491723,1,2.351345,1,3.4863229,1,0.0,0,0.9490601,1,3.2087936,1,1.7491723,1,4.1135697,1
TGCACAGACGACAT-1,2,1162,2.8014617,0.0,0,2.579847,1,3.3828733,1,0.0,0,0.0,0,2.579847,1,0.0,0,3.0598896,1,0.0,0,0.0,0,2.579847,1,3.9861193,1,0.0,0,0.0,0,2.579847,1,0.0,0,0.0,0,2.848401,1,0.0,0,0.0,0
TGCCAAGAGCAGTT-1,4,964,1.6129031,4.5756164,1,1.4887853,1,0.0,0,3.219754,1,3.219754,1,4.423181,1,1.4887853,1,5.208833,1,2.0622213,1,1.4887853,1,5.7023106,1,3.4621477,1,2.4243715,1,3.6571,1,3.8201756,1,1.4887853,1,2.0622213,1,3.7419584,1,1.4887853,1,3.8927164,1
TGCCAAGATCTCTA-1,0,936,1.7453136,0.0,0,0.0,0,0.0,0,1.4434303,1,0.0,0,2.0109482,1,0.0,0,3.599698,1,0.0,0,0.0,0,3.1632106,1,0.0,0,0.0,0,2.3707666,1,2.6348195,1,0.0,0,0.0,0,2.8435128,1,0.0,0,2.3707666,1
TGCCACTGAACGTC-1,0,947,0.75301206,0.0,0,0.0,0,0.0,0,2.1449342,1,0.0,0,1.5625013,1,0.0,0,3.6560307,1,0.0,0,0.0,0,2.9883902,1,1.5625013,1,2.1449342,1,2.1449342,1,2.1449342,1,0.0,0,0.0,0,2.9883902,1,1.5625013,1,0.0,0
TGCCACTGCGATAC-1,2,989,1.2827091,1.8137606,1,1.8137606,1,3.6091404,1,0.0,0,0.0,0,1.8137606,1,0.0,0,2.7973063,1,2.4218729,1,0.0,0,2.7973063,1,0.0,0,0.0,0,0.0,0,3.0696275,1,0.0,0,0.0,0,3.4594922,1,0.0,0,0.0,0
TGCCAGCTTGGCAT-1,0,790,1.3736264,2.3186262,1,0.0,0,0.0,0,1.7193415,1,0.0,0,2.6907382,1,0.0,0,3.7430756,1,0.0,0,0.0,0,3.3493817,1,0.0,0,0.0,0,0.0,0,2.3186262,1,0.0,0,0.0,0,1.7193415,1,0.0,0,0.0,0
TGCCCAACAGCAAA-1,0,902,1.2168933,0.0,0,0.0,0,0.0,0,2.464082,1,0.0,0,2.7302628,1,0.0,0,3.3902657,1,0.0,0,0.0,0,2.7302628,1,1.522622,1,0.0,0,3.6066465,1,2.7302628,1,1.522622,1,0.0,0,2.9402802,1,0.0,0,0.0,0
TGCCCAACCGCATA-1,4,982,3.251161,3.999861,1,3.5011735,1,3.1106768,1,3.5011735,1,3.7812867,1,2.4611359,1,2.93723,1,5.4821844,1,3.8595746,1,2.4611359,1,5.8195906,1,3.3871536,1,2.93723,1,3.1106768,1,5.248882,1,1.5201048,1,2.7272525,1,4.3310857,1,2.4611359,1,3.999861,1
TGCCGACTCTCCCA-1,3,673,2.2058823,0.0,0,0.0,0,0.0,0,0.0,0,0.0,0,2.8202574,1,0.0,0,3.306958,1,0.0,0,0.0,0,1.8342423,1,2.4441524,1,0.0,0,0.0,0,1.8342423,1,0.0,0,0.0,0,0.0,0,0.0,0,1.8342423,1
TGCGAAACAGTCAC-1,3,856,2.4796922,0.0,0,0.0,0,0.0,0,0.0,0,0.0,0,1.6630416,1,0.0,0,3.1080184,1,0.0,0,0.0,0,3.5611215,1,2.2566106,1,2.2566106,1,0.0,0,2.8959851,1,0.0,0,0.0,0,1.6630416,1,0.0,0,0.0,0
TGCGAAACGTTGCA-1,3,629,3.2394364,0.0,0,0.0,0,0.0,0,0.0,0,0.0,0,0.0,0,2.0865614,1,3.919994,1,0.0,0,2.0865614,1,3.5914268,1,0.0,0,0.0,0,0.0,0,2.0865614,1,0.0,0,0.0,0,0.0,0,0.0,0,0.0,0
TGCGATGAACGGTT-1,0,692,2.2963367,2.4804726,1,0.0,0,0.0,0,2.4804726,1,0.0,0,1.8677099,1,0.0,0,1.8677099,1,1.8677099,1,0.0,0,3.345236,1,1.8677099,1,0.0,0,1.8677099,1,2.4804726,1,0.0,0,0.0,0,2.8576398,1,0.0,0,0.0,0
TGCGATGACCTCGT-1,0,843,2.027027,0.0,0,0.0,0,0.0,0,0.0,0,0.0,0,0.0,0,0.0,0,2.945387,1,1.7055668,1,0.0,0,2.945387,1,0.0,0,1.7055668,1,0.0,0,2.6750803,1,0.0,0,0.0,0,2.6750803,1,0.0,0,0.0,0
TGCGATGACTAGTG-1,3,940,1.8973999,0.0,0,0.0,0,0.0,0,0.0,0,0.0,0,1.5076653,1,0.0,0,3.588002,1,0.0,0,0.0,0,3.2431087,1,1.5076653,1,2.083477,1,0.0,0,3.371748,1,0.0,0,0.0,0,0.0,0,0.0,0,0.0,0
TGCGATGACTGCTC-1,3,795,1.9446846,0.0,0,0.0,0,0.0,0,0.0,0,0.0,0,2.636523,1,0.0,0,3.5715637,1,1.6717592,1,0.0,0,3.789069,1,1.6717592,1,0.0,0,1.6717592,1,2.2662368,1,1.6717592,1,0.0,0,0.0,0,0.0,0,0.0,0
TGCGATGACTTGCC-1,3,780,1.2813941,1.812902,1,0.0,0,0.0,0,1.812902,1,0.0,0,0.0,0,0.0,0,3.4584982,1,1.812902,1,0.0,0,3.8534155,1,0.0,0,1.812902,1,0.0,0,2.7963428,1,0.0,0,0.0,0,1.812902,1,0.0,0,1.812902,1
TGCGATGAGTGCTA-1,1,821,2.3498695,1.8285189,1,3.0864246,1,0.0,0,2.8138494,1,2.8138494,1,3.300393,1,3.0864246,1,5.9046154,1,3.476551,1,3.300393,1,5.84594,1,3.871658,1,3.300393,1,2.8138494,1,3.974934,1,0.0,0,0.0,0,4.607852,1,0.0,0,3.974934,1
TGCGCACTCTTGAG-1,1,471,1.7941455,3.3813038,1,0.0,0,0.0,0,2.348485,1,3.878435,1,0.0,0,0.0,0,5.3881717,1,3.6604488,1,2.348485,1,5.964241,1,0.0,0,2.348485,1,3.6604488,1,4.340652,1,0.0,0,2.348485,1,3.878435,1,2.348485,1,3.6604488,1
TGCGTAGAATAAGG-1,1,702,2.833753,3.4814243,1,2.9909003,1,0.0,0,2.6102457,1,2.9909003,1,0.0,0,0.0,0,4.93897,1,3.265942,1,3.4814243,1,6.1603417,1,2.6102457,1,3.6586053,1,3.4814243,1,3.4814243,1,0.0,0,0.0,0,4.055444,1,0.0,0,3.6586053,1
TGCGTAGACGGGAA-1,3,631,2.189311,0.0,0,0.0,0,0.0,0,0.0,0,0.0,0,2.007872,1,0.0,0,3.2880216,1,0.0,0,0.0,0,3.0127053,1,2.007872,1,2.007872,1,0.0,0,3.0127053,1,0.0,0,0.0,0,2.007872,1,0.0,0,0.0,0
TGCGTAGATGGTCA-1,4,1557,2.770689,3.9163375,1,3.5732894,1,2.6217477,1,3.8793628,1,3.5732894,1,2.746153,1,3.46536,1,5.538799,1,3.8409681,1,2.115205,1,5.796386,1,4.113381,1,3.3443563,1,2.9563787,1,3.8409681,1,2.479637,1,2.3139312,1,3.8409681,1,2.9563787,1,4.302887,1
TGCTAGGAAACCGT-1,2,868,2.4291499,0.0,0,0.0,0,0.0,0,2.3030803,1,0.0,0,1.7051982,1,0.0,0,3.4817734,1,0.0,0,0.0,0,2.94496,1,2.3030803,1,1.7051982,1,0.0,0,2.674661,1,0.0,0,0.0,0,2.674661,1,0.0,0,0.0,0
TGCTAGGATAGTCG-1,0,901,1.7342932,0.0,0,0.0,0,0.0,0,1.4523916,1,2.0211031,1,2.3813932,1,0.0,0,3.5184832,1,1.4523916,1,0.0,0,3.5184832,1,0.0,0,1.4523916,1,0.0,0,1.4523916,1,0.0,0,0.0,0,3.3027234,1,0.0,0,0.0,0
TGCTATACGGTTCA-1,1,798,2.5435705,2.345066,1,1.743441,1,0.0,0,2.9891067,1,2.7180629,1,0.0,0,0.0,0,4.45325,1,2.345066,1,1.743441,1,4.45325,1,1.743441,1,0.0,0,2.345066,1,3.8747325,1,0.0,0,1.743441,1,3.8747325,1,0.0,0,3.6567655,1
TGCTATACTGCTGA-1,2,1020,2.942315,0.0,0,0.0,0,0.0,0,0.0,0,0.0,0,1.5837029,1,0.0,0,2.5351958,1,2.1685889,1,0.0,0,2.1685889,1,0.0,0,0.0,0,0.0,0,2.5351958,1,0.0,0,0.0,0,3.3361528,1,0.0,0,0.0,0
TGCTGAGAGAGCAG-1,2,885,3.4136546,0.0,0,2.7763467,1,3.0483398,1,0.0,0,0.0,0,1.7951006,1,0.0,0,3.7174826,1,0.0,0,0.0,0,3.0483398,1,1.7951006,1,1.7951006,1,1.7951006,1,2.4015396,1,0.0,0,0.0,0,3.2619507,1,1.7951006,1,2.4015396,1
TGCTGAGATTATCC-1,0,881,1.416122,0.0,0,0.0,0,0.0,0,0.0,0,0.0,0,0.0,0,0.0,0,2.743088,1,1.5333602,1,0.0,0,3.6199903,1,1.5333602,1,0.0,0,0.0,0,1.5333602,1,0.0,0,0.0,0,2.1123252,1,0.0,0,0.0,0
TGGAAAGACTCTCG-1,3,719,2.4504693,0.0,0,0.0,0,0.0,0,2.8143408,1,0.0,0,0.0,0,0.0,0,2.8143408,1,0.0,0,0.0,0,3.4770575,1,0.0,0,1.8289576,1,1.8289576,1,2.4384074,1,0.0,0,0.0,0,1.8289576,1,0.0,0,0.0,0
TGGAAAGAGCGATT-1,0,1043,1.1462313,0.0,0,0.0,0,0.0,0,0.0,0,0.0,0,2.435708,1,0.0,0,3.2316911,1,1.4984248,1,0.0,0,3.4741912,1,0.0,0,0.0,0,1.4984248,1,2.7012632,1,0.0,0,0.0,0,3.360274,1,0.0,0,0.0,0
TGGAAAGAGGTCAT-1,4,1238,3.5489411,4.158619,1,4.0144806,1,4.112843,1,3.7155254,1,3.0464292,1,4.112843,1,2.2605755,1,5.6604815,1,3.6432881,1,1.35141,1,5.598828,1,2.5218391,1,3.4809802,1,2.7287898,1,5.168408,1,1.35141,1,1.9059415,1,4.843921,1,1.9059415,1,3.6432881,1
TGGAAAGATATGGC-1,0,565,2.428658,0.0,0,0.0,0,0.0,0,2.5759115,1,0.0,0,1.9560932,1,0.0,0,3.622469,1,0.0,0,0.0,0,3.772796,1,0.0,0,0.0,0,1.9560932,1,1.9560932,1,0.0,0,1.9560932,1,2.5759115,1,0.0,0,0.0,0
TGGAACACAAACAG-1,2,776,2.9993184,0.0,0,3.3416784,1,2.056254,1,0.0,0,0.0,0,3.5577214,1,2.056254,1,3.3416784,1,2.056254,1,0.0,0,3.3416784,1,0.0,0,0.0,0,2.6832974,1,2.6832974,1,0.0,0,0.0,0,3.3416784,1,0.0,0,0.0,0
TGGAACACGCTAAC-1,2,696,2.4773414,0.0,0,0.0,0,0.0,0,0.0,0,0.0,0,1.9524529,1,0.0,0,2.951668,1,0.0,0,0.0,0,4.2122083,1,0.0,0,1.9524529,1,2.5719936,1,0.0,0,0.0,0,0.0,0,3.441371,1,1.9524529,1,0.0,0
TGGAAGCTCAGATC-1,0,725,1.3464526,0.0,0,0.0,0,0.0,0,0.0,0,0.0,0,0.0,0,0.0,0,3.4679828,1,0.0,0,0.0,0,3.2918777,1,0.0,0,1.821102,1,0.0,0,2.8055394,1,0.0,0,0.0,0,0.0,0,0.0,0,0.0,0
TGGACCCTACACTG-1,1,365,1.8678161,3.3937356,1,4.622218,1,0.0,0,3.7879431,1,4.0699487,1,0.0,0,0.0,0,6.16504,1,3.3937356,1,0.0,0,6.194831,1,2.73362,1,3.3937356,1,3.3937356,1,3.7879431,1,0.0,0,0.0,0,5.15711,1,2.73362,1,3.7879431,1
TGGACCCTCATGGT-1,2,811,2.3535564,0.0,0,0.0,0,0.0,0,0.0,0,0.0,0,1.8298357,1,0.0,0,2.439362,1,0.0,0,0.0,0,3.0879216,1,0.0,0,0.0,0,0.0,0,2.439362,1,0.0,0,0.0,0,3.7580066,1,0.0,0,1.8298357,1
TGGACCCTGGTACT-1,1,1212,3.133369,3.500654,1,3.500654,1,0.0,0,3.949006,1,3.3243499,1,2.666566,1,2.837238,1,5.466676,1,3.500654,1,2.4606457,1,5.6039157,1,1.8494285,1,3.3243499,1,3.4163823,1,3.6504843,1,1.3023945,1,2.2010262,1,4.047252,1,1.3023945,1,3.8400455,1
TGGACTGAGTATGC-1,0,1178,1.7141107,0.0,0,0.0,0,0.0,0,3.3518896,1,0.0,0,2.32097,1,0.0,0,3.2384744,1,2.5838013,1,0.0,0,4.8405256,1,1.4016384,1,0.0,0,1.4016384,1,1.9634272,1,0.0,0,0.0,0,2.7917323,1,1.4016384,1,0.0,0
TGGAGACTATCAGC-1,1,1132,1.4880049,2.9565518,1,1.9568756,1,0.0,0,2.9565518,1,2.3140957,1,0.0,0,0.0,0,4.808467,1,2.784576,1,1.3958956,1,5.5341916,1,2.3140957,1,2.9565518,1,3.231149,1,3.5387683,1,0.0,0,0.0,0,4.123447,1,1.3958956,1,3.773686,1
TGGAGACTGAAACA-1,0,273,8.8,0.0,0,0.0,0,0.0,0,0.0,0,0.0,0,0.0,0,0.0,0,2.8347206,1,0.0,0,0.0,0,3.4980605,1,0.0,0,0.0,0,0.0,0,2.8347206,1,0.0,0,0.0,0,2.8347206,1,0.0,0,2.8347206,1
TGGAGACTTCAAGC-1,0,661,0.9925558,0.0,0,0.0,0,0.0,0,0.0,0,1.7859498,1,0.0,0,0.0,0,2.7660506,1,0.0,0,0.0,0,3.706767,1,0.0,0,0.0,0,0.0,0,1.7859498,1,0.0,0,0.0,0,1.7859498,1,0.0,0,0.0,0
TGGAGACTTGACCA-1,2,831,1.2670108,0.0,0,0.0,0,1.7403343,1,1.7403343,1,0.0,0,0.0,0,0.0,0,3.5232599,1,0.0,0,0.0,0,2.3416612,1,0.0,0,1.7403343,1,0.0,0,2.3416612,1,0.0,0,0.0,0,3.1985197,1,0.0,0,0.0,0
TGGAGGGACGGAGA-1,1,786,2.374169,3.6632206,1,3.2084897,1,0.0,0,4.211783,1,3.3840523,1,2.3510587,1,2.3510587,1,6.2325897,1,3.881221,1,2.7242525,1,6.2870445,1,1.7489108,1,2.9954,1,2.3510587,1,2.3510587,1,2.7242525,1,0.0,0,4.34346,1,0.0,0,4.138814,1
TGGAGGGAGCTATG-1,0,471,1.3949434,0.0,0,0.0,0,0.0,0,3.580001,1,0.0,0,2.2740207,1,0.0,0,3.580001,1,0.0,0,0.0,0,3.797554,1,0.0,0,0.0,0,0.0,0,0.0,0,0.0,0,0.0,0,0.0,0,0.0,0,0.0,0
TGGATCGATAAAGG-1,0,835,0.9735202,0.0,0,0.0,0,0.0,0,1.5880265,1,0.0,0,2.1734056,1,0.0,0,3.4704947,1,1.5880265,1,0.0,0,2.1734056,1,2.1734056,1,0.0,0,0.0,0,2.1734056,1,0.0,0,0.0,0,2.1734056,1,0.0,0,0.0,0
TGGATGTGACCTAG-1,3,564,2.2031822,0.0,0,0.0,0,0.0,0,0.0,0,0.0,0,1.9634272,1,0.0,0,3.2384744,1,1.9634272,1,0.0,0,2.5838013,1,0.0,0,0.0,0,0.0,0,1.9634272,1,0.0,0,0.0,0,0.0,0,0.0,0,0.0,0
TGGATGTGATGTCG-1,2,913,6.4528594,1.5824728,1,0.0,0,0.0,0,0.0,0,0.0,0,2.167218,1,2.167218,1,2.167218,1,0.0,0,0.0,0,3.1864295,1,0.0,0,0.0,0,0.0,0,3.0123377,1,0.0,0,0.0,0,3.0123377,1,1.5824728,1,0.0,0
TGGATGTGTGAAGA-1,3,929,1.8975332,0.0,0,0.0,0,0.0,0,1.5684892,1,0.0,0,2.1516209,1,0.0,0,3.5608907,1,0.0,0,0.0,0,3.1695323,1,2.1516209,1,0.0,0,0.0,0,2.784861,1,0.0,0,0.0,0,0.0,0,0.0,0,0.0,0
TGGATTCTCATACG-1,2,958,2.5703795,0.0,0,0.0,0,0.0,0,0.0,0,0.0,0,2.214839,1,0.0,0,3.515708,1,1.6253048,1,0.0,0,2.583235,1,1.6253048,1,1.6253048,1,2.214839,1,2.583235,1,0.0,0,0.0,0,3.9897165,1,1.6253048,1,0.0,0
TGGCAATGCTTGTT-1,3,706,2.5492468,0.0,0,0.0,0,0.0,0,0.0,0,0.0,0,0.0,0,0.0,0,3.4018357,1,2.912975,1,0.0,0,3.1869855,1,0.0,0,1.9174857,1,0.0,0,2.912975,1,0.0,0,0.0,0,0.0,0,0.0,0,0.0,0
TGGCAATGGAGGGT-1,2,737,5.962191,0.0,0,0.0,0,0.0,0,0.0,0,0.0,0,0.0,0,0.0,0,3.0154684,1,1.7663836,1,0.0,0,3.5538504,1,1.7663836,1,0.0,0,0.0,0,2.7439952,1,0.0,0,0.0,0,3.2287588,1,0.0,0,0.0,0
TGGCACCTTCACGA-1,0,388,2.6041665,0.0,0,0.0,0,0.0,0,2.6405444,1,0.0,0,2.6405444,1,0.0,0,3.2973788,1,3.2973788,1,0.0,0,3.2973788,1,0.0,0,0.0,0,0.0,0,3.2973788,1,0.0,0,0.0,0,2.6405444,1,0.0,0,0.0,0
TGGCACCTTCAGTG-1,1,842,1.9358407,1.8774934,1,0.0,0,0.0,0,3.3563914,1,1.8774934,1,1.8774934,1,3.1419253,1,5.404855,1,3.8132362,1,3.3563914,1,5.60697,1,3.928563,1,4.211315,1,2.4910707,1,3.1419253,1,0.0,0,2.8685405,1,3.928563,1,0.0,0,4.031955,1
TGGGTATGAAGAGT-1,0,965,1.41252,1.4377723,1,0.0,0,0.0,0,1.4377723,1,0.0,0,1.4377723,1,0.0,0,4.074201,1,0.0,0,0.0,0,3.6772027,1,1.4377723,1,0.0,0,0.0,0,2.0045304,1,0.0,0,0.0,0,2.6279397,1,1.4377723,1,1.4377723,1
TGGGTATGCACAAC-1,0,1088,1.4193549,0.0,0,0.0,0,0.0,0,0.0,0,1.4414564,1,2.3684237,1,0.0,0,3.6819096,1,1.4414564,1,0.0,0,3.2889533,1,0.0,0,1.4414564,1,1.4414564,1,2.6324203,1,0.0,0,0.0,0,3.5971842,1,1.4414564,1,0.0,0
TGGGTATGGTACGT-1,3,511,1.8469658,0.0,0,0.0,0,0.0,0,0.0,0,0.0,0,2.2818797,1,0.0,0,3.5885148,1,0.0,0,0.0,0,3.3100035,1,2.2818797,1,0.0,0,0.0,0,3.3100035,1,0.0,0,0.0,0,0.0,0,0.0,0,0.0,0
TGGGTATGTTTGGG-1,1,794,1.9649721,2.6257577,1,3.67491,1,0.0,0,1.6623489,1,3.956234,1,2.2558453,1,3.560291,1,6.117652,1,3.7777321,1,1.6623489,1,5.9871206,1,3.67491,1,2.8951778,1,2.8951778,1,3.8709607,1,0.0,0,2.2558453,1,4.298897,1,1.6623489,1,5.146722,1
TGGTAGACATGCCA-1,0,900,1.5524806,0.0,0,0.0,0,0.0,0,0.0,0,1.4758968,1,1.4758968,1,0.0,0,3.056345,1,0.0,0,0.0,0,3.3321924,1,1.4758968,1,2.047682,1,2.047682,1,2.674137,1,0.0,0,0.0,0,3.4459994,1,0.0,0,0.0,0
TGGTAGACCCTCAC-1,2,865,2.8301888,0.0,0,2.8711557,1,1.8798423,1,1.8798423,1,0.0,0,3.5355775,1,1.8798423,1,3.5355775,1,0.0,0,0.0,0,4.292951,1,1.8798423,1,0.0,0,0.0,0,2.4936137,1,0.0,0,0.0,0,3.6855564,1,0.0,0,1.8798423,1
TGGTAGACCTGATG-1,0,789,1.120283,0.0,0,0.0,0,1.9309744,1,2.927918,1,0.0,0,1.9309744,1,0.0,0,3.4171078,1,2.927918,1,0.0,0,3.2021327,1,0.0,0,0.0,0,2.5488553,1,1.9309744,1,0.0,0,0.0,0,1.9309744,1,0.0,0,0.0,0
TGGTAGTGCACTGA-1,1,504,1.170117,4.6061606,1,3.3331692,1,2.3034856,1,2.945387,1,2.3034856,1,4.291446,1,3.6118915,1,5.421531,1,2.3034856,1,3.3331692,1,6.1892624,1,3.6118915,1,2.3034856,1,3.3331692,1,4.159868,1,2.3034856,1,0.0,0,5.0947447,1,2.3034856,1,3.3331692,1
TGGTATCTAAACAG-1,0,701,1.8138425,0.0,0,0.0,0,0.0,0,0.0,0,2.3557978,1,2.7291467,1,0.0,0,3.0003755,1,1.7532386,1,0.0,0,2.3557978,1,0.0,0,0.0,0,0.0,0,2.7291467,1,0.0,0,0.0,0,2.3557978,1,0.0,0,0.0,0
TGGTATCTCTTCCG-1,0,817,2.053967,0.0,0,0.0,0,0.0,0,1.6149002,1,1.6149002,1,0.0,0,0.0,0,2.8396366,1,2.203292,1,0.0,0,3.3738847,1,2.203292,1,0.0,0,0.0,0,1.6149002,1,0.0,0,0.0,0,1.6149002,1,0.0,0,1.6149002,1
TGGTCAGACCCAAA-1,0,796,1.9507186,1.8163433,1,0.0,0,0.0,0,0.0,0,1.8163433,1,1.8163433,1,0.0,0,4.0542626,1,0.0,0,0.0,0,4.0542626,1,0.0,0,0.0,0,0.0,0,2.4246843,1,0.0,0,1.8163433,1,2.4246843,1,0.0,0,0.0,0
TGGTCAGACCGTTC-1,2,542,10.140562,0.0,0,3.7174826,1,3.0483398,1,2.4015396,1,0.0,0,2.4015396,1,0.0,0,3.0483398,1,0.0,0,0.0,0,3.0483398,1,0.0,0,0.0,0,2.4015396,1,2.4015396,1,0.0,0,0.0,0,3.4378662,1,0.0,0,2.4015396,1
TGGTTACTGACGTT-1,1,972,0.58436817,2.9584548,1,2.117131,1,0.0,0,2.4816434,1,3.4088044,1,2.4816434,1,3.132089,1,4.8588605,1,3.4088044,1,2.7482026,1,5.616853,1,2.7482026,1,2.117131,1,3.132089,1,3.7181952,1,0.0,0,2.117131,1,4.254464,1,0.0,0,3.7181952,1
TGGTTACTGTTCTT-1,0,906,2.1447723,0.0,0,0.0,0,1.5754439,1,1.5754439,1,0.0,0,1.5754439,1,0.0,0,3.177942,1,0.0,0,0.0,0,2.7930984,1,0.0,0,1.5754439,1,0.0,0,2.5256214,1,1.5754439,1,0.0,0,2.5256214,1,1.5754439,1,1.5754439,1
TGTAACCTAGAGGC-1,0,871,1.6636528,0.0,0,1.5296664,1,0.0,0,1.5296664,1,0.0,0,1.5296664,1,0.0,0,3.122357,1,0.0,0,0.0,0,3.3989646,1,1.5296664,1,0.0,0,2.4723203,1,2.1081836,1,0.0,0,0.0,0,2.9488075,1,1.5296664,1,0.0,0
TGTAACCTTGCCTC-1,1,922,2.9952931,3.6778288,1,3.2849236,1,0.0,0,3.4337108,1,2.6285357,1,2.898007,1,2.2585266,1,5.17425,1,4.178492,1,3.1100628,1,5.5858936,1,2.898007,1,2.2585266,1,2.898007,1,3.6778288,1,0.0,0,2.898007,1,3.7806585,1,0.0,0,3.2849236,1
TGTAATGACACAAC-1,2,724,1.4363885,0.0,0,3.7392817,1,2.6871161,1,0.0,0,0.0,0,3.0696275,1,0.0,0,3.561703,1,2.0598288,1,0.0,0,3.0696275,1,0.0,0,0.0,0,0.0,0,3.561703,1,0.0,0,0.0,0,0.0,0,0.0,0,0.0,0
TGTAATGAGGTAAA-1,2,628,1.4107884,0.0,0,0.0,0,2.8677576,1,0.0,0,2.2298806,1,3.2540987,1,0.0,0,3.7493577,1,0.0,0,0.0,0,2.8677576,1,2.2298806,1,0.0,0,0.0,0,0.0,0,0.0,0,0.0,0,2.8677576,1,2.2298806,1,0.0,0
TGTACTTGCTCTAT-1,4,1479,1.6710821,4.129344,1,4.862816,1,3.9887161,1,3.7318935,1,4.1616144,1,3.2369068,1,3.1534605,1,5.0749025,1,3.3854294,1,3.4521623,1,5.0620804,1,2.7255845,1,3.3854294,1,2.9622347,1,4.1616144,1,1.6244861,1,2.414978,1,3.9102159,1,1.9620247,1,3.5735917,1
TGTAGGTGCGAGAG-1,3,533,3.1468532,0.0,0,0.0,0,0.0,0,2.2779405,1,0.0,0,0.0,0,0.0,0,2.2779405,1,0.0,0,0.0,0,3.3057761,1,0.0,0,0.0,0,0.0,0,3.5842483,1,0.0,0,0.0,0,0.0,0,0.0,0,2.2779405,1
TGTAGGTGCTATGG-1,0,1101,2.4799244,0.0,0,0.0,0,0.0,0,1.2128183,1,0.0,0,1.2128183,1,0.0,0,3.2955568,1,0.0,0,0.0,0,3.2955568,1,0.0,0,0.0,0,1.7449994,1,1.2128183,1,0.0,0,1.2128183,1,2.9909003,1,0.0,0,1.2128183,1
TGTAGGTGCTCTAT-1,5,1913,2.7198982,2.3565183,1,2.8287072,1,0.0,0,3.0773416,1,2.1929693,1,2.6202278,1,0.0,0,3.9805741,1,1.7538967,1,0.95256734,1,3.669099,1,1.7538967,1,1.7538967,1,2.7298906,1,3.539204,1,0.0,0,0.0,0,3.853935,1,1.4314382,1,4.1696725,1
TGTAGGTGTGCTGA-1,0,855,2.0833335,0.0,0,0.0,0,0.0,0,0.0,0,0.0,0,0.0,0,0.0,0,2.8179107,1,0.0,0,0.0,0,3.5950942,1,1.5964456,1,0.0,0,0.0,0,2.8179107,1,0.0,0,0.0,0,2.1827781,1,0.0,0,0.0,0
TGTAGTCTTCCAGA-1,0,1266,1.3962445,0.0,0,0.0,0,0.0,0,1.7625743,1,1.7625743,1,2.1091375,1,0.0,0,3.8974006,1,1.7625743,1,1.2277997,1,3.5493858,1,1.2277997,1,0.0,0,0.0,0,1.7625743,1,0.0,0,0.0,0,2.1091375,1,0.0,0,1.2277997,1
TGTAGTCTTGCACA-1,2,884,3.4910426,1.7219784,1,0.0,0,0.0,0,2.3215222,1,0.0,0,2.3215222,1,0.0,0,3.3524806,1,2.6937325,1,0.0,0,2.964363,1,2.3215222,1,1.7219784,1,0.0,0,2.6937325,1,0.0,0,0.0,0,3.8492086,1,1.7219784,1,0.0,0
TGTATCTGTTAGGC-1,0,817,1.3527055,0.0,0,0.0,0,0.0,0,0.0,0,0.0,0,1.7934282,1,1.7934282,1,2.7744658,1,2.3997154,1,0.0,0,1.7934282,1,0.0,0,1.7934282,1,1.7934282,1,2.7744658,1,0.0,0,0.0,0,2.3997154,1,0.0,0,0.0,0
TGTATGCTCATGGT-1,3,619,3.245436,0.0,0,0.0,0,0.0,0,0.0,0,0.0,0,0.0,0,0.0,0,3.7273295,1,2.6757095,1,0.0,0,4.2284856,1,0.0,0,0.0,0,0.0,0,2.049153,1,0.0,0,0.0,0,0.0,0,0.0,0,0.0,0
TGTATGCTGTAGGG-1,0,591,2.1305842,0.0,0,0.0,0,0.0,0,0.0,0,0.0,0,2.0640206,1,0.0,0,3.8947356,1,0.0,0,0.0,0,3.7439704,1,2.0640206,1,0.0,0,2.0640206,1,2.0640206,1,0.0,0,0.0,0,0.0,0,3.350266,1,0.0,0
TGTATGCTTTCATC-1,0,685,2.1849594,0.0,0,0.0,0,0.0,0,0.0,0,0.0,0,0.0,0,1.8060682,1,2.4134946,1,0.0,0,0.0,0,2.7886717,1,0.0,0,2.4134946,1,1.8060682,1,3.0608587,1,0.0,0,0.0,0,3.845418,1,2.4134946,1,0.0,0
TGTCAGGAATACCG-1,0,887,3.1803396,0.0,0,0.0,0,1.5302333,1,0.0,0,1.5302333,1,1.5302333,1,0.0,0,3.1230485,1,2.1088192,1,0.0,0,2.1088192,1,1.5302333,1,2.1088192,1,0.0,0,2.7393563,1,0.0,0,0.0,0,0.0,0,0.0,0,0.0,0
TGTCAGGAGATGAA-1,4,1336,1.9838353,4.0498066,1,3.4925773,1,3.6316137,1,3.4925773,1,3.7536573,1,4.2075644,1,3.3310394,1,5.4756403,1,3.2392983,1,1.7754883,1,5.6188674,1,3.6316137,1,3.2392983,1,3.138283,1,3.7536573,1,1.7754883,1,0.0,0,4.2075644,1,2.7542648,1,3.138283,1
TGTCTAACCCCTTG-1,0,656,2.7805865,0.0,0,0.0,0,0.0,0,0.0,0,1.8009853,1,0.0,0,0.0,0,2.782962,1,0.0,0,0.0,0,3.7243648,1,0.0,0,0.0,0,0.0,0,2.4079556,1,0.0,0,0.0,0,0.0,0,1.8009853,1,0.0,0
TGTGACGATTCTCA-1,2,1227,1.5493867,0.0,0,0.0,0,0.0,0,2.3690088,1,0.0,0,1.4419492,1,0.0,0,3.2895746,1,1.4419492,1,0.0,0,3.2895746,1,2.0092688,1,0.0,0,1.4419492,1,3.597812,1,0.0,0,0.0,0,3.2895746,1,0.0,0,1.4419492,1
TGTGAGACTGTCAG-1,4,980,1.5753938,3.8292532,1,3.5487869,1,2.1406178,1,3.3056557,1,3.907623,1,3.3056557,1,3.157599,1,5.7563653,1,3.7442148,1,2.983747,1,6.1285844,1,2.983747,1,2.983747,1,4.048042,1,3.8292532,1,2.1406178,1,1.5586382,1,4.3313503,1,2.1406178,1,3.6512673,1
TGTGAGACTTGAGC-1,0,817,2.3702493,0.0,0,0.0,0,0.0,0,2.585123,1,1.6269453,1,1.6269453,1,0.0,0,3.8280191,1,0.0,0,0.0,0,3.06533,1,1.6269453,1,1.6269453,1,1.6269453,1,2.2166584,1,0.0,0,0.0,0,2.585123,1,0.0,0,0.0,0
TGTGAGTGACCACA-1,0,582,3.1585596,0.0,0,0.0,0,0.0,0,0.0,0,0.0,0,0.0,0,1.9902167,1,2.9932973,1,0.0,0,0.0,0,1.9902167,1,0.0,0,0.0,0,0.0,0,2.9932973,1,0.0,0,0.0,0,0.0,0,0.0,0,0.0,0
TGTGAGTGAGTGCT-1,4,1370,2.0437956,3.8554785,1,3.324209,1,2.1165957,1,3.6247172,1,3.9991918,1,4.124823,1,3.4082158,1,5.3602676,1,2.8925872,1,2.5780458,1,5.985916,1,2.8925872,1,3.1315067,1,2.373705,1,3.802586,1,2.7476327,1,2.1165957,1,4.200586,1,3.324209,1,4.0846744,1
TGTGAGTGGAGATA-1,2,460,0.7223942,0.0,0,0.0,0,0.0,0,0.0,0,0.0,0,3.0755208,1,0.0,0,3.0755208,1,0.0,0,0.0,0,3.0755208,1,0.0,0,0.0,0,0.0,0,2.4275053,1,0.0,0,0.0,0,2.4275053,1,0.0,0,0.0,0
TGTGATCTCTCTAT-1,3,638,2.95858,0.0,0,0.0,0,0.0,0,0.0,0,1.9340053,1,2.5521228,1,0.0,0,3.8782032,1,0.0,0,0.0,0,3.5973933,1,1.9340053,1,0.0,0,1.9340053,1,3.7476227,1,0.0,0,0.0,0,1.9340053,1,0.0,0,0.0,0
TGTGATCTGACACT-1,2,471,3.8808663,2.305922,1,2.305922,1,0.0,0,0.0,0,2.305922,1,0.0,0,0.0,0,2.305922,1,0.0,0,0.0,0,3.6145248,1,0.0,0,0.0,0,0.0,0,0.0,0,0.0,0,0.0,0,2.947951,1,0.0,0,0.0,0
TGTGGATGGCCAAT-1,3,650,2.6735218,0.0,0,1.8163433,1,0.0,0,0.0,0,0.0,0,1.8163433,1,0.0,0,3.7422934,1,0.0,0,0.0,0,3.2864094,1,1.8163433,1,1.8163433,1,0.0,0,2.4246843,1,0.0,0,0.0,0,0.0,0,0.0,0,1.8163433,1
TGTTAAGACAAAGA-1,1,414,1.7688679,2.5488553,1,2.5488553,1,0.0,0,0.0,0,2.5488553,1,0.0,0,0.0,0,5.606634,1,2.5488553,1,2.5488553,1,5.8376756,1,2.5488553,1,3.2021327,1,3.2021327,1,6.23063,1,0.0,0,0.0,0,4.5574455,1,0.0,0,4.0937157,1
TGTTAAGATAAGGA-1,1,907,3.3133917,3.1788976,1,2.966108,1,0.0,0,3.1788976,1,3.748008,1,0.0,0,1.7234898,1,4.935348,1,4.0297813,1,2.6954482,1,5.719877,1,2.966108,1,2.6954482,1,3.503404,1,3.748008,1,0.0,0,2.3231819,1,3.748008,1,0.0,0,3.503404,1
TGTTAAGATTGGCA-1,1,308,6.688963,2.8748298,1,3.5393586,1,0.0,0,2.8748298,1,4.6184263,1,2.8748298,1,0.0,0,5.125297,1,3.5393586,1,0.0,0,6.4019284,1,0.0,0,0.0,0,3.9350991,1,2.8748298,1,0.0,0,2.8748298,1,5.125297,1,0.0,0,3.5393586,1
TGTTACACCGCATA-1,4,1147,1.8475072,4.0885115,1,3.0693479,1,2.282143,1,4.1822963,1,3.9850118,1,3.197056,1,3.5042973,1,5.3292274,1,3.5888,1,3.0693479,1,5.5904727,1,3.0693479,1,3.5042973,1,2.5439775,1,3.5042973,1,1.3692884,1,1.926451,1,3.8064017,1,2.5439775,1,4.1365027,1
TGTTACACGACTAC-1,4,732,3.0721967,3.9551454,1,3.2809727,1,0.0,0,4.0487127,1,2.7948995,1,3.4570093,1,1.8116157,1,6.517499,1,3.6066465,1,2.419537,1,5.979557,1,2.7948995,1,3.0671833,1,3.4570093,1,4.134269,1,0.0,0,0.0,0,4.859876,1,2.7948995,1,3.2809727,1
TGTTACTGGCTACA-1,2,992,3.0205398,0.0,0,0.0,0,0.0,0,1.6149002,1,0.0,0,2.8396366,1,0.0,0,3.5031247,1,2.5712495,1,0.0,0,3.3738847,1,0.0,0,0.0,0,2.203292,1,3.0510218,1,0.0,0,0.0,0,3.7202294,1,0.0,0,0.0,0
TGTTACTGTAGTCG-1,2,801,3.442438,0.0,0,0.0,0,1.8940945,1,0.0,0,0.0,0,2.8870096,1,0.0,0,3.7019362,1,0.0,0,0.0,0,3.3752859,1,0.0,0,0.0,0,0.0,0,1.8940945,1,0.0,0,0.0,0,3.3752859,1,0.0,0,1.8940945,1
TTAACCACCGTAAC-1,0,822,2.7372262,1.71634,1,0.0,0,0.0,0,1.71634,1,0.0,0,0.0,0,0.0,0,3.4949572,1,0.0,0,0.0,0,3.170552,1,0.0,0,0.0,0,1.71634,1,2.9578488,1,0.0,0,1.71634,1,1.71634,1,0.0,0,0.0,0
TTAACCACTAAGGA-1,2,529,1.9198663,0.0,0,0.0,0,0.0,0,0.0,0,0.0,0,2.2358274,1,0.0,0,2.874041,1,0.0,0,0.0,0,2.874041,1,2.874041,1,0.0,0,0.0,0,3.2605035,1,0.0,0,0.0,0,2.874041,1,0.0,0,2.2358274,1
TTAACCACTCAGAC-1,2,737,2.9540482,0.0,0,0.0,0,0.0,0,1.8681726,1,0.0,0,0.0,0,0.0,0,3.1313903,1,0.0,0,1.8681726,1,3.802467,1,1.8681726,1,0.0,0,1.8681726,1,3.3457642,1,0.0,0,0.0,0,3.1313903,1,0.0,0,0.0,0
TTACACACGTGTTG-1,0,806,1.5690777,1.5745325,1,0.0,0,0.0,0,0.0,0,0.0,0,1.5745325,1,0.0,0,2.7920196,1,0.0,0,1.5745325,1,2.7920196,1,1.5745325,1,0.0,0,1.5745325,1,2.524564,1,0.0,0,0.0,0,3.6708386,1,0.0,0,0.0,0
TTACACACTCCTAT-1,0,816,2.1929824,2.1947396,1,0.0,0,0.0,0,0.0,0,2.1947396,1,1.6072017,1,0.0,0,2.5623686,1,2.1947396,1,0.0,0,3.4937963,1,0.0,0,0.0,0,1.6072017,1,1.6072017,1,0.0,0,0.0,0,0.0,0,0.0,0,0.0,0
TTACCATGAATCGC-1,1,889,3.3044198,2.595008,1,3.2501183,1,1.6355405,1,3.2501183,1,3.0755208,1,3.2501183,1,1.6355405,1,5.483424,1,2.8638523,1,3.2501183,1,6.036331,1,3.2501183,1,4.1428723,1,2.2261858,1,3.7453146,1,0.0,0,0.0,0,4.002211,1,0.0,0,4.002211,1
TTACCATGGTTGAC-1,0,1305,1.0140029,0.0,0,0.0,0,0.0,0,1.2279704,1,1.2279704,1,2.5704315,1,0.0,0,3.1236255,1,1.7627742,1,0.0,0,3.6166954,1,0.0,0,0.0,0,0.0,0,2.5704315,1,0.0,0,0.0,0,0.0,0,1.2279704,1,1.2279704,1
TTACCATGTGTCTT-1,0,588,3.2947462,0.0,0,2.2930114,1,0.0,0,0.0,0,0.0,0,2.2930114,1,0.0,0,3.600564,1,0.0,0,0.0,0,3.600564,1,0.0,0,0.0,0,0.0,0,2.9343588,1,0.0,0,0.0,0,2.9343588,1,2.9343588,1,0.0,0
TTACCATGTTGTGG-1,3,657,1.4211887,0.0,0,0.0,0,0.0,0,0.0,0,0.0,0,2.010108,1,0.0,0,3.6834836,1,2.010108,1,0.0,0,3.6834836,1,2.010108,1,2.010108,1,0.0,0,0.0,0,0.0,0,0.0,0,2.633919,1,0.0,0,0.0,0
TTACGACTGAGAGC-1,0,1154,1.7335767,0.0,0,0.0,0,0.0,0,2.785717,1,0.0,0,1.95792,1,0.0,0,3.4475362,1,1.3968108,1,0.0,0,3.104408,1,0.0,0,1.3968108,1,2.577877,1,0.0,0,0.0,0,0.0,0,4.021078,1,2.3151917,1,0.0,0
TTACGACTTGACAC-1,1,713,2.208202,0.0,0,2.8202574,1,0.0,0,1.8342423,1,3.0929296,1,1.8342423,1,1.8342423,1,4.8461485,1,3.0929296,1,0.0,0,5.822054,1,2.8202574,1,0.0,0,2.8202574,1,3.63291,1,1.8342423,1,1.8342423,1,4.7137394,1,1.8342423,1,3.878332,1
TTACGTACGTTCAG-1,6,326,2.745512,0.0,0,0.0,0,0.0,0,0.0,0,2.4523587,1,2.4523587,1,0.0,0,4.674296,1,3.4918644,1,0.0,0,3.7719064,1,2.4523587,1,0.0,0,0.0,0,5.076646,1,0.0,0,2.4523587,1,0.0,0,3.1015067,1,3.9904377,1
TTACTCGAACGTTG-1,7,3315,1.7645905,0.83651185,1,0.83651185,1,0.83651185,1,2.1803956,1,0.5032877,1,0.83651185,1,0.0,0,3.3490028,1,0.83651185,1,0.0,0,3.802835,1,0.83651185,1,0.0,0,0.5032877,1,2.960945,1,0.0,0,0.0,0,0.5032877,1,0.0,0,0.5032877,1
TTACTCGAAGAATG-1,1,1129,2.5886617,3.0784814,1,2.635721,1,1.2783397,1,2.806026,1,2.9515042,1,0.0,0,0.0,0,5.0691,1,2.4303355,1,2.1715672,1,5.700201,1,2.9515042,1,3.0784814,1,1.8215362,1,3.2923765,1,0.0,0,1.2783397,1,3.807583,1,0.0,0,3.685376,1
TTACTCGACGCAAT-1,5,1603,2.4845955,1.604655,1,2.3924584,1,0.0,0,3.038826,1,1.9407848,1,2.1919088,1,0.0,0,4.388541,1,2.827584,1,0.0,0,3.5495374,1,1.0946282,1,2.1919088,1,2.3924584,1,2.3924584,1,1.0946282,1,0.0,0,3.6577334,1,0.0,0,4.00146,1
TTACTCGAGGGTGA-1,0,879,2.1184778,1.5939398,1,0.0,0,0.0,0,2.1799896,1,0.0,0,1.5939398,1,0.0,0,3.0260448,1,1.5939398,1,0.0,0,2.8149552,1,1.5939398,1,2.1799896,1,1.5939398,1,2.1799896,1,0.0,0,0.0,0,2.5470455,1,0.0,0,0.0,0
TTACTCGATCTACT-1,2,1156,1.7248139,1.5936273,1,2.8145864,1,2.8145864,1,1.5936273,1,0.0,0,2.546684,1,0.0,0,3.0256717,1,0.0,0,0.0,0,3.5916557,1,1.5936273,1,0.0,0,2.1796417,1,2.1796417,1,0.0,0,0.0,0,3.9508667,1,0.0,0,0.0,0
TTAGAATGTGGTGT-1,0,642,1.7241379,0.0,0,0.0,0,0.0,0,2.5252688,1,0.0,0,0.0,0,0.0,0,4.1622896,1,0.0,0,0.0,0,3.8496585,1,1.9091167,1,1.9091167,1,0.0,0,0.0,0,0.0,0,0.0,0,0.0,0,0.0,0,0.0,0
TTAGAATGTGTAGC-1,0,285,3.3492823,0.0,0,0.0,0,0.0,0,0.0,0,0.0,0,0.0,0,0.0,0,5.5458937,1,0.0,0,0.0,0,5.5458937,1,0.0,0,2.8302066,1,0.0,0,2.8302066,1,0.0,0,0.0,0,0.0,0,2.8302066,1,0.0,0
TTAGACCTCCTACC-1,0,825,4.3460765,0.0,0,0.0,0,0.0,0,1.6142552,1,2.2025757,1,0.0,0,0.0,0,3.373107,1,0.0,0,0.0,0,2.8388784,1,1.6142552,1,0.0,0,0.0,0,2.8388784,1,0.0,0,0.0,0,1.6142552,1,0.0,0,1.6142552,1
TTAGACCTCCTTTA-1,1,823,1.5144958,3.2944577,1,2.6377275,1,0.0,0,2.6377275,1,3.7903368,1,0.0,0,0.0,0,5.5795603,1,3.1195264,1,2.2673995,1,5.7447753,1,0.0,0,2.2673995,1,3.443296,1,2.9073668,1,0.0,0,1.6728129,1,5.254333,1,0.0,0,2.9073668,1
TTAGCTACAACCGT-1,0,719,2.094241,0.0,0,0.0,0,0.0,0,2.3536403,1,2.3536403,1,0.0,0,0.0,0,2.9981103,1,0.0,0,0.0,0,3.3868086,1,1.7512681,1,1.7512681,1,0.0,0,2.7269187,1,0.0,0,0.0,0,2.7269187,1,0.0,0,0.0,0
TTAGCTACTGTCCC-1,1,1253,1.8633541,3.1191645,1,3.33343,1,1.3092604,1,4.7409606,1,3.425492,1,3.5875285,1,3.8492615,1,5.1897664,1,3.1191645,1,2.2094057,1,5.6231155,1,2.6753318,1,2.4692628,1,2.2094057,1,3.1191645,1,0.0,0,1.8573704,1,3.232025,1,1.3092604,1,3.905236,1
TTAGCTACTTTCGT-1,0,971,4.313591,1.4869279,1,0.0,0,0.0,0,1.4869279,1,0.0,0,2.6874352,1,0.0,0,3.5620356,1,0.0,0,0.0,0,3.069954,1,0.0,0,0.0,0,0.0,0,3.069954,1,0.0,0,0.0,0,3.069954,1,0.0,0,1.4869279,1
TTAGGGACGCGAAG-1,2,853,2.3636363,0.0,0,0.0,0,0.0,0,1.7133512,1,0.0,0,2.3120446,1,0.0,0,2.6839328,1,0.0,0,0.0,0,2.9543939,1,0.0,0,1.7133512,1,2.3120446,1,2.6839328,1,0.0,0,0.0,0,3.3423362,1,0.0,0,0.0,0
TTAGGGTGCTGGAT-1,3,916,1.6865777,1.5073916,1,0.0,0,0.0,0,1.5073916,1,0.0,0,0.0,0,0.0,0,3.7653604,1,1.5073916,1,0.0,0,3.680452,1,1.5073916,1,2.0831692,1,0.0,0,2.9218,1,0.0,0,0.0,0,2.0831692,1,0.0,0,0.0,0
TTAGGGTGTCCTGC-1,1,1053,3.1089978,3.5239694,1,3.8825815,1,0.0,0,3.6263773,1,2.9594946,1,2.1180959,1,3.7192652,1,4.7395873,1,2.749229,1,2.749229,1,6.0613275,1,3.8042536,1,3.1331377,1,3.409865,1,3.5239694,1,2.1180959,1,1.5385098,1,4.3542767,1,2.9594946,1,4.145987,1
TTAGGTCTACTTTC-1,1,515,3.4358046,3.3366508,1,2.9488075,1,0.0,0,2.9488075,1,0.0,0,2.3067355,1,0.0,0,5.4641767,1,3.833152,1,0.0,0,5.9885354,1,2.9488075,1,0.0,0,3.3366508,1,3.6154041,1,0.0,0,0.0,0,4.2950068,1,0.0,0,3.833152,1
TTAGTCACCAGTTG-1,0,1017,1.5706805,0.0,0,0.0,0,0.0,0,1.5559772,1,0.0,0,2.1376433,1,0.0,0,3.9043195,1,1.5559772,1,0.0,0,3.3024082,1,0.0,0,0.0,0,1.5559772,1,2.9805465,1,0.0,0,0.0,0,2.5030043,1,0.0,0,0.0,0
TTAGTCTGAAAGCA-1,3,953,3.021478,0.0,0,1.5350722,1,0.0,0,1.5350722,1,0.0,0,1.5350722,1,0.0,0,3.1289496,1,2.114244,1,0.0,0,3.6221147,1,0.0,0,2.114244,1,0.0,0,3.4056304,1,0.0,0,0.0,0,2.114244,1,0.0,0,0.0,0
TTAGTCTGCCAACA-1,2,832,2.4207494,0.0,0,3.1814382,1,1.9125514,1,0.0,0,0.0,0,3.1814382,1,0.0,0,3.5729647,1,0.0,0,0.0,0,2.9075031,1,0.0,0,1.9125514,1,1.9125514,1,1.9125514,1,0.0,0,1.9125514,1,3.1814382,1,1.9125514,1,0.0,0
TTAGTCTGTGCACA-1,0,645,4.0189123,0.0,0,0.0,0,0.0,0,2.5521228,1,0.0,0,1.9340053,1,0.0,0,2.9312727,1,0.0,0,0.0,0,2.9312727,1,0.0,0,0.0,0,3.4205358,1,3.2055328,1,0.0,0,0.0,0,4.1909986,1,0.0,0,0.0,0
TTATCCGACTAGTG-1,3,667,2.4697845,0.0,0,0.0,0,0.0,0,0.0,0,0.0,0,0.0,0,0.0,0,3.63291,1,0.0,0,1.8342423,1,3.9816217,1,1.8342423,1,2.4441524,1,0.0,0,3.0929296,1,0.0,0,0.0,0,0.0,0,0.0,0,0.0,0
TTATCCGAGAAAGT-1,1,1326,3.1907349,3.4575818,1,3.4575818,1,0.0,0,3.4575818,1,3.5294368,1,3.380161,1,3.2962396,1,5.2964582,1,4.09627,1,1.2133166,1,6.223895,1,2.8651893,1,2.5512502,1,3.1037624,1,3.5294368,1,0.0,0,2.0911076,1,4.3081565,1,2.5512502,1,4.2078147,1
TTATGAGAGATAAG-1,0,547,2.7842228,0.0,0,0.0,0,0.0,0,0.0,0,0.0,0,2.1679032,1,0.0,0,3.187171,1,2.1679032,1,0.0,0,2.80214,1,0.0,0,0.0,0,0.0,0,2.1679032,1,0.0,0,0.0,0,2.1679032,1,0.0,0,0.0,0
TTATGCACGTCACA-1,3,636,1.8238994,0.0,0,0.0,0,0.0,0,0.0,0,0.0,0,2.9891067,1,0.0,0,3.8072214,1,1.9864087,1,0.0,0,2.9891067,1,1.9864087,1,0.0,0,0.0,0,1.9864087,1,0.0,0,0.0,0,1.9864087,1,0.0,0,0.0,0
TTATGGCTTATGGC-1,5,1783,2.2060015,2.0134745,1,1.4456584,1,0.0,0,3.6025345,1,2.2095501,1,2.846259,1,0.0,0,4.7268596,1,1.7693383,1,0.0,0,3.407902,1,0.96406066,1,0.96406066,1,2.3734107,1,2.9362772,1,0.0,0,0.96406066,1,3.0188568,1,1.7693383,1,4.4276986,1
TTATTCCTATGCTG-1,1,1211,2.1953065,3.1661415,1,3.359116,1,1.2595904,1,3.359116,1,3.1661415,1,3.1661415,1,2.4065766,1,5.682836,1,3.2672765,1,1.7997203,1,5.6389294,1,2.9268026,1,2.7815402,1,3.2672765,1,3.7228856,1,2.1484933,1,2.7815402,1,4.372523,1,1.7997203,1,4.372523,1
TTATTCCTGGACAG-1,3,788,1.3126491,0.0,0,0.0,0,0.0,0,0.0,0,0.0,0,0.0,0,0.0,0,3.4914784,1,0.0,0,0.0,0,3.8015914,1,1.6052908,1,1.6052908,1,0.0,0,1.6052908,1,0.0,0,0.0,0,0.0,0,0.0,0,0.0,0
TTATTCCTGGTACT-1,3,807,2.4439101,0.0,0,0.0,0,0.0,0,1.6120028,1,0.0,0,2.8362303,1,0.0,0,3.6140366,1,0.0,0,0.0,0,3.4996157,1,0.0,0,0.0,0,0.0,0,1.6120028,1,0.0,0,0.0,0,1.6120028,1,0.0,0,0.0,0
TTATTCCTTCGTGA-1,0,1104,2.4633615,1.4163562,1,0.0,0,1.4163562,1,0.0,0,1.4163562,1,1.4163562,1,1.4163562,1,4.0996537,1,1.9801937,1,0.0,0,2.810027,1,0.0,0,1.4163562,1,0.0,0,2.6018221,1,0.0,0,0.0,0,3.1291485,1,0.0,0,0.0,0
TTCAAAGATAAAGG-1,2,884,2.3899372,0.0,0,1.6476256,1,0.0,0,1.6476256,1,1.6476256,1,0.0,0,0.0,0,3.4132056,1,0.0,0,0.0,0,2.8779912,1,1.6476256,1,0.0,0,0.0,0,1.6476256,1,0.0,0,0.0,0,3.0898213,1,0.0,0,0.0,0
TTCAACACAACAGA-1,0,848,1.1934156,0.0,0,0.0,0,0.0,0,1.6325527,1,0.0,0,2.222875,1,0.0,0,3.395127,1,0.0,0,0.0,0,3.2465503,1,0.0,0,0.0,0,1.6325527,1,2.222875,1,0.0,0,0.0,0,0.0,0,0.0,0,2.222875,1
TTCAACACCCCAAA-1,1,788,2.3877745,0.0,0,2.357095,1,1.7544235,1,3.5398226,1,3.001737,1,0.0,0,0.0,0,5.0672917,1,3.001737,1,1.7544235,1,5.3305182,1,3.214891,1,2.357095,1,3.001737,1,3.3904967,1,1.7544235,1,2.357095,1,4.7511973,1,0.0,0,4.409909,1
TTCAACACGGACGA-1,4,1013,2.012384,3.187171,1,3.859458,1,2.80214,1,3.5787778,1,3.7743611,1,3.937878,1,3.335406,1,6.365603,1,4.010593,1,1.5830876,1,5.7004023,1,2.1679032,1,3.5787778,1,2.80214,1,3.859458,1,0.0,0,2.1679032,1,3.335406,1,3.5787778,1,4.361816,1
TTCAAGCTAAGAAC-1,1,1003,2.6126466,2.1489394,1,3.3147368,1,0.0,0,2.9926975,1,3.4437149,1,2.1489394,1,2.1489394,1,5.430541,1,3.5579422,1,1.5660875,1,5.494806,1,3.4437149,1,3.4437149,1,3.166625,1,4.1804295,1,0.0,0,2.782014,1,4.1207604,1,0.0,0,4.1804295,1
TTCAAGCTAGATGA-1,0,916,2.3537323,0.0,0,0.0,0,0.0,0,2.4064236,1,0.0,0,2.0450408,1,0.0,0,3.2008407,1,0.0,0,0.0,0,3.053455,1,0.0,0,2.8805285,1,1.4735581,1,2.0450408,1,0.0,0,0.0,0,0.0,0,0.0,0,0.0,0
TTCAAGCTGTTGAC-1,0,818,1.9789474,0.0,0,0.0,0,0.0,0,0.0,0,0.0,0,0.0,0,0.0,0,3.764468,1,0.0,0,0.0,0,3.5471027,1,0.0,0,0.0,0,2.2437,1,1.6513617,1,0.0,0,0.0,0,3.0942361,1,0.0,0,0.0,0
TTCAAGCTTCCAAG-1,0,406,5.54054,0.0,0,0.0,0,0.0,0,0.0,0,0.0,0,2.6750803,1,0.0,0,0.0,0,2.6750803,1,0.0,0,4.2278194,1,0.0,0,0.0,0,0.0,0,3.3331692,1,0.0,0,0.0,0,3.7266698,1,0.0,0,0.0,0
TTCAAGCTTGATGC-1,0,828,1.6222961,1.6412203,1,0.0,0,0.0,0,0.0,0,0.0,0,2.232477,1,0.0,0,3.2568953,1,0.0,0,0.0,0,2.601533,1,0.0,0,1.6412203,1,0.0,0,1.6412203,1,0.0,0,0.0,0,3.2568953,1,0.0,0,0.0,0
TTCAAGCTTTCGCC-1,0,882,2.8144543,0.0,0,0.0,0,0.0,0,2.0736878,1,0.0,0,1.4989647,1,0.0,0,2.7019117,1,2.0736878,1,0.0,0,2.4363425,1,2.0736878,1,1.4989647,1,0.0,0,2.7019117,1,0.0,0,0.0,0,2.4363425,1,0.0,0,1.4989647,1
TTCACAACCCGTTC-1,1,959,0.9501188,3.2089455,1,2.5554028,1,0.0,0,3.2089455,1,2.8234787,1,1.6011695,1,2.8234787,1,5.9324803,1,1.6011695,1,1.6011695,1,5.5991635,1,3.2089455,1,3.0346713,1,2.5554028,1,3.8816862,1,0.0,0,2.188033,1,3.9601417,1,0.0,0,4.164201,1
TTCACAACGTCTGA-1,4,395,0.58997047,2.7581758,1,4.315556,1,3.8135972,1,3.8135972,1,3.8135972,1,4.095747,1,2.7581758,1,5.8311024,1,4.495649,1,0.0,0,5.2628126,1,2.7581758,1,4.095747,1,0.0,0,3.8135972,1,2.7581758,1,0.0,0,2.7581758,1,2.7581758,1,3.419106,1
TTCAGACTACCCAA-1,0,368,3.6755388,0.0,0,0.0,0,0.0,0,2.615516,1,0.0,0,3.2714128,1,0.0,0,0.0,0,2.615516,1,0.0,0,0.0,0,0.0,0,0.0,0,2.615516,1,0.0,0,0.0,0,0.0,0,2.615516,1,0.0,0,0.0,0
TTCAGACTCTCGAA-1,0,787,0.9717314,0.0,0,0.0,0,0.0,0,1.6906164,1,0.0,0,1.6906164,1,0.0,0,3.315528,1,0.0,0,0.0,0,2.658052,1,1.6906164,1,0.0,0,0.0,0,0.0,0,0.0,0,0.0,0,2.9280574,1,0.0,0,0.0,0
TTCAGTACCGACTA-1,0,929,1.7334778,1.5291001,1,2.1075485,1,0.0,0,1.5291001,1,0.0,0,0.0,0,0.0,0,4.388363,1,1.5291001,1,0.0,0,3.1216657,1,0.0,0,2.1075485,1,2.4716582,1,2.1075485,1,0.0,0,0.0,0,1.5291001,1,0.0,0,0.0,0
TTCAGTACTCAAGC-1,0,1379,2.2605364,0.0,0,0.0,0,0.0,0,1.5754439,1,1.0703647,1,1.5754439,1,0.0,0,2.7930984,1,1.9094431,1,0.0,0,3.5139167,1,0.0,0,0.0,0,0.0,0,2.6682763,1,0.0,0,0.0,0,1.9094431,1,0.0,0,0.0,0
TTCAGTACTCCTAT-1,1,711,2.8648648,2.4690154,1,2.8458517,1,0.0,0,3.1189063,1,1.8571422,1,0.0,0,0.0,0,5.0261893,1,2.8458517,1,0.0,0,6.4511533,1,1.8571422,1,1.8571422,1,1.8571422,1,4.101973,1,0.0,0,1.8571422,1,3.9049711,1,2.4690154,1,4.0083156,1
TTCAGTTGCCAAGT-1,0,733,2.3964052,0.0,0,0.0,0,0.0,0,1.7909266,1,0.0,0,0.0,0,0.0,0,3.0435705,1,0.0,0,0.0,0,3.2571354,1,2.3969865,1,0.0,0,1.7909266,1,3.0435705,1,0.0,0,0.0,0,3.5825472,1,0.0,0,0.0,0
TTCAGTTGTCCTTA-1,5,752,0.8607595,1.8026757,1,2.409798,1,0.0,0,2.784861,1,0.0,0,1.8026757,1,1.8026757,1,4.0382047,1,1.8026757,1,0.0,0,4.407374,1,1.8026757,1,2.409798,1,2.409798,1,3.0569885,1,0.0,0,0.0,0,3.596243,1,1.8026757,1,4.0382047,1
TTCAGTTGTCTAGG-1,0,464,1.1639185,0.0,0,0.0,0,0.0,0,2.3701804,1,0.0,0,0.0,0,0.0,0,3.6837988,1,0.0,0,0.0,0,3.901904,1,0.0,0,0.0,0,0.0,0,2.3701804,1,0.0,0,0.0,0,2.3701804,1,0.0,0,0.0,0
TTCAGTTGTCTCGC-1,3,626,1.7694371,0.0,0,1.8512362,1,0.0,0,2.4626076,1,1.8512362,1,1.8512362,1,0.0,0,3.6525736,1,1.8512362,1,0.0,0,2.4626076,1,0.0,0,1.8512362,1,0.0,0,2.8392575,1,0.0,0,0.0,0,1.8512362,1,0.0,0,0.0,0
TTCATCGAGGTGGA-1,1,735,1.4629049,3.3008966,1,2.4384074,1,0.0,0,3.4770575,1,3.0869234,1,0.0,0,0.0,0,5.4424405,1,3.6267843,1,1.8289576,1,5.75144,1,2.8143408,1,1.8289576,1,2.8143408,1,3.4770575,1,0.0,0,1.8289576,1,4.23347,1,0.0,0,3.0869234,1
TTCATGTGTGGTGT-1,0,946,1.8512396,1.4602133,1,0.0,0,0.0,0,2.0299568,1,0.0,0,1.4602133,1,0.0,0,3.6210198,1,1.4602133,1,0.0,0,2.6551776,1,0.0,0,0.0,0,1.4602133,1,1.4602133,1,0.0,0,0.0,0,3.705799,1,0.0,0,0.0,0
TTCATTCTATGTCG-1,1,876,1.4476191,2.9981105,1,3.1720836,1,0.0,0,3.5634782,1,3.5634782,1,1.5705981,1,2.9981105,1,6.6321273,1,3.1720836,1,0.0,0,6.4570684,1,3.3202283,1,3.1720836,1,3.3202283,1,3.3202283,1,0.0,0,1.5705981,1,4.4404078,1,3.3202283,1,3.84405,1
TTCATTCTTCTCTA-1,0,647,3.8267877,0.0,0,0.0,0,0.0,0,0.0,0,0.0,0,1.7980369,1,0.0,0,1.7980369,1,1.7980369,1,1.7980369,1,2.779648,1,1.7980369,1,1.7980369,1,0.0,0,1.7980369,1,0.0,0,0.0,0,0.0,0,0.0,0,0.0,0
TTCCAAACCTATGG-1,1,536,1.229896,3.8802915,1,2.3502,1,2.3502,1,2.9944983,1,3.8802915,1,0.0,0,0.0,0,5.9415035,1,3.383135,1,0.0,0,5.8364353,1,2.3502,1,2.3502,1,2.3502,1,3.8802915,1,0.0,0,0.0,0,4.0591664,1,0.0,0,3.8802915,1
TTCCAAACCTCCCA-1,3,954,1.3206162,0.0,0,0.0,0,0.0,0,2.4866807,1,0.0,0,0.0,0,0.0,0,4.7754245,1,0.0,0,0.0,0,3.4141188,1,0.0,0,1.541966,1,0.0,0,3.2852771,1,0.0,0,0.0,0,0.0,0,0.0,0,0.0,0
TTCCAAACTCCCAC-1,2,486,1.6393442,0.0,0,2.611999,1,3.2677622,1,0.0,0,0.0,0,3.94168,1,0.0,0,2.611999,1,0.0,0,0.0,0,3.6604488,1,2.611999,1,0.0,0,0.0,0,0.0,0,0.0,0,0.0,0,0.0,0,0.0,0,0.0,0
TTCCAAACTTGACG-1,2,712,2.9751062,0.0,0,0.0,0,2.5759115,1,0.0,0,0.0,0,0.0,0,0.0,0,2.5759115,1,0.0,0,0.0,0,3.4454768,1,1.9560932,1,0.0,0,1.9560932,1,2.9556878,1,0.0,0,0.0,0,1.9560932,1,0.0,0,0.0,0
TTCCATGACGAGAG-1,1,786,3.2608695,1.861718,1,1.861718,1,1.861718,1,3.1240873,1,3.1240873,1,2.4739776,1,0.0,0,5.481182,1,4.2718234,1,2.4739776,1,5.3862886,1,3.3383965,1,3.1240873,1,3.5147848,1,2.4739776,1,0.0,0,1.861718,1,3.7950006,1,0.0,0,3.664676,1
TTCCATGACTGTCC-1,0,438,2.9523811,0.0,0,0.0,0,0.0,0,2.3553658,1,0.0,0,0.0,0,0.0,0,2.3553658,1,2.999922,1,0.0,0,0.0,0,0.0,0,0.0,0,0.0,0,3.6678586,1,0.0,0,0.0,0,0.0,0,0.0,0,0.0,0
TTCCCACTTGAGGG-1,2,807,2.3026316,0.0,0,2.6514962,1,2.0265174,1,0.0,0,2.0265174,1,3.033165,1,0.0,0,3.701936,1,0.0,0,0.0,0,3.8525555,1,2.0265174,1,0.0,0,2.0265174,1,3.033165,1,0.0,0,0.0,0,3.033165,1,0.0,0,2.0265174,1
TTCCCACTTGTCTT-1,1,1016,1.8020866,2.6146355,1,3.3840523,1,0.0,0,2.9954,1,3.3840523,1,0.0,0,1.992128,1,5.391004,1,3.1423798,1,1.992128,1,5.967079,1,2.6146355,1,1.992128,1,3.270499,1,3.5785384,1,1.4268504,1,2.3510587,1,3.6632206,1,0.0,0,4.257629,1
TTCCTAGAAAGTGA-1,0,551,0.38659793,0.0,0,0.0,0,0.0,0,0.0,0,0.0,0,2.007872,1,0.0,0,3.2880216,1,0.0,0,0.0,0,3.2880216,1,0.0,0,0.0,0,0.0,0,2.6315222,1,0.0,0,0.0,0,0.0,0,0.0,0,2.007872,1
TTCCTAGACTAGTG-1,4,841,1.2352033,3.6121418,1,4.1398273,1,3.0725694,1,4.218644,1,4.42352,1,3.2864094,1,2.4246843,1,5.5346427,1,4.1398273,1,3.0725694,1,6.071993,1,2.4246843,1,3.2864094,1,2.4246843,1,3.6121418,1,0.0,0,2.4246843,1,3.6121418,1,2.8002033,1,3.6121418,1
TTCGAGGACTCTAT-1,0,929,2.2942462,0.0,0,0.0,0,0.0,0,0.0,0,1.5356439,1,2.4793031,1,0.0,0,3.5204263,1,0.0,0,0.0,0,2.9560332,1,0.0,0,0.0,0,0.0,0,2.1148846,1,0.0,0,0.0,0,3.5204263,1,0.0,0,1.5356439,1
TTCGAGGAGGGCAA-1,0,757,1.6519824,1.8728182,1,0.0,0,0.0,0,1.8728182,1,1.8728182,1,0.0,0,0.0,0,3.1366427,1,1.8728182,1,0.0,0,3.1366427,1,1.8728182,1,0.0,0,1.8728182,1,2.4860075,1,0.0,0,0.0,0,0.0,0,0.0,0,0.0,0
TTCGAGGATAGAAG-1,4,971,2.6918879,2.9549975,1,3.2764783,1,1.5347866,1,3.714637,1,4.197593,1,3.2764783,1,2.478302,1,4.48151,1,2.478302,1,1.5347866,1,5.985941,1,3.6217604,1,2.7447896,1,2.113924,1,3.7996159,1,0.0,0,1.5347866,1,4.9103904,1,2.7447896,1,3.7996159,1
TTCGATTGAGCATC-1,0,708,1.5183246,0.0,0,0.0,0,0.0,0,1.830715,1,1.830715,1,2.8163085,1,0.0,0,2.8163085,1,2.4403179,1,0.0,0,3.3029127,1,0.0,0,0.0,0,0.0,0,2.8163085,1,0.0,0,0.0,0,2.8163085,1,1.830715,1,0.0,0
TTCGGAGAATGCCA-1,1,567,2.854744,3.2669528,1,3.5450587,1,0.0,0,2.2418184,1,3.5450587,1,2.2418184,1,2.2418184,1,4.443877,1,2.2418184,1,0.0,0,5.9606953,1,2.2418184,1,4.223667,1,2.8803697,1,3.5450587,1,2.2418184,1,2.2418184,1,4.0922256,1,2.2418184,1,4.223667,1
TTCGGAGATGTGCA-1,0,881,1.1608624,0.0,0,1.6385416,1,0.0,0,1.6385416,1,0.0,0,0.0,0,0.0,0,3.2537,1,0.0,0,0.0,0,3.0790749,1,0.0,0,0.0,0,0.0,0,0.0,0,0.0,0,0.0,0,1.6385416,1,0.0,0,0.0,0
TTCGTATGAAAAGC-1,2,801,1.6072326,0.0,0,0.0,0,1.7959383,1,0.0,0,0.0,0,2.7772887,1,0.0,0,3.2629168,1,0.0,0,0.0,0,3.4388385,1,1.7959383,1,0.0,0,0.0,0,3.2629168,1,0.0,0,0.0,0,3.5883927,1,0.0,0,0.0,0
TTCGTATGGATAGA-1,2,873,1.3111447,0.0,0,0.0,0,2.782014,1,0.0,0,0.0,0,3.0540965,1,0.0,0,2.782014,1,0.0,0,0.0,0,3.7233784,1,2.407036,1,0.0,0,1.8001418,1,0.0,0,0.0,0,0.0,0,2.782014,1,0.0,0,1.8001418,1
TTCGTATGGTCTGA-1,0,805,2.8786535,0.0,0,0.0,0,0.0,0,0.0,0,0.0,0,0.0,0,0.0,0,3.9071887,1,0.0,0,0.0,0,3.596243,1,1.6924223,1,1.6924223,1,1.6924223,1,1.6924223,1,0.0,0,0.0,0,1.6924223,1,0.0,0,0.0,0
TTCGTATGTCCTTA-1,1,1359,2.0009198,3.569941,1,2.9656715,1,1.1942153,1,3.077713,1,2.9656715,1,2.695019,1,1.7231117,1,5.5286565,1,2.3227668,1,2.0672297,1,5.7992086,1,2.9656715,1,3.077713,1,2.5261152,1,3.3538122,1,0.0,0,2.0672297,1,4.2812386,1,2.695019,1,3.8983357,1
TTCTACGAACGTAC-1,0,866,1.3231757,0.0,0,0.0,0,1.6116817,1,2.5675378,1,0.0,0,0.0,0,0.0,0,2.8358526,1,3.047193,1,0.0,0,3.3700032,1,0.0,0,0.0,0,1.6116817,1,0.0,0,0.0,0,0.0,0,1.6116817,1,0.0,0,1.6116817,1
TTCTACGAGTTGGT-1,0,945,1.2359984,1.5815518,1,0.0,0,0.0,0,0.0,0,0.0,0,2.1661913,1,0.0,0,3.3335419,1,1.5815518,1,0.0,0,3.3335419,1,2.5327032,1,0.0,0,1.5815518,1,2.1661913,1,0.0,0,0.0,0,3.5768988,1,1.5815518,1,0.0,0
TTCTAGTGACACGT-1,0,1068,1.0271703,0.0,0,0.0,0,0.0,0,1.4617386,1,0.0,0,2.3924584,1,0.0,0,2.6570241,1,1.4617386,1,0.0,0,3.038826,1,0.0,0,0.0,0,0.0,0,2.031682,1,0.0,0,0.0,0,2.6570241,1,0.0,0,0.0,0
TTCTAGTGCATGAC-1,1,819,3.5697057,2.7390177,1,2.3653584,1,0.0,0,3.2236497,1,3.0104094,1,1.7619747,1,1.7619747,1,5.3624783,1,4.227344,1,1.7619747,1,5.8250403,1,2.7390177,1,3.8966913,1,1.7619747,1,3.9901536,1,1.7619747,1,0.0,0,4.0756226,1,0.0,0,3.5486827,1
TTCTAGTGGAGAGC-1,2,815,2.8373265,0.0,0,1.9891268,1,3.2671552,1,0.0,0,0.0,0,3.659834,1,0.0,0,2.6114142,1,1.9891268,1,0.0,0,3.659834,1,0.0,0,0.0,0,0.0,0,3.2671552,1,0.0,0,0.0,0,3.2671552,1,0.0,0,2.6114142,1
TTCTAGTGGTCACA-1,4,1058,1.4830508,3.6849167,1,3.2471724,1,1.5109589,1,3.5921135,1,3.5921135,1,3.2471724,1,1.5109589,1,5.4852657,1,3.4898083,1,2.4504206,1,6.0002813,1,0.0,0,3.4898083,1,3.3758314,1,3.3758314,1,1.5109589,1,2.08718,1,3.3758314,1,2.4504206,1,4.491742,1
TTCTCAGAAGAGAT-1,0,845,1.6902695,1.7182144,1,0.0,0,0.0,0,0.0,0,0.0,0,2.317388,1,0.0,0,3.741735,1,0.0,0,0.0,0,2.960015,1,1.7182144,1,0.0,0,1.7182144,1,2.6894581,1,0.0,0,0.0,0,2.6894581,1,0.0,0,0.0,0
TTCTCAGAAGCATC-1,3,881,2.1225471,0.0,0,0.0,0,0.0,0,2.5660577,1,0.0,0,0.0,0,0.0,0,2.8343434,1,1.6103987,1,0.0,0,3.2200286,1,2.198292,1,1.6103987,1,0.0,0,2.198292,1,0.0,0,0.0,0,2.198292,1,0.0,0,0.0,0
TTCTCAGATGGAGG-1,0,1051,0.71888006,1.5657879,1,0.0,0,0.0,0,1.5657879,1,0.0,0,2.7816586,1,0.0,0,3.7530482,1,1.5657879,1,0.0,0,2.5144114,1,0.0,0,0.0,0,2.1486049,1,2.1486049,1,0.0,0,0.0,0,2.5144114,1,1.5657879,1,0.0,0
TTCTGATGGAGACG-1,2,1179,1.8898932,0.0,0,2.5896714,1,2.2210417,1,1.6308987,1,1.6308987,1,3.3931398,1,0.0,0,3.3931398,1,0.0,0,0.0,0,3.3931398,1,0.0,0,1.6308987,1,2.5896714,1,2.2210417,1,0.0,0,0.0,0,2.2210417,1,0.0,0,1.6308987,1
TTCTTACTCTGGAT-1,4,718,2.240092,3.9650733,1,3.8496585,1,2.5252688,1,3.7191634,1,3.7191634,1,3.8496585,1,2.5252688,1,5.0509605,1,3.7191634,1,0.0,0,5.740901,1,2.5252688,1,3.3923461,1,4.4001093,1,1.9091167,1,0.0,0,2.5252688,1,4.801474,1,2.5252688,1,3.7191634,1
TTGAACCTCCTTGC-1,3,657,1.489118,0.0,0,0.0,0,0.0,0,1.9066731,1,0.0,0,0.0,0,1.9066731,1,3.7163637,1,0.0,0,0.0,0,3.8468502,1,0.0,0,0.0,0,0.0,0,1.9066731,1,0.0,0,0.0,0,0.0,0,0.0,0,1.9066731,1
TTGAATGAACTACG-1,4,882,2.402796,3.979559,1,3.5833974,1,2.9176524,1,3.8009694,1,4.198957,1,3.8009694,1,2.2771552,1,6.0832353,1,2.9176524,1,2.2771552,1,6.000052,1,1.6816568,1,2.9176524,1,3.453827,1,4.131036,1,2.6478302,1,2.9176524,1,4.2625566,1,1.6816568,1,3.453827,1
TTGAATGACTTACT-1,0,709,1.6650809,0.0,0,0.0,0,0.0,0,1.7504815,1,0.0,0,1.7504815,1,0.0,0,2.352779,1,0.0,0,0.0,0,3.5351925,1,0.0,0,0.0,0,0.0,0,1.7504815,1,0.0,0,0.0,0,1.7504815,1,0.0,0,0.0,0
TTGAATGATCTCAT-1,3,754,1.7369727,0.0,0,0.0,0,0.0,0,1.7863632,1,0.0,0,1.7863632,1,0.0,0,3.038353,1,2.392007,1,0.0,0,3.5772207,1,0.0,0,0.0,0,0.0,0,2.766516,1,0.0,0,0.0,0,0.0,0,0.0,0,1.7863632,1
TTGACACTCTGTAG-1,0,735,1.3381369,1.8163433,1,0.0,0,0.0,0,1.8163433,1,0.0,0,2.8002033,1,0.0,0,3.0725694,1,0.0,0,0.0,0,3.0725694,1,0.0,0,0.0,0,1.8163433,1,2.8002033,1,0.0,0,0.0,0,1.8163433,1,0.0,0,0.0,0
TTGACACTGATAAG-1,3,603,2.661597,0.0,0,0.0,0,0.0,0,2.1529648,1,0.0,0,2.1529648,1,0.0,0,4.241228,1,2.1529648,1,0.0,0,3.1709893,1,0.0,0,0.0,0,0.0,0,2.7862883,1,0.0,0,0.0,0,0.0,0,0.0,0,0.0,0
TTGAGGACAGAACA-1,1,944,2.909337,2.885944,1,2.885944,1,0.0,0,2.0500371,1,3.2063441,1,0.0,0,2.4116442,1,4.323471,1,2.0500371,1,0.0,0,5.6768637,1,2.4116442,1,2.4116442,1,2.0500371,1,3.2063441,1,0.0,0,1.4779831,1,3.8790312,1,2.6766543,1,2.4116442,1
TTGAGGACTACGCA-1,5,1794,2.4432535,2.9917984,1,2.6111221,1,0.0,0,3.3803897,1,2.347629,1,1.9888545,1,0.0,0,4.380018,1,2.819466,1,0.94654435,1,4.135083,1,0.94654435,1,2.184246,1,2.184246,1,3.0679722,1,0.0,0,0.0,0,3.0679722,1,0.0,0,4.5766077,1
TTGAGGTGGACGGA-1,0,712,1.0442566,0.0,0,0.0,0,0.0,0,0.0,0,1.7871907,1,0.0,0,0.0,0,2.7674475,1,2.3929102,1,0.0,0,3.0392992,1,1.7871907,1,0.0,0,0.0,0,2.3929102,1,0.0,0,0.0,0,0.0,0,0.0,0,0.0,0
TTGCATTGAGCTAC-1,2,721,1.7579106,0.0,0,0.0,0,0.0,0,1.7959383,1,0.0,0,1.7959383,1,0.0,0,1.7959383,1,0.0,0,0.0,0,2.4024532,1,0.0,0,0.0,0,1.7959383,1,2.7772887,1,0.0,0,0.0,0,3.0492969,1,0.0,0,0.0,0
TTGCATTGCTAAGC-1,1,1097,4.9876847,2.5900514,1,2.9701931,1,0.0,0,2.9701931,1,3.5527377,1,0.0,0,1.4067374,1,5.4607706,1,3.1169891,1,0.0,0,5.7441053,1,2.3270671,1,3.8552241,1,3.244969,1,4.0340114,1,1.4067374,1,1.4067374,1,3.8552241,1,1.4067374,1,4.18563,1
TTGCATTGTGACTG-1,0,813,1.7206063,0.0,0,1.6295782,1,1.6295782,1,0.0,0,0.0,0,2.219578,1,0.0,0,2.5881526,1,1.6295782,1,0.0,0,3.5208685,1,0.0,0,1.6295782,1,1.6295782,1,2.219578,1,0.0,0,0.0,0,3.0684536,1,2.5881526,1,0.0,0
TTGCTAACACCAAC-1,2,788,2.134305,0.0,0,0.0,0,0.0,0,2.8118873,1,0.0,0,2.8118873,1,0.0,0,3.6242435,1,2.4360251,1,0.0,0,3.474528,1,1.8267668,1,0.0,0,0.0,0,1.8267668,1,0.0,0,0.0,0,3.0844324,1,0.0,0,0.0,0
TTGCTAACACGCTA-1,4,917,1.9798137,4.262078,1,3.942061,1,1.5864792,1,4.205748,1,3.942061,1,3.1912613,1,3.3395205,1,5.882094,1,2.5384111,1,2.1716821,1,6.5792584,1,3.0171301,1,2.5384111,1,3.0171301,1,3.8636343,1,1.5864792,1,1.5864792,1,4.5462303,1,0.0,0,4.0147815,1
TTGCTAACCACTCC-1,0,656,2.2645392,0.0,0,0.0,0,0.0,0,0.0,0,1.817638,1,0.0,0,0.0,0,2.4260936,1,1.817638,1,0.0,0,3.7438028,1,0.0,0,1.817638,1,0.0,0,0.0,0,0.0,0,0.0,0,2.4260936,1,0.0,0,0.0,0
TTGCTATGGTACGT-1,1,1104,2.0585396,3.5943637,1,3.5017977,1,1.4392433,1,3.897164,1,2.8383482,1,0.0,0,1.4392433,1,5.234393,1,3.6790826,1,1.4392433,1,5.476862,1,3.5017977,1,3.2861617,1,2.6297293,1,3.6790826,1,0.0,0,2.6297293,1,4.22782,1,2.0061994,1,3.9604332,1
TTGCTATGGTAGGG-1,4,1268,2.4075162,3.8712745,1,4.138236,1,3.5060055,1,3.7407146,1,3.3119829,1,3.5060055,1,1.370602,1,6.1856403,1,2.7529345,1,2.7529345,1,5.4258504,1,2.9245758,1,2.9245758,1,2.2837245,1,3.7407146,1,2.2837245,1,2.5456004,1,4.8233757,1,2.5456004,1,2.5456004,1
TTGGAGACCAATCG-1,0,1239,1.1761882,1.7583878,1,0.0,0,0.0,0,0.0,0,0.0,0,1.2242274,1,0.0,0,3.6743898,1,1.7583878,1,1.2242274,1,3.0062912,1,2.1046963,1,0.0,0,2.5655403,1,1.2242274,1,0.0,0,0.0,0,3.3111598,1,0.0,0,0.0,0
TTGGAGACGCTATG-1,1,862,2.4042075,2.9848163,1,2.5071347,1,0.0,0,3.1586776,1,2.1416118,1,1.5595276,1,0.0,0,5.317409,1,3.4356823,1,2.1416118,1,5.848185,1,2.774231,1,2.774231,1,2.9848163,1,3.5498807,1,1.5595276,1,2.1416118,1,4.2818594,1,2.5071347,1,3.3067408,1
TTGGAGACTATGGC-1,3,739,2.866779,1.8907442,1,0.0,0,0.0,0,3.1568809,1,0.0,0,2.5054111,1,0.0,0,2.883285,1,2.883285,1,0.0,0,3.698089,1,0.0,0,2.5054111,1,0.0,0,3.1568809,1,0.0,0,0.0,0,1.8907442,1,1.8907442,1,0.0,0
TTGGGAACTGAACC-1,0,858,2.111614,0.0,0,0.0,0,0.0,0,2.5109386,1,1.5627993,1,1.5627993,1,0.0,0,2.9887483,1,0.0,0,0.0,0,2.9887483,1,0.0,0,1.5627993,1,0.0,0,2.5109386,1,0.0,0,0.0,0,0.0,0,0.0,0,0.0,0
TTGGTACTACTGGT-1,1,1066,2.8457773,3.2387686,1,3.2387686,1,0.0,0,3.5464704,1,3.70908,1,2.7920196,1,2.5840843,1,5.2355375,1,3.1108232,1,2.5840843,1,6.1776485,1,3.2387686,1,1.9636903,1,3.2387686,1,4.0276732,1,0.0,0,1.4018692,1,4.497817,1,2.7920196,1,4.0808024,1
TTGGTACTCTTAGG-1,0,752,1.7418033,0.0,0,1.4856045,1,0.0,0,0.0,0,0.0,0,2.4206264,1,0.0,0,3.458167,1,0.0,0,0.0,0,3.3443124,1,0.0,0,0.0,0,1.4856045,1,3.458167,1,0.0,0,0.0,0,2.0586352,1,0.0,0,0.0,0
TTGGTACTGAATCC-1,3,615,2.5336926,0.0,0,0.0,0,0.0,0,1.8548651,1,0.0,0,0.0,0,0.0,0,3.3305666,1,0.0,0,0.0,0,4.184947,1,0.0,0,2.466545,1,0.0,0,2.466545,1,1.8548651,1,0.0,0,0.0,0,0.0,0,0.0,0
TTGGTACTGGATTC-1,3,721,1.9118428,1.8422426,1,0.0,0,0.0,0,0.0,0,0.0,0,0.0,0,0.0,0,1.8422426,1,1.8422426,1,0.0,0,3.6421735,1,1.8422426,1,0.0,0,0.0,0,2.8292067,1,0.0,0,0.0,0,1.8422426,1,0.0,0,0.0,0
TTGTACACGTTGTG-1,3,571,3.7735848,0.0,0,0.0,0,0.0,0,0.0,0,0.0,0,0.0,0,0.0,0,3.021948,1,2.016291,1,0.0,0,3.513099,1,2.016291,1,2.6405444,1,0.0,0,3.513099,1,0.0,0,0.0,0,2.016291,1,0.0,0,0.0,0
TTGTACACTTGCAG-1,0,861,1.3716815,0.0,0,0.0,0,0.0,0,1.6916993,1,1.6916993,1,2.6592867,1,0.0,0,3.4657636,1,0.0,0,0.0,0,3.8130195,1,1.6916993,1,0.0,0,0.0,0,3.1417136,1,0.0,0,0.0,0,3.4657636,1,1.6916993,1,0.0,0
TTGTAGCTAGCTCA-1,0,933,2.2231045,0.0,0,0.0,0,0.0,0,2.5586953,1,0.0,0,2.5586953,1,0.0,0,3.3607533,1,0.0,0,0.0,0,2.8268363,1,0.0,0,0.0,0,0.0,0,1.60402,1,0.0,0,0.0,0,2.5586953,1,2.5586953,1,0.0,0
TTGTAGCTCTCTTA-1,3,807,2.6217227,0.0,0,0.0,0,0.0,0,0.0,0,0.0,0,0.0,0,0.0,0,3.1958191,1,0.0,0,0.0,0,3.765246,1,1.7380133,1,2.7119164,1,0.0,0,3.1958191,1,0.0,0,2.3391168,1,0.0,0,0.0,0,0.0,0
TTGTCATGGACGGA-1,2,1082,1.8365473,0.0,0,2.6937325,1,2.6937325,1,1.7219784,1,0.0,0,3.1771343,1,0.0,0,2.3215222,1,0.0,0,0.0,0,3.3524806,1,0.0,0,0.0,0,1.7219784,1,2.6937325,1,0.0,0,0.0,0,3.1771343,1,1.7219784,1,0.0,0
TTTAGAGATCCTCG-1,3,820,1.354784,0.0,0,0.0,0,0.0,0,2.2478545,1,0.0,0,1.6551185,1,0.0,0,3.0986724,1,1.6551185,1,0.0,0,3.5516155,1,0.0,0,1.6551185,1,0.0,0,2.2478545,1,0.0,0,0.0,0,1.6551185,1,0.0,0,0.0,0
TTTAGCTGATACCG-1,0,887,2.2859216,0.0,0,1.5327905,1,0.0,0,0.0,0,1.5327905,1,0.0,0,0.0,0,3.5168965,1,1.5327905,1,0.0,0,3.402818,1,1.5327905,1,0.0,0,0.0,0,2.7424083,1,0.0,0,0.0,0,0.0,0,0.0,0,0.0,0
TTTAGCTGGATACC-1,1,850,1.1002445,2.5821044,1,3.236711,1,0.0,0,3.3852327,1,2.5821044,1,1.6243225,1,2.5821044,1,5.452213,1,3.3852327,1,2.2137494,1,6.2026825,1,2.2137494,1,3.0622172,1,3.236711,1,3.5145214,1,0.0,0,0.0,0,4.846738,1,1.6243225,1,3.6289918,1
TTTAGCTGTACTCT-1,5,1567,2.1134202,2.0860982,1,1.8389726,1,0.0,0,3.0153844,1,1.8389726,1,1.8389726,1,1.0164464,1,4.1933484,1,3.3746386,1,1.8389726,1,4.408114,1,2.449292,1,2.2840939,1,1.8389726,1,2.9249651,1,0.0,0,0.0,0,3.1748674,1,1.8389726,1,3.2459853,1
TTTAGGCTCCTTTA-1,1,803,2.3185484,2.4065766,1,0.0,0,0.0,0,1.7997203,1,3.5928004,1,1.7997203,1,0.0,0,5.2876115,1,3.7228856,1,2.4065766,1,5.8414,1,2.4065766,1,2.7815402,1,3.2672765,1,4.199056,1,0.0,0,2.4065766,1,4.1202636,1,1.7997203,1,4.0347276,1
TTTATCCTGTTGTG-1,4,1156,1.3043478,3.963561,1,3.6649406,1,1.3132209,1,3.5928004,1,3.6649406,1,3.3386586,1,3.3386586,1,5.492706,1,3.9105487,1,1.8619475,1,6.2593536,1,3.4307377,1,2.851214,1,3.2372332,1,3.963561,1,1.3132209,1,2.2142334,1,4.2720914,1,2.851214,1,4.1932106,1
TTTCACGAGGTTCA-1,0,721,1.3254787,0.0,0,0.0,0,2.3816903,1,0.0,0,1.7769151,1,0.0,0,0.0,0,1.7769151,1,0.0,0,0.0,0,3.5661788,1,0.0,0,0.0,0,0.0,0,2.7558732,1,0.0,0,0.0,0,0.0,0,0.0,0,0.0,0
TTTCAGTGGAAGGC-1,2,692,1.5160022,0.0,0,0.0,0,0.0,0,1.8897898,1,0.0,0,2.5043788,1,0.0,0,1.8897898,1,0.0,0,0.0,0,3.5469663,1,0.0,0,0.0,0,2.5043788,1,0.0,0,0.0,0,0.0,0,2.5043788,1,0.0,0,0.0,0
TTTCAGTGTCACGA-1,3,700,3.4271724,0.0,0,0.0,0,0.0,0,0.0,0,0.0,0,1.9639536,1,0.0,0,3.912415,1,1.9639536,1,1.9639536,1,3.4543355,1,0.0,0,0.0,0,0.0,0,2.964363,1,0.0,0,0.0,0,1.9639536,1,0.0,0,0.0,0
TTTCAGTGTCTATC-1,1,458,2.4546423,3.9956615,1,3.4970248,1,0.0,0,3.1065898,1,3.4970248,1,3.4970248,1,0.0,0,6.219796,1,0.0,0,2.4572234,1,6.61749,1,2.4572234,1,3.9956615,1,2.4572234,1,4.575239,1,0.0,0,2.4572234,1,4.458743,1,0.0,0,4.458743,1
TTTCAGTGTGCAGT-1,3,637,1.8910742,0.0,0,0.0,0,0.0,0,2.1482704,1,0.0,0,0.0,0,0.0,0,3.8377333,1,0.0,0,0.0,0,2.7813034,1,0.0,0,0.0,0,0.0,0,3.659711,1,0.0,0,0.0,0,0.0,0,0.0,0,0.0,0
TTTCCAGAGGTGAG-1,0,873,0.68587106,0.0,0,0.0,0,0.0,0,3.1723027,1,0.0,0,1.717839,1,1.717839,1,3.4967294,1,0.0,0,0.0,0,3.6264663,1,5.456159,1,0.0,0,0.0,0,1.717839,1,0.0,0,0.0,0,3.9376364,1,1.717839,1,2.3169758,1
TTTCGAACACCTGA-1,5,1544,1.3004484,0.0,0,3.2461548,1,1.1770133,1,1.1770133,1,0.0,0,1.7028077,1,0.0,0,3.9632366,1,2.6719403,1,0.0,0,3.6676397,1,2.9421918,1,1.1770133,1,1.7028077,1,4.0050044,1,0.0,0,2.045627,1,2.045627,1,0.0,0,3.2461548,1
TTTCGAACTCTCAT-1,1,1155,2.109217,2.2693412,1,1.9142747,1,0.0,0,3.055748,1,3.2965434,1,1.3586684,1,3.398196,1,4.807477,1,2.9094145,1,1.9142747,1,5.5428653,1,2.5308385,1,3.055748,1,2.2693412,1,2.5308385,1,0.0,0,2.2693412,1,4.024086,1,0.0,0,4.406088,1
TTTCTACTGAGGCA-1,3,1227,0.9283435,0.0,0,0.0,0,0.0,0,1.3621154,1,0.0,0,1.9182287,1,0.0,0,2.5351067,1,1.9182287,1,0.0,0,3.4949572,1,1.3621154,1,0.0,0,0.0,0,3.1878207,1,1.3621154,1,0.0,0,1.9182287,1,1.3621154,1,1.3621154,1
TTTCTACTTCCTCG-1,3,622,2.1971495,0.0,0,0.0,0,0.0,0,0.0,0,0.0,0,0.0,0,0.0,0,4.100698,1,1.9370484,1,1.9370484,1,4.100698,1,2.5554028,1,2.93464,1,1.9370484,1,2.5554028,1,0.0,0,0.0,0,0.0,0,0.0,0,0.0,0
TTTGCATGAGAGGC-1,3,454,2.0507812,0.0,0,0.0,0,0.0,0,0.0,0,0.0,0,2.3781319,1,0.0,0,3.692347,1,0.0,0,0.0,0,3.9104955,1,0.0,0,2.3781319,1,2.3781319,1,2.3781319,1,0.0,0,0.0,0,0.0,0,0.0,0,0.0,0
TTTGCATGCCTCAC-1,0,724,0.80604535,0.0,0,0.0,0,0.0,0,0.0,0,0.0,0,0.0,0,1.7984574,1,3.4417613,1,0.0,0,0.0,0,4.033241,1,0.0,0,2.4051998,1,0.0,0,5.3832736,1,0.0,0,0.0,0,3.0521736,1,0.0,0,1.7984574,1
